d,close,sma200,rvol20,spy_fwd_5d,spy_fwd_10d,regime
2016-06-01,210.27,210.27,,0.00998715936652883,-0.01198459123983453,R4_down_vol
2016-06-02,210.91,210.59,,0.005547389881940257,-0.012043051538570881,R4_down_vol
2016-06-03,210.28,210.48666666666668,0.06769342109207091,-0.0009986684420772995,-0.01788092067719227,R3_down_calm
2016-06-06,211.35,210.70250000000001,0.06659514871172707,-0.013725100544121127,-0.016560208185474323,R1_up_calm
2016-06-07,211.68,210.898,0.05438731845601611,-0.01719576719576732,-0.015306122448979664,R1_up_calm
2016-06-08,212.37,211.14333333333335,0.04842380022825925,-0.02175448509676514,-0.020106418043979946,R1_up_calm
2016-06-09,212.08,211.27714285714288,0.048459903333988565,-0.017493398717465136,-0.005988306299509638,R1_up_calm
2016-06-10,210.07,211.12625,0.07921152433145746,-0.01689912886180789,-0.03303660684533727,R3_down_calm
2016-06-13,208.4492,210.8288,0.08486520888984866,-0.002874561283996324,-0.04245254959001998,R3_down_calm
2016-06-14,208.04,210.54992000000001,0.0795199275822105,0.001922707171697846,-0.023266198807921468,R3_down_calm
2016-06-15,207.75,210.29538181818182,0.07497953646865568,0.001684717208182862,-0.00524669073405537,R3_down_calm
2016-06-16,208.37,210.13493333333335,0.07389918689225725,0.011709939050727147,0.005303066660267808,R3_down_calm
2016-06-17,206.52,209.85686153846154,0.07962425354131289,-0.016414875072632285,0.016467170249854668,R3_down_calm
2016-06-20,207.85,209.7135142857143,0.08382903681275262,-0.03969208563868176,0.002694250661534836,R3_down_calm
2016-06-21,208.44,209.62861333333333,0.0820762297011382,-0.025140568029168975,0.005853003262329626,R3_down_calm
2016-06-22,208.1,209.533075,0.0791985007348627,-0.006919750120134571,0.006852474771744443,R3_down_calm
2016-06-23,210.81,209.6081882352941,0.09370310163659877,-0.006332716664294913,0.00872823869835404,R1_up_calm
2016-06-24,203.13,209.24828888888888,0.16977545280616485,0.03343080785703756,0.05055875547678834,R3_down_calm
2016-06-27,199.6,208.74048421052632,0.17461705521564674,0.044138276553106204,0.07690380761523041,R3_down_calm
2016-06-28,203.1997,208.463445,0.1857879689030134,0.031792861898910285,0.057678726887884,R3_down_calm
2016-06-29,206.66,208.37756666666667,0.19261336634348464,0.013868189296428968,0.04577567018290907,R3_down_calm
2016-06-30,209.475,208.42745000000002,0.1989300228743601,0.015156939968970162,0.03033774913474163,R1_up_calm
2016-07-01,209.9208,208.49237826086957,0.19885515591545505,0.01657386976421571,0.0309087998902442,R1_up_calm
2016-07-05,208.41,208.48894583333333,0.19941281495237503,0.031380451993666236,0.03733026246341353,R3_down_calm
2016-07-06,209.66,208.535788,0.2006903684958963,0.025088238099780558,0.0354144805876182,R2_up_vol
2016-07-07,209.526,208.57387307692306,0.20020491447283864,0.03147103462100165,0.032163072840601936,R2_up_vol
2016-07-08,212.65,208.72484074074072,0.20755260618956023,0.014954150011756484,0.021584763696214537,R2_up_vol
2016-07-11,213.4,208.89181071428567,0.20464722901112994,0.014101218369259483,0.01522961574507975,R2_up_vol
2016-07-12,214.95,209.1007137931034,0.20326849002112432,0.0057687834380089065,0.008374040474528943,R2_up_vol
2016-07-13,214.92,209.29468999999997,0.20295458628002547,0.010073515726782167,0.007444630560208498,R2_up_vol
2016-07-14,216.12,209.51486129032253,0.20308452631982016,0.0006709235609845265,0.0030075883768276857,R2_up_vol
2016-07-15,215.83,209.712209375,0.20338024478720462,0.006532919427327144,0.00597692628457569,R2_up_vol
2016-07-18,216.4092,209.9151484848485,0.1994332797727989,0.0011127068534979578,0.0024527607883584324,R1_up_calm
2016-07-19,216.19,210.09970294117645,0.19916115803433226,0.0025903140755816345,-0.002964059392201235,R1_up_calm
2016-07-20,217.085,210.29928285714283,0.19928922765237406,-0.0026026671580255956,-0.004168873943386275,R1_up_calm
2016-07-21,216.265,210.46499722222222,0.19995930790108374,0.00233509814348154,0.0006690865373499832,R1_up_calm
2016-07-22,217.24,210.64810540540537,0.19599835546719574,-0.0005523844595839433,0.004327011600073538,R1_up_calm
2016-07-25,216.65,210.80604999999997,0.1345070110812834,0.0013385645049619477,0.00646203554119551,R1_up_calm
2016-07-26,216.75,210.95845897435896,0.11075396046796063,-0.005540023068050681,0.006597462514417618,R1_up_calm
2016-07-27,216.52,211.0974975,0.09938073719951494,-0.001570293737299111,0.005172732311102823,R1_up_calm
2016-07-28,216.77,211.23585121951223,0.08528306731391191,-0.0016621303685935285,0.008672786824745149,R1_up_calm
2016-07-29,217.12,211.37595000000005,0.07443547741376622,0.004882092851879127,0.006171702284450964,R1_up_calm
2016-08-01,216.94,211.50534651162795,0.07499687829644673,0.0051166221074951945,0.009910574352355539,R1_up_calm
2016-08-02,215.5492,211.5972522727273,0.07379883800616442,0.012205102129815293,0.011184453479762269,R1_up_calm
2016-08-03,216.18,211.69909111111116,0.07221942034927414,0.006753631233231472,0.010130446849847319,R1_up_calm
2016-08-04,216.4097,211.80149565217397,0.07179247316739121,0.010352123772640498,0.011322505414498751,R1_up_calm
2016-08-05,218.18,211.93720851063836,0.058183261680589175,0.001283344027867006,0.0016500137501145318,R1_up_calm
2016-08-08,218.05,212.06455833333334,0.0579183692572616,0.00476954826874576,0.00220132997019018,R1_up_calm
2016-08-09,218.18,212.18936326530613,0.0531526466923916,-0.0010083417361811398,0.003620863507195926,R1_up_calm
2016-08-10,217.64,212.298376,0.05430494686093998,0.0033541628377138366,0.0009648961587944704,R1_up_calm
2016-08-11,218.65,212.4229176470588,0.05326557110518175,0.0009604390578550337,-0.004344843356963279,R1_up_calm
2016-08-12,218.46,212.53901538461534,0.05306482427972726,0.00036619976197016513,-0.005355671518813554,R1_up_calm
2016-08-15,219.09,212.6626188679245,0.05317297477776668,-0.0025560272034323983,-0.003328312565612279,R1_up_calm
2016-08-16,217.96,212.76071851851847,0.05678753035594477,0.0046338777757386485,0.0001835199119104569,R1_up_calm
2016-08-17,218.37,212.86270545454542,0.05537403667474533,-0.0023812794797820613,-0.004533589778815794,R1_up_calm
2016-08-18,218.86,212.9698,0.0535883222360241,-0.005300191903500062,-0.0067166224984008815,R1_up_calm
2016-08-19,218.54,213.06752280701755,0.051985366715765514,-0.005719776699917634,-0.000777889631188744,R1_up_calm
2016-08-22,218.53,213.16170344827586,0.05077903261444351,-0.0007742644030567236,0.0022916762000639856,R1_up_calm
2016-08-23,218.97,213.26014915254237,0.0510880747991636,-0.004429830570397808,0.00018267342558342392,R1_up_calm
2016-08-24,217.85,213.33664666666667,0.05466080746272772,-0.0021574477851732388,0.003029607528115763,R1_up_calm
2016-08-25,217.7,213.40817704918035,0.05467311751797327,-0.0014239779513091078,-0.02030316949931088,R1_up_calm
2016-08-26,217.29,213.47078709677422,0.05489543427263234,0.00497031616733401,-0.00437203736941405,R1_up_calm
2016-08-29,218.3608,213.54840634920637,0.05741991791666064,0.003068316291202411,-0.023496891383435248,R1_up_calm
2016-08-30,218.0,213.61796249999998,0.052231871804619016,0.0046330275229358175,-0.022247706422018343,R1_up_calm
2016-08-31,217.38,213.67583999999997,0.052791495128575464,0.005198270310056152,-0.009660502346121924,R1_up_calm
2016-09-01,217.39,213.7321151515151,0.052714197486364515,-0.018906113436680583,-0.018492110952665675,R1_up_calm
2016-09-02,218.37,213.8013373134328,0.046688606635925584,-0.009296148738379806,-0.022713742730228526,R1_up_calm
2016-09-06,219.0308,213.87824117647057,0.047784351058429125,-0.026483946549982984,-0.025616488639953916,R1_up_calm
2016-09-07,219.01,213.9526144927536,0.047776026555404555,-0.026756769097301403,-0.014565544952285236,R1_up_calm
2016-09-08,218.51,214.01771999999997,0.047638154421165084,-0.014781932177017065,-0.0060866779552422035,R1_up_calm
2016-09-09,213.28,214.0073295774648,0.09679701715819829,0.0004219804951237638,0.012706301575393875,R3_down_calm
2016-09-12,216.34,214.03972777777778,0.11134692922892565,-0.013543496348340622,-0.009706942775261185,R1_up_calm
2016-09-13,213.23,214.02863561643835,0.12101494858009196,0.0008910566055433389,0.010974065563007063,R3_down_calm
2016-09-14,213.15,214.01676216216214,0.12020410712169588,0.012526389866291288,0.016373445930096153,R3_down_calm
2016-09-15,215.28,214.03360533333333,0.12613115655815385,0.008825715347454466,-0.00278706800445927,R1_up_calm
2016-09-16,213.37,214.02487368421052,0.12885062360909671,0.0122791395228945,0.013732014809954673,R3_down_calm
2016-09-19,213.41,214.01688831168832,0.12895101505342452,0.0038892273089359275,0.011105384002624064,R3_down_calm
2016-09-20,213.42,214.00923589743587,0.12896231167468977,0.010074032424327584,0.005903851560303819,R3_down_calm
2016-09-21,215.82,214.03215696202528,0.1358978982372562,0.0037994625150588046,-0.000880363265684303,R1_up_calm
2016-09-22,217.18,214.07150499999997,0.13702476635022082,-0.011511188875587108,-0.006446265770328807,R1_up_calm
2016-09-23,215.99,214.0951901234568,0.1383290982888072,0.0014352516320199626,-0.004398351775545262,R1_up_calm
2016-09-26,214.24,214.096956097561,0.14097628279760432,0.007188200149365054,0.008961911874533213,R1_up_calm
2016-09-27,215.57,214.11470361445785,0.14172009099699848,-0.004128589321334086,-0.0099271698288258,R1_up_calm
2016-09-28,216.64,214.14476666666667,0.14302873707695193,-0.004662112259970375,-0.013524741506646842,R1_up_calm
2016-09-29,214.68,214.15106352941177,0.1461764252729417,0.005123905347493851,-0.007779019936649978,R1_up_calm
2016-09-30,216.3,214.1760511627907,0.14900990140148537,-0.005825242718446644,-0.01470180305131763,R1_up_calm
2016-10-03,215.78,214.19448735632182,0.14810405459206868,0.001761052924274642,-0.015756789322458054,R1_up_calm
2016-10-04,214.68,214.20000454545453,0.1482822175262833,-0.0058226197130613055,-0.004518352897335598,R1_up_calm
2016-10-05,215.63,214.21607191011236,0.149507892596021,-0.00890414135324391,-0.006260724388999606,R1_up_calm
2016-10-06,215.78,214.2334488888889,0.14948357097902534,-0.012837148948002697,-0.008805264621373654,R1_up_calm
2016-10-07,215.04,214.2423120879121,0.12156401155046558,-0.008928571428571397,-0.004929315476190466,R1_up_calm
2016-10-10,216.16,214.26315652173912,0.11175219322281521,-0.017487046632124303,-0.005875277572168769,R1_up_calm
2016-10-11,213.43,214.25419784946237,0.10885847937183711,0.0013119055428010284,0.0034671789345452897,R3_down_calm
2016-10-12,213.71,214.24840851063828,0.10893629139232307,0.0026671657854100417,0.00014037714660064537,R3_down_calm
2016-10-13,213.01,214.2353726315789,0.10309506335795605,0.004084315290362017,0.000751138444204491,R3_down_calm
2016-10-14,213.12,214.22375416666662,0.09824653257322154,0.004035285285285184,-0.002721471471471504,R3_down_calm
2016-10-17,212.38,214.20474639175256,0.09898366553355746,0.01181843864770693,0.0008004520199642595,R3_down_calm
2016-10-18,213.71,214.19969795918365,0.10163139864978157,0.0021524495812081934,-0.012633943194048092,R3_down_calm
2016-10-19,214.28,214.20050909090904,0.09344340268602826,-0.0025200672017919867,-0.021187231659510863,R1_up_calm
2016-10-20,213.88,214.19730399999997,0.09018391092734378,-0.003319618477651054,-0.023845146811296014,R3_down_calm
2016-10-21,213.98,214.19515247524748,0.08850504765730705,-0.006729600897280141,-0.025376203383493667,R3_down_calm
2016-10-24,214.89,214.20196470588232,0.08512404703082821,-0.010889292196007094,-0.0080971659919028,R1_up_calm
2016-10-25,214.17,214.20165436893197,0.08285792615576631,-0.01475463416911793,-0.0002801512816920093,R3_down_calm
2016-10-26,213.74,214.19721538461533,0.08063228779756859,-0.018714325816412414,0.012347712173668812,R3_down_calm
2016-10-27,213.17,214.18743238095232,0.07475299892896173,-0.020593892198714547,0.017591593563822228,R3_down_calm
2016-10-28,212.54,214.1718905660377,0.06916439035174025,-0.0187729368589441,0.01825538722122899,R3_down_calm
2016-10-31,212.55,214.15673271028032,0.0689926472938234,0.0028228652081863093,0.019007292401787668,R3_down_calm
2016-11-01,211.01,214.12759629629622,0.07119376479553982,0.014691246860338403,0.034453343443438644,R3_down_calm
2016-11-02,209.74,214.087343119266,0.07058215481729173,0.03165442929341089,0.03876227710498714,R3_down_calm
2016-11-03,208.78,214.03909454545447,0.07100702035400017,0.03898840885142252,0.04890315164287773,R3_down_calm
2016-11-04,208.55,213.98964324324317,0.0707108569996402,0.03773675377607266,0.0477103812035482,R3_down_calm
2016-11-07,213.15,213.9821464285714,0.10699391980952254,0.016138869340839745,0.03284072249589487,R3_down_calm
2016-11-08,214.11,213.98327787610617,0.0984715773331871,0.01947597029564241,0.03021811218532533,R1_up_calm
2016-11-09,216.3792,214.00429473684207,0.10513098027848782,0.006889756501549105,0.019968647633413994,R1_up_calm
2016-11-10,216.92,214.02964869565213,0.10428405041337434,0.009542688548773937,0.021205974552830575,R1_up_calm
2016-11-11,216.42,214.05025517241373,0.10490518172763694,0.009610941687459684,0.018759818870714318,R1_up_calm
2016-11-14,216.59,214.07196239316235,0.10370086979768177,0.01643658525324354,0.019945519183711236,R1_up_calm
2016-11-15,218.28,214.1076237288135,0.10486580403169939,0.010536925050393942,0.00962067069818584,R1_up_calm
2016-11-16,217.87,214.13924033613438,0.10518287792190457,0.012989397347041631,0.007802818194335925,R1_up_calm
2016-11-17,218.99,214.17966333333328,0.10573180827306634,0.011553038951550354,0.0031508288049681976,R1_up_calm
2016-11-18,218.5,214.21536859504127,0.10640862300079265,0.009061784897025138,0.011441647597254079,R1_up_calm
2016-11-21,220.15,214.26401311475405,0.1083353315357052,0.003452191687485673,0.007040654099477628,R1_up_calm
2016-11-22,220.58,214.315362601626,0.10699876661589314,-0.0009067005168194031,0.018224680388067682,R1_up_calm
2016-11-23,220.7,214.3668516129032,0.10627737617087094,-0.005120072496601735,0.020163117353874105,R1_up_calm
2016-11-25,221.52,214.4240768,0.10528355506374999,-0.008306247742867479,0.02252618273745033,R1_up_calm
2016-11-28,220.48,214.47213968253965,0.10653224598603239,0.002358490566037874,0.026170174165457194,R1_up_calm
2016-11-29,220.91,214.52283149606296,0.10632286620483022,0.003576116970712029,0.031008102847313257,R1_up_calm
2016-11-30,220.38,214.56859062499998,0.10205320474906591,0.019148743080134256,0.024956892639985462,R1_up_calm
2016-12-01,219.57,214.60736124031007,0.09985975112112516,0.02541330782893847,0.03297353919023549,R1_up_calm
2016-12-02,219.68,214.64638153846153,0.09679810246716487,0.031090677348871054,0.02439912600145666,R1_up_calm
2016-12-05,221.0,214.69488244274808,0.0965279214323074,0.0237556561085972,0.020497737556561146,R1_up_calm
2016-12-06,221.7,214.7479515151515,0.06588588799565272,0.02733423545331526,0.021199819576003698,R1_up_calm
2016-12-07,224.6,214.82202706766915,0.07630040403992176,0.0056990204808549105,0.005209260908281443,R1_up_calm
2016-12-08,225.15,214.8991014925373,0.06997953507818294,0.007372862536086933,0.001021541194758946,R1_up_calm
2016-12-09,226.51,214.98510814814813,0.07142439624518725,-0.006489779700675435,-0.003531852898326693,R1_up_calm
2016-12-12,226.25,215.0679382352941,0.0705755624028742,-0.0031823204419889617,8.839779005520576e-05,R1_up_calm
2016-12-13,227.76,215.16058102189777,0.07204953602251776,-0.005971197752019597,-0.01475237091675441,R1_up_calm
2016-12-14,225.88,215.23825797101446,0.07874772177785823,-0.00048698423941906377,-0.006773508057375643,R1_up_calm
2016-12-15,226.81,215.32150791366905,0.07799096592726264,-0.006304836647414214,-0.014461443498963944,R1_up_calm
2016-12-16,225.04,215.39092571428571,0.08442688130936984,0.00297724848915748,0.000888730892285805,R1_up_calm
2016-12-19,225.53,215.46283404255317,0.08337614212451541,0.0032811599343769426,0.004655699906886079,R1_up_calm
2016-12-20,226.4,215.53985633802816,0.08088789674940886,-0.00883392226148405,0.0,R1_up_calm
2016-12-21,225.77,215.6113958041958,0.08219711487539437,-0.006289586747575071,0.006378172476414035,R1_up_calm
2016-12-22,225.38,215.67923333333331,0.08281767424405437,-0.008208359215547079,0.004791907001508555,R1_up_calm
2016-12-23,225.71,215.74841103448273,0.0822428996925701,-0.0020823180186965162,0.0033228479021754076,R1_up_calm
2016-12-27,226.27,215.82047671232874,0.07961692714195501,0.001370044636938239,0.0036681840279311206,R1_up_calm
2016-12-28,224.4,215.87884081632652,0.08651365072722125,0.00891265597147961,0.009491978609625695,R1_up_calm
2016-12-29,224.35,215.93607837837834,0.08579213015791534,0.012747938488968158,0.01203476710497009,R1_up_calm
2016-12-30,223.53,215.98704429530198,0.08577763147659156,0.013107860242473013,0.012168389030555282,R1_up_calm
2017-01-03,225.24,216.04873066666664,0.08900759957988162,0.005416444681228816,0.006703960220209471,R1_up_calm
2017-01-04,226.58,216.11847417218542,0.08896603145574117,0.002294995145202483,-0.002957012975549511,R1_up_calm
2017-01-05,226.4,216.18611578947366,0.08894479196109989,0.0005742049469963373,0.001501766784452352,R1_up_calm
2017-01-06,227.21,216.2581673202614,0.07774057220378319,-0.0007041943576426846,-0.004665287619383007,R1_up_calm
2017-01-09,226.46,216.32441298701295,0.07858405597503543,-0.0009273160823103366,0.005034001589684589,R1_up_calm
2017-01-10,226.46,216.3898038709677,0.07560899737215261,0.0012805793517618458,0.01373310959992935,R1_up_calm
2017-01-11,227.1,216.45845897435893,0.07612860999874362,-0.005239982386613828,0.009819462791721856,R1_up_calm
2017-01-12,226.53,216.5226089171974,0.07267977451486704,0.0009270295325123357,0.010771200282523319,R1_up_calm
2017-01-13,227.05,216.5892379746835,0.0666531391812879,-0.003963884606914769,0.0022021581149527236,R1_up_calm
2017-01-17,226.25,216.6499974842767,0.0663145534047128,0.005966850828729164,0.005657458563535833,R1_up_calm
2017-01-18,226.75,216.71312249999997,0.06011837908940329,0.012436604189636213,0.0038368246968025765,R1_up_calm
2017-01-19,225.91,216.7702459627329,0.06140268885710817,0.015138772077375906,0.008233367270151781,R1_up_calm
2017-01-20,226.74,216.83178765432095,0.061257195938317605,0.00983505336508772,0.011466878362882627,R1_up_calm
2017-01-23,226.15,216.88895460122697,0.06114828130345586,0.006190581472474088,0.012292726066769788,R1_up_calm
2017-01-24,227.6,216.9542658536585,0.06464824679188266,-0.00030755711775043437,0.005887521968365617,R1_up_calm
2017-01-25,229.57,217.03072484848482,0.07077536658963104,-0.008494141220542706,-0.0014374700527071127,R1_up_calm
2017-01-26,229.33,217.10481686746985,0.07080425075105683,-0.006802424453843825,0.005537871189988053,R1_up_calm
2017-01-27,228.97,217.17586586826346,0.0631083186171213,0.0016159322181945601,0.01109315630868668,R1_up_calm
2017-01-30,227.55,217.23761666666667,0.06805751465615412,0.0060646011865523874,0.022940013183915697,R1_up_calm
2017-01-31,227.53,217.29851834319527,0.06617018983729646,0.006196985012965284,0.027117303212763177,R1_up_calm
2017-02-01,227.62,217.3592329411765,0.0612015197006036,0.007117125032949589,0.03207099551884718,R1_up_calm
2017-02-02,227.77,217.42011461988304,0.05779105575312888,0.012424814505861193,0.030513237037362195,R1_up_calm
2017-02-03,229.34,217.48941627906973,0.06216974943524446,0.009461934246097536,0.025071945582977317,R1_up_calm
2017-02-06,228.93,217.5555468208092,0.06173373952319446,0.016773686279648814,0.0330231948630586,R1_up_calm
2017-02-07,228.94,217.62097471264366,0.060209089048755535,0.02079147374858037,0.03206080195684469,R1_up_calm
2017-02-08,229.24,217.68736914285714,0.06023142537299871,0.024777525737218475,0.03140813121619268,R1_up_calm
2017-02-09,230.6,217.76073636363634,0.06268855332296015,0.017866435385949675,0.026626192541197025,R1_up_calm
2017-02-10,231.51,217.83841581920902,0.06239673191037907,0.015463694872791756,0.0241890199127468,R1_up_calm
2017-02-13,232.77,217.92230112359547,0.0641672303566926,0.015981440907333333,0.015895519182025142,R1_up_calm
2017-02-14,233.7,218.01044469273737,0.06226986613388028,0.011039794608472375,0.026016260162601723,R1_up_calm
2017-02-15,234.92,218.1043866666666,0.06354237391270019,0.006470287757534443,0.014260173676145182,R1_up_calm
2017-02-16,234.72,218.19618563535906,0.06103182212211596,0.00860599863667355,0.015763462849352372,R1_up_calm
2017-02-17,235.09,218.28900879120872,0.06068498410700083,0.008592453953804924,0.011144667999489544,R1_up_calm
2017-02-21,236.49,218.38846775956276,0.06001700002684509,-8.457017210039552e-05,0.0021565393885576434,R1_up_calm
2017-02-22,236.28,218.485704347826,0.05888336008737933,0.014812933807347273,0.0011850347045878618,R1_up_calm
2017-02-23,236.44,218.58275459459452,0.05329731007668108,0.007739807139232058,0.001776349179495984,R1_up_calm
2017-02-24,236.74,218.6803741935483,0.05247256603490767,0.007096392667060858,0.0040128410914928025,R1_up_calm
2017-02-27,237.11,218.7789283422459,0.05113065934821649,0.0025304710893678806,0.002952216270929009,R1_up_calm
2017-02-28,236.47,218.87302978723397,0.04501917365755123,0.002241299107709205,0.001818412483613141,R1_up_calm
2017-03-01,239.78,218.9836486772486,0.061206419105482864,-0.013428976561848383,-0.0034615063808491886,R1_up_calm
2017-03-02,238.27,219.0851557894736,0.06863289863458147,-0.005917656440172947,0.0008813530868341246,R1_up_calm
2017-03-03,238.42,219.18638534031402,0.06864223592828748,-0.003061823672510622,-0.005830047814780581,R1_up_calm
2017-03-06,237.71,219.28286249999996,0.06882309703955071,0.00042068066131006887,-0.003954398216313937,R1_up_calm
2017-03-07,237.0,219.37466113989635,0.06977834619284072,-0.00042194092826997043,-0.013797468354430409,R1_up_calm
2017-03-08,236.56,219.4632453608247,0.07070915798690351,0.010103145079472409,-0.009638146770375333,R1_up_calm
2017-03-09,236.86,219.55245948717945,0.07071190641430722,0.006839483239044153,-0.01194798615215742,R1_up_calm
2017-03-10,237.69,219.64499795918366,0.06927742371261648,-0.0027767259876309014,-0.016113425049434027,R1_up_calm
2017-03-13,237.81,219.73720609137052,0.06875393726166527,-0.004373239140490259,-0.017619107691013824,R1_up_calm
2017-03-14,236.9,219.82388686868683,0.06931264344655363,-0.013381173490924492,-0.006669480793583871,R1_up_calm
2017-03-15,238.95,219.9199979899497,0.07386359419146774,-0.019543837622933657,-0.01427076794308435,R1_up_calm
2017-03-16,238.48,220.01279799999998,0.07297232813591523,-0.01865984568936596,-0.009183160013418346,R1_up_calm
2017-03-17,237.03,220.14659799999998,0.0767793485527037,-0.013373834535712725,-0.005442349069737951,R1_up_calm
2017-03-20,236.77,220.27589799999996,0.07686427654826808,-0.01330405034421589,-0.006081851585927223,R1_up_calm
2017-03-21,233.73,220.39314799999997,0.08716442205786701,0.006802721088435382,0.007487271638215054,R1_up_calm
2017-03-22,234.28,220.50779799999998,0.0877719184745216,0.005378179955608742,0.002134198395082887,R1_up_calm
2017-03-23,234.03,220.61954799999995,0.08769984645024119,0.009656881596376454,0.006024868606588907,R1_up_calm
2017-03-24,233.86,220.72699799999995,0.08744826057307087,0.008038997690926086,0.005729923886085508,R1_up_calm
2017-03-27,233.62,220.834698,0.08707680953216047,0.00731957880318479,0.007362383357589319,R1_up_calm
2017-03-28,235.32,220.960948,0.09117434167835131,0.0006799252082270169,-0.0011048784633690412,R1_up_calm
2017-03-29,235.54,221.09640199999998,0.07460739141845221,-0.0032266281735585656,-0.006410800713254616,R1_up_calm
2017-03-30,236.29,221.23765199999997,0.07304724872253643,-0.003597274535528383,-0.015997291463879182,R1_up_calm
2017-03-31,235.74,221.37760199999997,0.07324007220477763,-0.0022906592008145044,-0.004963094935098056,R1_up_calm
2017-04-03,235.33,221.512402,0.0728280193792016,4.2493519738284746e-05,-0.006204053881783023,R1_up_calm
2017-04-04,235.48,221.65720199999998,0.07232097958066154,-0.00178359096313907,-0.008663156106675673,R1_up_calm
2017-04-05,234.78,221.791852,0.0727440581228253,-0.0031944799386659506,0.0023852116875373586,R1_up_calm
2017-04-06,235.44,221.926852,0.07340821294006537,-0.012444784233775041,-0.003610261637784551,R1_up_calm
2017-04-07,235.2,222.062352,0.07204651456335343,-0.002678571428571419,0.008375850340136104,R1_up_calm
2017-04-10,235.34,222.185002,0.07206437492149188,-0.006246281975014867,0.013639840231155054,R1_up_calm
2017-04-11,235.06,222.34465199999994,0.07105693529161161,-0.006891857398111156,0.014209138092401874,R1_up_calm
2017-04-12,234.03,222.51680199999996,0.0638239503192962,0.0055975729607316005,0.019527411015681784,R1_up_calm
2017-04-13,232.51,222.66335349999997,0.06667862183344998,0.008945851791320791,0.023955958883489004,R1_up_calm
2017-04-17,234.57,222.80290349999996,0.07306669109999053,0.011084111352687831,0.017521422176749013,R1_up_calm
2017-04-18,233.87,222.92487849999998,0.07357100434087581,0.020011117287381808,0.020951810835079243,R1_up_calm
2017-04-19,233.44,223.0424745,0.05781387721034391,0.02124742974640159,0.02159013022618228,R1_up_calm
2017-04-20,235.34,223.1771245,0.06425114458768648,0.013852298801733554,0.014532166227585464,R1_up_calm
2017-04-21,234.59,223.30177449999996,0.06525297564215318,0.014877019480796339,0.021782684683916642,R1_up_calm
2017-04-24,237.17,223.43999449999995,0.07556789858187817,0.0063667411561327825,0.010498798330311532,R1_up_calm
2017-04-25,238.55,223.5694945,0.07736119585157987,0.0009222385244183062,0.003730874030601461,R1_up_calm
2017-04-26,238.4,223.6944945,0.07395839099811197,0.00033557046979848515,0.006166107382550301,R1_up_calm
2017-04-27,238.6,223.81274449999998,0.07395428576585104,0.0006705783738474302,0.003269069572506389,R1_up_calm
2017-04-28,238.08,223.9285445,0.07396648368844219,0.006804435483870774,0.0037802419354837635,R1_up_calm
2017-05-01,238.68,224.04134449999998,0.07361343219372943,0.004105915870621812,0.006787330316742057,R1_up_calm
2017-05-02,238.77,224.15604449999998,0.07309478216850349,0.0028060476609288454,0.005486451396741643,R1_up_calm
2017-05-03,238.48,224.2663985,0.07341955460883749,0.005828581013082923,-0.011153975176115383,R1_up_calm
2017-05-04,238.76,224.3792485,0.07218053148412736,0.002596749874350879,-0.008334729435416244,R1_up_calm
2017-05-05,239.7,224.4923235,0.07269409501604011,-0.003003754693366667,-0.0057989153108051195,R1_up_calm
2017-05-08,239.66,224.6092985,0.07245850569813617,0.0026704498038889746,-0.0005841608946006716,R1_up_calm
2017-05-09,239.44,224.7202985,0.07275241367143198,0.0026729034413632835,0.0025476110925493067,R1_up_calm
2017-05-10,239.87,224.83639850000003,0.07240534850515334,-0.016884145578855314,0.0030850043773711366,R1_up_calm
2017-05-11,239.38,224.94954850000002,0.07053732895393615,-0.010903166513493101,0.009942351073606748,R1_up_calm
2017-05-12,238.98,225.06184850000002,0.06548816706142035,-0.0028035818896978704,0.011423550087873435,R1_up_calm
2017-05-15,240.3,225.17949850000002,0.06142039084103483,-0.003245942571785232,0.004993757802746579,R1_up_calm
2017-05-16,240.08,225.2942985,0.059966073145597716,-0.00012495834721759635,0.005664778407197479,R1_up_calm
2017-05-17,235.82,225.38869850000003,0.09049581019459998,0.020312102451021996,0.03197353914002221,R1_up_calm
2017-05-18,236.77,225.4948025,0.08704162561972548,0.021075305148456236,0.03125395953879284,R1_up_calm
2017-05-19,238.31,225.60545249999998,0.08864966258442697,0.014267131047794868,0.023834501279845544,R1_up_calm
2017-05-22,239.52,225.721004,0.08192605070108483,0.008266533066132231,0.015405811623246501,R1_up_calm
2017-05-23,240.05,225.830354,0.0798037912096523,0.005790460320766355,0.015038533638825236,R1_up_calm
2017-05-24,240.61,225.943154,0.0800312550037024,0.011429283903412246,0.013174847263206058,R1_up_calm
2017-05-25,241.76,226.061054,0.0814793360525025,0.00996856386499001,0.00682495036399744,R1_up_calm
2017-05-26,241.71,226.18140400000001,0.08086573182629934,0.009432791361549064,0.006826362169542133,R1_up_calm
2017-05-30,241.5,226.29565399999998,0.08078129133637482,0.007080745341614847,0.012629399585921464,R1_up_calm
2017-05-31,241.44,226.41055400000002,0.08083338077108145,0.009194831013916493,0.01159708416169658,R1_up_calm
2017-06-01,243.36,226.53190400000003,0.08459592360555936,0.0017258382642997283,0.0016847468770546659,R1_up_calm
2017-06-02,244.17,226.66295399999998,0.08499318392161113,-0.0031125854937134045,-0.006266126059712551,R1_up_calm
2017-06-05,243.99,226.791054,0.08456075695934398,-0.0025820730357801747,0.002746014180909029,R1_up_calm
2017-06-06,243.21,226.912804,0.08574050410587195,0.005509641873278293,-0.0008223346079520022,R1_up_calm
2017-06-07,243.66,227.038404,0.08559515665786771,0.002380366083887475,-0.0029138964130346334,R1_up_calm
2017-06-08,243.78,227.164654,0.08553415088314686,-4.102059233734856e-05,-0.0038559356797112088,R1_up_calm
2017-06-09,243.41,227.28685400000003,0.08532155935119354,-0.0031633868781069108,-0.0011503225011297857,R1_up_calm
2017-06-12,243.36,227.41440400000002,0.08490773602559677,0.005341880341880323,-0.0002876397107167694,R1_up_calm
2017-06-13,244.55,227.54865400000003,0.08448322080450105,-0.006297280719689269,-0.013167041504804744,R1_up_calm
2017-06-14,244.24,227.683404,0.08459161362227074,-0.005281690140845119,-0.0030707500818866196,R1_up_calm
2017-06-15,243.77,227.81045000000003,0.049197178101945065,-0.0038150715838700666,-0.00992739057308123,R1_up_calm
2017-06-16,242.64,227.93365000000003,0.05313775650683005,0.0020194526871084584,-0.0034619188921858335,R1_up_calm
2017-06-19,244.66,228.07005,0.055829355630641536,-0.005599607618736235,-0.010013896836426062,R1_up_calm
2017-06-20,243.01,228.19815000000003,0.0608595148727387,-0.006913295749146009,-0.0009876136784493506,R1_up_calm
2017-06-21,242.95,228.32105000000004,0.06068799693532093,0.0022226795636963725,-0.009878575838649817,R1_up_calm
2017-06-22,242.84,228.440096,0.06043946768707357,-0.006135727227804311,-0.003006094547850391,R1_up_calm
2017-06-23,243.13,228.56069599999998,0.05835706666478148,-0.005470324517747649,-0.003125899724427228,R1_up_calm
2017-06-26,243.29,228.68459599999997,0.05834160937787982,-0.00443914669735701,-0.004521353117678428,R1_up_calm
2017-06-27,241.33,228.824846,0.06549312552308623,0.005966933244934358,0.011105125761405432,R1_up_calm
2017-06-28,243.49,228.960596,0.07276350865158714,-0.012074417840568397,0.0038194587046695982,R1_up_calm
2017-06-29,241.35,229.101196,0.07414695845572536,0.0031489538015330165,0.017443546716386926,R1_up_calm
2017-06-30,241.8,229.24444599999998,0.07334762203161548,0.002357320099255489,0.015425971877584654,R1_up_calm
2017-07-03,242.21,229.379096,0.07374459271958173,-8.257297386571327e-05,0.01424383799182527,R1_up_calm
2017-07-05,242.77,229.526096,0.07352820999034311,0.005107715121308143,0.017382707912839246,R1_up_calm
2017-07-06,240.55,229.66179599999998,0.07983186428189193,0.016088131365620262,0.027229266264809704,R1_up_calm
2017-07-07,242.11,229.805246,0.08367926796307429,0.01424972120110679,0.01970178844326953,R1_up_calm
2017-07-10,242.37,229.93799600000003,0.08370231255288756,0.013037917233981178,0.018360358130131482,R1_up_calm
2017-07-11,242.19,230.06304600000004,0.08372331845203188,0.014327594037738978,0.021594615797514205,R1_up_calm
2017-07-12,244.01,230.20314600000006,0.08631087941989991,0.0122126142371215,0.01401581902381066,R1_up_calm
2017-07-13,244.42,230.354046,0.08642043561801017,0.01096473283692001,0.011373864659193211,R1_up_calm
2017-07-14,245.56,230.503996,0.08758613491750293,0.0053754683173155016,0.005497638051799925,R1_up_calm
2017-07-17,245.53,230.648446,0.08560216153835674,0.005253940455341555,0.005050299352421295,R1_up_calm
2017-07-18,245.66,230.80334600000003,0.08063340098258423,0.00716437352438315,0.006757306846861599,R1_up_calm
2017-07-19,246.99,230.95679600000003,0.07821188976228866,0.0017814486416454223,0.0018219361107736365,R1_up_calm
2017-07-20,247.1,231.113396,0.07812610608020909,0.00040469445568591667,-0.0005665722379603055,R1_up_calm
2017-07-21,246.88,231.27439600000002,0.07823809897815144,0.00012151652624758924,0.00214679196370704,R1_up_calm
2017-07-24,246.82,231.430346,0.07831449379319425,-0.00020257677659829554,0.0042541123085650945,R1_up_calm
2017-07-25,247.42,231.58854599999998,0.07853766662470382,-0.00040417104518630786,-0.0006466736722980926,R1_up_calm
2017-07-26,247.43,231.750496,0.07123948480251494,4.041547104227661e-05,-0.0007274784787616451,R1_up_calm
2017-07-27,247.2,231.90569599999998,0.06553659037669045,-0.0009708737864076999,-0.013915857605177995,R1_up_calm
2017-07-28,246.91,232.073096,0.055564229567667676,0.002025029362925812,-0.011299663845125707,R1_up_calm
2017-07-31,246.77,232.238396,0.0558132193353175,0.004457592089800233,-0.0009320419824128123,R1_up_calm
2017-08-01,247.32,232.409946,0.055930654321452486,-0.00024260067928194573,-0.0032751091703057122,R1_up_calm
2017-08-02,247.44,232.58154599999997,0.05575780390159752,-0.0007678629162625183,-0.0020206918849013933,R1_up_calm
2017-08-03,246.96,232.754446,0.0426818642705695,-0.012957563977972208,-0.015670553935860032,R1_up_calm
2017-08-04,247.41,232.92294600000002,0.03819892310023868,-0.013297764843781534,-0.01899680691968797,R1_up_calm
2017-08-07,247.87,233.09089600000004,0.03829766026676061,-0.005365715899463441,-0.020050833097994936,R1_up_calm
2017-08-08,247.26,233.257796,0.03986440661046311,-0.0030332443581655433,-0.007360672975814886,R1_up_calm
2017-08-09,247.25,233.42414600000004,0.0318598626321181,-0.0012537917087968031,-0.010879676440849306,R1_up_calm
2017-08-10,243.76,233.568496,0.06138858278462691,-0.002748605185428188,0.0009435510338038355,R1_up_calm
2017-08-11,244.12,233.71824600000002,0.059094571489894235,-0.0057758479436342824,0.0018023922660985736,R1_up_calm
2017-08-14,246.54,233.882246,0.06924095328085374,-0.014764338444065772,-0.007990589762310374,R1_up_calm
2017-08-15,246.51,234.04894600000003,0.06923910298248469,-0.004340594702040512,-0.006734006734006703,R1_up_calm
2017-08-16,246.94,234.220946,0.0667499744159817,-0.009637968737345126,-0.0037660970276180983,R1_up_calm
2017-08-17,243.09,234.37364599999998,0.08689277777414683,0.003702332469455838,0.018100292072894764,R1_up_calm
2017-08-18,242.71,234.53214599999998,0.08693314753480297,0.0076222652548307845,0.021136335544476914,R1_up_calm
2017-08-21,242.9,234.69794599999997,0.08710444596368912,0.006875257307533911,0.013009468917249967,R1_up_calm
2017-08-22,245.44,234.881246,0.09524410071362757,-0.0024038461538461453,0.005948500651890454,R1_up_calm
2017-08-23,244.56,235.06129599999997,0.09589093984019526,0.005929015374550151,0.009445534838076641,R1_up_calm
2017-08-24,243.99,235.21549599999997,0.09608743335267818,0.014344850198778625,0.010615189147096249,R1_up_calm
2017-08-25,244.56,235.36774599999998,0.09664046721460483,0.013411841674844549,0.019013738959764437,R1_up_calm
2017-08-28,244.57,235.50869999999998,0.09665714096568362,0.006092325305638413,0.02240667293617382,R1_up_calm
2017-08-29,244.85,235.64835,0.09633586870975569,0.008372472942618003,0.021727588319379265,R1_up_calm
2017-08-30,246.01,235.7963,0.09807291653358545,0.0034957928539491867,0.01658469167920007,R1_up_calm
2017-08-31,247.49,235.95079999999996,0.10032284621047555,-0.0036769162390399845,0.006868964402602096,R1_up_calm
2017-09-01,247.84,236.09859999999992,0.10024097390821907,0.005527759845061375,0.007585539057456403,R1_up_calm
2017-09-05,246.06,236.23954999999995,0.10323736004517509,0.01621555718117529,0.015890433227668144,R1_up_calm
2017-09-06,246.9,236.37909999999997,0.10375781676283875,0.013244228432563787,0.012798703928716071,R1_up_calm
2017-09-07,246.87,236.52094999999997,0.10375787999183354,0.013043302142828228,0.010207801676995976,R1_up_calm
2017-09-08,246.58,236.65310000000002,0.08954049617331614,0.0105848000648876,0.011598669802903583,R1_up_calm
2017-09-11,249.21,236.79625,0.09636831342932317,0.0020464668351991566,-0.0011235504193251034,R1_up_calm
2017-09-12,250.05,236.94300000000004,0.09108419360921377,-0.00031993601279745043,-0.0038792241551689477,R1_up_calm
2017-09-13,250.17,237.08625,0.091036638725732,-0.000439701003317694,-0.0004796738218010299,R1_up_calm
2017-09-14,250.09,237.2343,0.09102877726259176,-0.0027989923627494973,0.0010396257347353721,R1_up_calm
2017-09-15,249.19,237.3757,0.06987783428300105,0.001003250531722788,0.008186524338857915,R1_up_calm
2017-09-18,249.72,237.52240000000006,0.06913777803637071,-0.003163543168348548,0.010411661060387711,R1_up_calm
2017-09-19,249.97,237.67440000000002,0.06911528438706699,-0.0035604272512701485,0.011561387366483933,R1_up_calm
2017-09-20,250.06,237.82630000000006,0.060486642604522474,-3.999040230340256e-05,0.01239702471406856,R1_up_calm
2017-09-21,249.39,237.96825000000004,0.059665443381748576,0.0038493925177434107,0.0211315610088616,R1_up_calm
2017-09-22,249.44,238.10694999999998,0.05846619589448112,0.007176074406670896,0.019764271969211045,R1_up_calm
2017-09-25,248.93,238.22860000000003,0.05930641157382393,0.013618286265214996,0.020166311814566296,R1_up_calm
2017-09-26,249.08,238.34825,0.05923379163416664,0.01517584711739195,0.022241850008029473,R1_up_calm
2017-09-27,250.05,238.46595000000005,0.060168009294827865,0.01243751249750047,0.019876024795040914,R1_up_calm
2017-09-28,250.35,238.58645,0.058592141264556315,0.01721589774315957,0.017136009586578682,R1_up_calm
2017-09-29,251.23,238.70380000000006,0.05632771197892936,0.012498507343868148,0.014807148827767458,R1_up_calm
2017-10-02,252.32,238.836,0.057717069040089754,0.006460050729232725,0.01177076727964499,R1_up_calm
2017-10-03,252.86,238.96625000000003,0.0492220266336749,0.006960373329114811,0.01032191726647147,R1_up_calm
2017-10-04,253.16,239.10685,0.04862597277537148,0.007347132248380461,0.010112182019276439,R1_up_calm
2017-10-05,254.66,239.25250000000003,0.05101811180991451,-7.853608733221495e-05,0.004437288934265204,R1_up_calm
2017-10-06,254.37,239.39235000000008,0.050992744275153754,0.0022801430986358895,0.010771710500452114,R1_up_calm
2017-10-09,253.95,239.53325000000004,0.039366346190422716,0.005276629257727983,0.008505611340815289,R1_up_calm
2017-10-10,254.62,239.67945000000012,0.03885227754423934,0.0033383080669231457,0.00761919723509541,R1_up_calm
2017-10-11,255.02,239.82600000000005,0.038886473982299885,0.0027448827542937426,0.0010587404909419007,R1_up_calm
2017-10-12,254.64,239.96785000000003,0.039613315131086485,0.0045161797046811,0.003848570530945672,R1_up_calm
2017-10-13,254.95,240.12060000000005,0.03585714984719301,0.008472249460678594,0.010825652088644722,R1_up_calm
2017-10-16,255.29,240.27530000000002,0.03567923184729383,0.0032120333738101525,0.005718986250930369,R1_up_calm
2017-10-17,255.47,240.43500000000003,0.035705926730061725,0.004266645790112378,0.006576114612283135,R1_up_calm
2017-10-18,255.72,240.5874000000001,0.03560599617752484,-0.0016815266697951525,0.006921633036133246,R1_up_calm
2017-10-19,255.79,240.7334500000001,0.032859415498849256,-0.0006646076859924133,0.007037022557566663,R1_up_calm
2017-10-20,257.11,240.88699999999997,0.03532881530422872,0.0023336315195829904,0.005211777060402101,R1_up_calm
2017-10-23,256.11,241.03150000000002,0.03828889634294529,0.0024989262426300396,0.010698527976260142,R1_up_calm
2017-10-24,256.56,241.18199999999996,0.038180240527333396,0.002299657000311761,0.008224197068911865,R1_up_calm
2017-10-25,255.29,241.32615,0.04335110670916116,0.00861765051510055,0.014963374985310862,R1_up_calm
2017-10-26,255.62,241.46875,0.04335695738851663,0.007706752210312029,0.009975745246850742,R1_up_calm
2017-10-27,257.71,241.62465,0.04953477894705244,0.0028714446470838872,0.0014745256295836118,R1_up_calm
2017-10-30,256.75,241.77315,0.05117643600071361,0.008179162609542434,0.006153846153846176,R1_up_calm
2017-10-31,257.15,241.92765,0.05102687703368155,0.005910946918141313,0.002255492902974998,R1_up_calm
2017-11-01,257.49,242.08135,0.051041287468407,0.0062915064662705245,-0.004077828265175443,R1_up_calm
2017-11-02,257.59,242.23974999999996,0.04741597117497897,0.0022516402034242766,0.003998602430218767,R1_up_calm
2017-11-03,258.45,242.39829999999998,0.04792989591352999,-0.0013929193267556705,-0.0022828400077383737,R1_up_calm
2017-11-06,258.85,242.56179999999992,0.047100704737546815,-0.002008885454896858,-0.002124782692679239,R1_up_calm
2017-11-07,258.67,242.71714999999998,0.047009363475527664,-0.0036339737889975465,0.005103027022847595,R1_up_calm
2017-11-08,259.11,242.86484999999993,0.04704020860916022,-0.010304503878661664,0.002508587086565539,R1_up_calm
2017-11-09,258.17,243.00904999999992,0.04899654077137841,0.0017430375334082093,0.008482782662586619,R1_up_calm
2017-11-10,258.09,243.1546499999999,0.04907781508685717,-0.0008911619977525209,0.008291681196481937,R1_up_calm
2017-11-13,258.33,243.30855000000003,0.04902012123099,-0.00011613053071646284,0.017574420315100925,R1_up_calm
2017-11-14,257.73,243.45955000000006,0.05009574874010828,0.008768866643386497,0.019322546851355815,R1_up_calm
2017-11-15,256.44,243.60365000000004,0.053638051571488835,0.012946498206207968,0.03341912338168762,R1_up_calm
2017-11-16,258.62,243.75790000000003,0.06124875565742287,0.006728017941381115,0.02258139355038269,R1_up_calm
2017-11-17,257.86,243.90050000000008,0.05991288358106065,0.009191033894361267,0.02435430078337064,R1_up_calm
2017-11-20,258.3,244.04735000000008,0.058174169779465934,0.017692605497483527,0.018931475029035916,R1_up_calm
2017-11-21,259.99,244.20260000000005,0.06195602995627469,0.010461940843878414,0.012500480787722701,R1_up_calm
2017-11-22,259.76,244.35520000000008,0.05864710549721394,0.020210963966738493,0.01659223898983675,R1_up_calm
2017-11-24,260.36,244.50400000000008,0.058854823000625694,0.01574742664003681,0.019780304194192633,R1_up_calm
2017-11-27,260.23,244.6476000000001,0.05242920731690985,0.015025170041885971,0.023363947277408315,R1_up_calm
2017-11-28,262.87,244.79810000000012,0.060084817965018564,0.0012173317609465162,0.014874272454064696,R1_up_calm
2017-11-29,262.71,244.9431500000001,0.06039462547843339,0.002017433672109936,0.015378173651555027,R1_up_calm
2017-11-30,265.01,245.09360000000012,0.06622713188104211,-0.003547035960907108,0.002452737632542279,R1_up_calm
2017-12-01,264.46,245.2423000000001,0.06731562976092925,0.003970354685018496,0.007751644861226703,R1_up_calm
2017-12-04,264.14,245.38755000000012,0.0674419944713865,0.008215340349814637,0.015370636783523794,R1_up_calm
2017-12-05,263.19,245.52105000000012,0.06942647117187861,0.013640335879022691,0.01512215509707815,R1_up_calm
2017-12-06,263.24,245.65585,0.06923904543844221,0.013333839841969342,0.014397507977510937,R1_up_calm
2017-12-07,264.07,245.79400000000004,0.06965729771888453,0.006021130760783144,0.013291930170030719,R1_up_calm
2017-12-08,265.51,245.93785000000003,0.06918417013188566,0.0037663364845015312,0.0075326729690030625,R1_up_calm
2017-12-11,266.31,246.08385,0.06909800135921951,0.007096992227103804,0.00330441966129702,R1_up_calm
2017-12-12,266.78,246.2354,0.0690592438509909,0.0014618787015518997,0.00202413974061022,R1_up_calm
2017-12-13,266.75,246.37025000000003,0.06782270366935772,0.0010496719775068275,0.004198687910028198,R1_up_calm
2017-12-14,265.66,246.5072,0.06667573975552765,0.007227282993299555,0.004517051870812194,R1_up_calm
2017-12-15,266.51,246.64765000000003,0.062121604159217456,0.0037522044200968274,0.008479981989418794,R1_up_calm
2017-12-18,268.2,246.8001,0.062032332080740424,-0.003765846383296023,0.008463832960477369,R1_up_calm
2017-12-19,267.17,246.95094999999998,0.06538295608509503,0.0005614402814686503,0.016618632331474315,R1_up_calm
2017-12-20,267.03,247.1033,0.0632225337992969,0.0031457139647230736,0.02392989551735769,R1_up_calm
2017-12-21,267.58,247.25689999999997,0.06271230502812108,-0.0026907840645786774,0.02369384856865242,R1_up_calm
2017-12-22,267.51,247.40599999999998,0.06292709899080608,0.004710104295166495,0.02627939142461977,R1_up_calm
2017-12-26,267.19,247.55290000000002,0.06324755290860916,0.012275908529510993,0.025936599423631135,R1_up_calm
2017-12-27,267.32,247.70500000000004,0.054103622590200656,0.016048181954212204,0.032919347598384,R1_up_calm
2017-12-28,267.87,247.84959999999998,0.05398416789173252,0.02071900548773664,0.03751819912644194,R1_up_calm
2017-12-29,266.86,247.99149999999997,0.0481102782530112,0.026455819530840197,0.03788503335082072,R1_up_calm
2018-01-02,268.77,248.15019999999996,0.052827438782325216,0.021468169810618942,0.04033188227852813,R1_up_calm
2018-01-03,270.47,248.31869999999995,0.05567734142379866,0.013495027174917684,0.03205531112507831,R1_up_calm
2018-01-04,271.61,248.50809999999998,0.05363483710666192,0.016604690548948753,0.032399396193071084,R1_up_calm
2018-01-05,273.42,248.70379999999997,0.05625149088247196,0.016458196181698526,0.0339038841342989,R1_up_calm
2018-01-08,273.92,248.90324999999996,0.0560569734045312,0.01113463785046731,0.034207067757009435,R1_up_calm
2018-01-09,274.54,249.10664999999997,0.054456964586114785,0.01846725431631091,0.03147082392365408,R1_up_calm
2018-01-10,274.12,249.30915000000002,0.055356112556092824,0.018313147526630713,0.03348898292718516,R1_up_calm
2018-01-11,276.12,249.51315,0.05909971666901344,0.015536723163841915,0.037882080254961537,R1_up_calm
2018-01-12,277.92,249.72505,0.06100755546558623,0.017163212435233,0.024323546344271696,R1_up_calm
2018-01-16,276.97,249.92844999999997,0.06015215586782371,0.022818355778604138,0.01729429180055586,R1_up_calm
2018-01-17,279.61,250.14780000000002,0.06559244602464653,0.012767783698723223,0.008189978899180828,R1_up_calm
2018-01-18,279.14,250.36685,0.06539742452866373,0.014902916099448493,0.008741133481407148,R1_up_calm
2018-01-19,280.41,250.59150000000005,0.062147871579932006,0.022003494882493424,-0.017688384865019224,R1_up_calm
2018-01-22,282.69,250.83105,0.06423451327579381,0.007039513247727225,-0.06636244649616185,R1_up_calm
2018-01-23,283.29,251.07030000000006,0.06422465449250422,-0.005400826008683746,-0.04998411521762158,R1_up_calm
2018-01-24,283.18,251.31019999999998,0.0643076817032476,-0.004520093226922928,-0.05477081714810361,R1_up_calm
2018-01-25,283.3,251.55,0.06320409380204783,-0.006071302506177267,-0.09061066007765628,R1_up_calm
2018-01-26,286.58,251.8076,0.06937166285814407,-0.03883732291157793,-0.08751483006490324,R1_up_calm
2018-01-29,284.68,252.06085000000002,0.07807980272286359,-0.0728888576647464,-0.06793592805957582,R1_up_calm
2018-01-30,281.76,252.30710000000008,0.0884085342103273,-0.04482538330494035,-0.05593412833617262,R1_up_calm
2018-01-31,281.9,252.54375000000005,0.08714167964076269,-0.05047889322454757,-0.043667967364313554,R1_up_calm
2018-02-01,281.58,252.78230000000008,0.08670353204960873,-0.08505575680090915,-0.030364372469635637,R1_up_calm
2018-02-02,275.45,252.99235000000004,0.12104666476159501,-0.0506444000726084,-0.008495189689598726,R1_up_calm
2018-02-05,263.93,253.13530000000006,0.19385074975045402,0.00534232561664072,0.02830295911794778,R1_up_calm
2018-02-06,269.13,253.308,0.207855218689862,-0.011630067253743492,0.003418422323784087,R2_up_vol
2018-02-07,267.67,253.4605,0.2081080202523899,0.007173011544065355,0.010199125789218,R2_up_vol
2018-02-08,257.63,253.55589999999995,0.2460409290690096,0.059775647246050445,0.06629662694561955,R2_up_vol
2018-02-09,261.5,253.6714,0.2517412252480685,0.044397705544933164,0.06271510516252388,R2_up_vol
2018-02-12,265.34,253.80509999999995,0.25723904589888424,0.022838622145172183,0.034257933217758385,R2_up_vol
2018-02-13,266.0,253.9447,0.25775593171987776,0.015225563909774475,0.021240601503759393,R2_up_vol
2018-02-14,269.59,254.09924999999996,0.26043819173130495,0.0030045624837715668,-0.007010645795467174,R2_up_vol
2018-02-15,273.03,254.27054999999996,0.26548285118141507,0.00615316998132065,-0.014467274658462426,R2_up_vol
2018-02-16,273.11,254.44369999999998,0.2647118770216135,0.017538720662004126,-0.0033686060561679554,R2_up_vol
2018-02-20,271.4,254.60690000000002,0.26284149699324355,0.011164333087693601,0.005453205600589595,R2_up_vol
2018-02-21,270.05,254.75865000000005,0.26256079249482955,0.005924828735419219,0.010109239029809203,R2_up_vol
2018-02-22,270.4,254.91235000000003,0.2627991978994445,-0.009985207100591698,0.013683431952662861,R2_up_vol
2018-02-23,274.71,255.08870000000002,0.2704872265105928,-0.020494339485275348,0.015143241964253207,R2_up_vol
2018-02-26,277.9,255.27885000000006,0.27050902236528307,-0.020546959337891302,0.0022310183519251847,R2_up_vol
2018-02-27,274.43,255.45410000000004,0.27279638375152326,-0.005648070546223072,0.00834456874248457,R2_up_vol
2018-02-28,271.65,255.61745000000008,0.2727438620828221,0.004159764402724031,0.013436407141542484,R2_up_vol
2018-03-01,267.7,255.75445000000002,0.2763068707505796,0.023907358983937366,0.02726933134105347,R2_up_vol
2018-03-02,269.08,255.89945000000003,0.27763866700771267,0.03638323175263869,0.01902779842426039,R2_up_vol
2018-03-05,272.19,256.0813,0.271445373148542,0.023255813953488413,-0.0062456372386935355,R2_up_vol
2018-03-06,272.88,256.26185000000004,0.22117044021329677,0.014072119613016909,-0.007072705951333913,R2_up_vol
2018-03-07,272.78,256.43420000000003,0.2109182146499138,0.009238213945303997,-0.0086150010997873,R2_up_vol
2018-03-08,274.1,256.6071,0.21011847627704766,0.0032834731849689103,-0.0380518059102517,R2_up_vol
2018-03-09,278.87,256.80120000000005,0.1578745091984036,-0.01674615412199243,-0.07465844300211566,R1_up_calm
2018-03-12,278.52,256.99075,0.15336916803064218,-0.02883096366508675,-0.04814735028005157,R1_up_calm
2018-03-13,276.72,257.16555,0.15075921313784565,-0.020851402139346775,-0.05825383058687483,R1_up_calm
2018-03-14,275.3,257.33349999999996,0.15291782458147343,-0.017689792953141992,-0.05619324373410839,R1_up_calm
2018-03-15,275.0,257.501,0.1467560520797279,-0.0411999999999999,-0.04309090909090918,R1_up_calm
2018-03-16,274.2,257.66479999999996,0.140596232060242,-0.05889861415025521,-0.061013858497447004,R1_up_calm
2018-03-19,270.49,257.80044999999996,0.14892278018639507,-0.01988982956856078,-0.03593478501977898,R1_up_calm
2018-03-20,270.95,257.93435,0.1474884916040408,-0.03819892969182492,-0.027274404871747482,R1_up_calm
2018-03-21,270.43,258.06654999999995,0.1465350076027697,-0.03919683467070967,-0.017712531893650962,R1_up_calm
2018-03-22,263.67,258.1688499999999,0.17184284475652487,-0.0019721621724125837,-0.014980847271210185,R1_up_calm
2018-03-23,258.05,258.2408,0.1737682273654532,-0.002247626428986571,0.01143189304398362,R3_down_calm
2018-03-26,265.11,258.34745,0.19802446012356442,-0.016370563162460994,0.00015088076647407078,R1_up_calm
2018-03-27,260.6,258.43339999999995,0.2018003097258395,0.011358403683806584,0.012125863392171699,R2_up_vol
2018-03-28,259.83,258.51574999999997,0.19981314695338004,0.0223607743524612,0.023476888734942136,R1_up_calm
2018-03-29,263.15,258.60875,0.2008365715560908,-0.013034391031730763,0.007600228006840126,R2_up_vol
2018-04-02,257.47,258.6748999999999,0.212614340994802,0.013710335184681677,0.03829572377364343,R3_down_calm
2018-04-03,260.77,258.75989999999996,0.21372019934312173,0.0167964106300571,0.03612378724546539,R2_up_vol
2018-04-04,263.56,258.8645,0.21796995570036007,0.0007588404917286962,0.025914402792532876,R2_up_vol
2018-04-05,265.64,258.9694,0.22059699796216795,0.0010917030567685337,0.012234603222406326,R2_up_vol
2018-04-06,259.72,259.05295,0.2315853425781271,0.020907130756198766,0.026528569228399856,R2_up_vol
2018-04-09,261.0,259.1432,0.22140871825934105,0.02425287356321837,0.021340996168582427,R2_up_vol
2018-04-10,265.15,259.25475,0.23152787830485902,0.019008108617763586,-0.00818404676598139,R2_up_vol
2018-04-11,263.76,259.35790000000003,0.23128577636954784,0.02513648771610555,-0.0004928723081588648,R2_up_vol
2018-04-12,265.93,259.4711,0.2340150483441806,0.011130748693265025,0.0014289474673785385,R2_up_vol
2018-04-13,265.15,259.59020000000004,0.23403978159537434,0.005506317178955555,0.005317744672826752,R2_up_vol
2018-04-16,267.33,259.7094,0.23665718525158652,-0.002842928216062468,-0.010548759959600473,R2_up_vol
2018-04-17,270.19,259.85360000000003,0.2355279230483158,-0.026684925422850503,-0.019282726969909958,R2_up_vol
2018-04-18,270.39,259.99655000000007,0.23545774384662907,-0.02500092459040637,-0.026591220089500323,R2_up_vol
2018-04-19,268.89,260.12995,0.2361843914197904,-0.009595001673546766,-0.023318085462456728,R2_up_vol
2018-04-20,266.61,260.24915,0.21951138262526745,-0.00018753985221864333,-0.002212970256179503,R2_up_vol
2018-04-23,266.57,260.37925000000007,0.20349637512161697,-0.007727801327981454,0.001312975953783324,R2_up_vol
2018-04-24,262.98,260.4836000000001,0.18666274893366047,0.007605141075367028,0.014982127918472976,R1_up_calm
2018-04-25,263.63,260.5899,0.17599327627034467,-0.0016310738535068037,0.02226605469787213,R1_up_calm
2018-04-26,266.31,260.71049999999997,0.17860726077515074,-0.013856032443393063,0.02144117757500652,R1_up_calm
2018-04-27,266.56,260.82325,0.17339730661331604,-0.00202581032412974,0.02359693877551039,R1_up_calm
2018-04-30,264.51,260.9237,0.15546436756207255,0.009111186722619236,0.032021473668292444,R1_up_calm
2018-05-01,264.98,261.0208,0.1495734943664183,0.007321307268473021,0.023096082723224498,R1_up_calm
2018-05-02,263.2,261.10915,0.1471104271748678,0.02393617021276606,0.034346504559270574,R1_up_calm
2018-05-03,262.62,261.19395000000003,0.14422543193300416,0.03579316122153675,0.03575508339045008,R1_up_calm
2018-05-04,266.02,261.28909999999996,0.12634965959082511,0.02567476129614321,0.01996090519509819,R1_up_calm
2018-05-07,266.92,261.3882,0.12586624909601055,0.022703431739847124,0.02416454368350074,R1_up_calm
2018-05-08,266.92,261.48839999999996,0.11333968345937177,0.015660122883260907,0.021317248613816897,R1_up_calm
2018-05-09,269.5,261.60179999999997,0.1158824190108659,0.010166975881261697,0.014322820037105721,R1_up_calm
2018-05-10,272.02,261.72479999999996,0.11685296406308239,-3.676200279389974e-05,0.00286743621792529,R1_up_calm
2018-05-11,272.85,261.8519,0.11601649942735533,-0.005570826461425815,-0.002565512186183061,R1_up_calm
2018-05-14,272.98,261.98079999999993,0.11325616986255005,0.001428676093486736,-0.014506557256942054,R1_up_calm
2018-05-15,271.1,262.10175,0.11063913513536536,0.0055699004057543355,0.0055699004057543355,R1_up_calm
2018-05-16,272.24,262.22909999999996,0.11155253343217407,0.004114017043785001,-0.0047751983543932175,R1_up_calm
2018-05-17,272.01,262.35254999999995,0.10947859714999096,0.002904304988787354,0.005845373331862858,R1_up_calm
2018-05-18,271.33,262.472,0.10483768118730669,0.0030221501492646574,0.013157409796189068,R1_up_calm
2018-05-21,273.37,262.60405000000003,0.10732305189331079,-0.01591249954274432,0.006328419358378801,R1_up_calm
2018-05-22,272.61,262.73005,0.09351854995216291,0.0,0.017570888815523933,R1_up_calm
2018-05-23,273.36,262.8575,0.09355028715644928,-0.00885279484928303,0.014669300556043208,R1_up_calm
2018-05-24,272.8,262.9852,0.08909106747082314,0.0029325513196480912,0.019758064516129048,R1_up_calm
2018-05-25,272.15,263.10970000000003,0.08999910758347011,0.010104721660848748,0.0235531875803785,R1_up_calm
2018-05-29,269.02,263.23600000000005,0.09581312630456335,0.022600550144970866,0.03680023790052789,R1_up_calm
2018-05-30,272.61,263.37845000000004,0.10547169724913776,0.017570888815523933,0.019881882542826634,R1_up_calm
2018-05-31,270.94,263.50045000000006,0.10488034613855021,0.023732191629143085,0.028751753155680237,R1_up_calm
2018-06-01,273.6,263.63590000000005,0.10791578657392256,0.016776315789473584,0.01290204678362561,R1_up_calm
2018-06-04,274.9,263.77570000000003,0.10073111258659127,0.013313932339032553,0.006038559476173155,R1_up_calm
2018-06-05,275.1,263.93575000000004,0.10056457938150296,0.013885859687386315,0.001454016721192275,R1_up_calm
2018-06-06,277.4,264.10920000000004,0.10321497240007334,0.0022710886806056596,-0.005155010814707817,R1_up_calm
2018-06-07,277.37,264.28155000000004,0.09929916401234183,0.004903197894509104,-0.011284565742510022,R1_up_calm
2018-06-08,278.19,264.4453000000001,0.09509379700773896,-0.003810345447356145,-0.01240159603148927,R1_up_calm
2018-06-11,278.56,264.61530000000005,0.09482768418117893,-0.007179781734635293,-0.02713957495692132,R1_up_calm
2018-06-12,278.92,264.78995000000003,0.09480806995951194,-0.012261580381471404,-0.02624408432525449,R1_up_calm
2018-06-13,278.03,264.9573,0.09151720591962481,-0.0074092723806781224,-0.031219652555479427,R1_up_calm
2018-06-14,278.73,265.1281,0.09099527070333281,-0.016108779105227344,-0.028127578660352426,R1_up_calm
2018-06-15,277.13,265.28950000000003,0.09406223034041497,-0.00862411142784969,-0.021109226716703455,R1_up_calm
2018-06-18,276.56,265.44225,0.09386008620349563,-0.02010413653456755,-0.01699450390512003,R1_up_calm
2018-06-19,275.5,265.5823,0.0919942292648164,-0.014156079854809378,-0.016696914700544574,R1_up_calm
2018-06-20,275.97,265.72295,0.09131873000847028,-0.023988114650143166,-0.010363445302025598,R1_up_calm
2018-06-21,274.24,265.86384999999996,0.09410717591338634,-0.012215577596266125,0.004302800466744472,R1_up_calm
2018-06-22,274.74,266.00305000000003,0.09390390348642534,-0.01259372497634137,0.011501783504404006,R1_up_calm
2018-06-25,271.0,266.1237,0.10609219388683203,0.0031734317343175,0.029151291512915067,R1_up_calm
2018-06-26,271.6,266.24879999999996,0.09745331726279333,-0.002577319587629079,0.019366715758468267,R1_up_calm
2018-06-27,269.35,266.3495,0.0897141164240083,0.013959532207165282,0.037200668275477966,R1_up_calm
2018-06-28,270.89,266.45369999999997,0.08986034603818521,0.016722654952194826,0.03211635719295658,R1_up_calm
2018-06-29,271.28,266.55924999999996,0.08239121782754338,0.024402831023296878,0.029710999705101715,R1_up_calm
2018-07-02,271.86,266.6681,0.0807271840986256,0.025895681600823783,0.03167071286691692,R1_up_calm
2018-07-03,270.9,266.77664999999996,0.08124575787418375,0.022000738279808196,0.03750461424880047,R1_up_calm
2018-07-05,273.11,266.8936,0.08094999830275845,0.022921167295228972,0.02522793013803959,R1_up_calm
2018-07-06,275.42,267.02085,0.08730242988217972,0.015140512671556028,0.01546728632633787,R1_up_calm
2018-07-09,277.9,267.16005,0.09275879380013467,0.00518172004318096,0.008276358402303119,R1_up_calm
2018-07-10,278.9,267.30760000000004,0.0935500985224989,0.005629257798494214,0.009716744352814777,R1_up_calm
2018-07-11,276.86,267.4447,0.09699928568904655,0.015170122083363324,0.02582532688001149,R1_up_calm
2018-07-12,279.37,267.5969,0.1018568477207466,0.002255073916311634,0.014210545155170395,R1_up_calm
2018-07-13,279.59,267.74945,0.10152935618816074,0.0003218999248901788,0.006545298472763861,R1_up_calm
2018-07-16,279.34,267.8959,0.09921551452302114,0.0030786854729003554,0.002183718765661924,R1_up_calm
2018-07-17,280.47,268.04650000000004,0.09957305742856258,0.004064605840196744,0.00306628159874478,R1_up_calm
2018-07-18,281.06,268.19565,0.09820248755700299,0.010495979506155217,-0.0007115918309257285,R1_up_calm
2018-07-19,280.0,268.33405,0.09959882712849347,0.011928571428571288,0.008535714285714313,R1_up_calm
2018-07-20,279.68,268.46815,0.0964172500157461,0.006221395881006897,0.014016018306636235,R1_up_calm
2018-07-23,280.2,268.60335,0.09642148934468611,-0.0008922198429692774,0.0158458244111348,R1_up_calm
2018-07-24,281.61,268.7381,0.08011436017027339,-0.000994282873477581,0.014097510741805985,R1_up_calm
2018-07-25,284.01,268.8863,0.08344397988279506,-0.011091158762015385,0.005105454033308643,R1_up_calm
2018-07-26,283.34,269.03324999999995,0.07577945239219944,-0.0033528622855932833,0.006105738688501505,R1_up_calm
2018-07-27,281.42,269.16724999999997,0.08161190036580496,0.0077464288252433455,0.006182929429322748,R1_up_calm
2018-07-30,279.95,269.2919,0.08546896106017873,0.01675299160564392,0.007679942846937182,R1_up_calm
2018-07-31,281.33,269.42535,0.08627837163027344,0.015106814061778051,0.009135179326769327,R1_up_calm
2018-08-01,280.86,269.5549,0.08501787529011906,0.016378266752118398,0.0032756533504234575,R1_up_calm
2018-08-02,282.39,269.6904,0.08287378436017115,0.009490421048903963,0.005913807146145533,R1_up_calm
2018-08-03,283.6,269.83105,0.07963686913680833,-0.0015514809590972956,0.005148095909731865,R1_up_calm
2018-08-06,284.64,269.97565,0.07510789688832457,-0.008923552557616565,0.0036186059584037977,R1_up_calm
2018-08-07,285.58,270.1246,0.07499041192577946,-0.00588276489950279,0.002661250787870273,R1_up_calm
2018-08-08,285.46,270.26635,0.06827920973487758,-0.012891473411336118,0.002487213620121942,R1_up_calm
2018-08-09,285.07,270.41114999999996,0.0629010060636048,-0.0035429894411898033,0.0025256954432246737,R1_up_calm
2018-08-10,283.16,270.54415,0.06864044940450158,0.006709987286339869,0.015362339313462314,R1_up_calm
2018-08-13,282.1,270.6782,0.07021474463057423,0.012655086848635255,0.027224388514710984,R1_up_calm
2018-08-14,283.9,270.81960000000004,0.07222626886994137,0.008594575554772721,0.021204649524480645,R1_up_calm
2018-08-15,281.78,270.93995,0.07743934587486462,0.015579530129888663,0.0344240187380227,R1_up_calm
2018-08-16,284.06,271.07649999999995,0.08084412338897495,0.006090262620573217,0.021967190030275363,R1_up_calm
2018-08-17,285.06,271.21604999999994,0.08111045120532166,0.008594681821370909,0.018417175331509217,R1_up_calm
2018-08-20,285.67,271.35695,0.0811579702322433,0.014387230020653119,0.014492246298176248,R1_up_calm
2018-08-21,286.34,271.5007,0.07993198420761036,0.012502619263812464,0.009394426206607465,R1_up_calm
2018-08-22,286.17,271.6393,0.07472980508252235,0.0185554041304119,0.006953908515917151,R1_up_calm
2018-08-23,285.79,271.774,0.07431611672281126,0.01578081808320797,0.006333321669757419,R1_up_calm
2018-08-24,287.51,271.9182,0.07164099347442975,0.009738791694201998,0.002052102535563982,R1_up_calm
2018-08-27,289.78,272.07155,0.07143592521298303,0.00010352681344483194,-0.002519152460487173,R1_up_calm
2018-08-28,289.92,272.2303,0.07053658455341882,-0.003069812362031077,-0.0027593818984548157,R1_up_calm
2018-08-29,291.48,272.39725,0.07075775000159491,-0.011390146836832704,-0.0022299986276932415,R1_up_calm
2018-08-30,290.3,272.5571,0.07239374962608522,-0.009300723389596977,0.001997933172580124,R1_up_calm
2018-08-31,290.31,272.72,0.07170684366020354,-0.007612552099479752,-0.0033412558988668017,R1_up_calm
2018-09-04,289.81,272.88685,0.07177283745752998,-0.0026224077844104743,0.0037955902142783327,R1_up_calm
2018-09-05,289.03,273.03889999999996,0.07226857468507926,0.000311386361277588,0.007577068124416275,R1_up_calm
2018-09-06,288.16,273.19039999999995,0.07333344118150667,0.009265685730149853,0.018808995002776108,R1_up_calm
2018-09-07,287.6,273.3369,0.0735539802758025,0.011404728789985885,0.015264255910987456,R1_up_calm
2018-09-10,288.1,273.47745,0.06858709696231852,0.004304061089899225,0.0101353696633113,R1_up_calm
2018-09-11,289.05,273.6239,0.06683506556277735,0.006434872859366836,0.005881335409098742,R1_up_calm
2018-09-12,289.12,273.7677,0.06406101166183056,0.007263420033204238,0.0026286662977310638,R1_up_calm
2018-09-13,290.83,273.9207,0.05811475706924265,0.009455695767286665,-0.0004813808754254856,R1_up_calm
2018-09-14,290.88,274.06075,0.05296952332198135,0.00381600660066006,-0.0005500550055004272,R1_up_calm
2018-09-17,289.34,274.1939,0.05693605807633344,0.005806317826778207,0.008260178336904733,R1_up_calm
2018-09-18,290.91,274.3234,0.059141278325449166,-0.0005499982812554594,0.002234368017599797,R1_up_calm
2018-09-19,291.22,274.4572,0.058903875085347265,-0.004601332326076624,0.0017169150470435213,R1_up_calm
2018-09-20,293.58,274.6044,0.06391397859139221,-0.009843994822535507,-0.014101778050275904,R1_up_calm
2018-09-21,291.99,274.7484,0.06768050926322348,-0.00434946402274039,-0.014281311003801589,R1_up_calm
2018-09-24,291.02,274.8873,0.06676677947329376,0.0024396948663323315,-0.010995807848257821,R1_up_calm
2018-09-25,290.75,275.0207,0.061148709076044354,0.002785898538263165,-0.011521926053310483,R1_up_calm
2018-09-26,289.88,275.14254999999997,0.062149603707662905,0.006347454118945883,-0.03994756450945214,R1_up_calm
2018-09-27,290.69,275.26445,0.05982489784504278,-0.004300113522996973,-0.06371048195672357,R1_up_calm
2018-09-28,290.72,275.38415,0.05800351741325609,-0.009975233902036473,-0.05080489818381961,R1_up_calm
2018-10-01,291.73,275.50905,0.05924116999832631,-0.01340280396256821,-0.05940424364995045,R1_up_calm
2018-10-02,291.56,275.63855,0.05887584988196383,-0.01426807518178086,-0.038276855535738896,R1_up_calm
2018-10-03,291.72,275.7646,0.05780265009210826,-0.046003016591251944,-0.038632935691759296,R1_up_calm
2018-10-04,289.44,275.87080000000003,0.06388318474814943,-0.05966694306246534,-0.045052515201769006,R1_up_calm
2018-10-05,287.82,275.97405000000003,0.06679325789541524,-0.04124105343617546,-0.04019873532068652,R1_up_calm
2018-10-08,287.82,276.078,0.06649121830599777,-0.046626363699534434,-0.044506983531373834,R1_up_calm
2018-10-09,287.4,276.17710000000005,0.06545624291629586,-0.02435629784272786,-0.047981906750173886,R1_up_calm
2018-10-10,278.3,276.23105000000004,0.13065750935593537,0.0077254761049225795,-0.04664031620553366,R1_up_calm
2018-10-11,272.17,276.25595,0.14573396753910892,0.015541756990116395,-0.007679024139324753,R3_down_calm
2018-10-12,275.95,276.2991,0.1575948557301816,0.00108715346983157,-0.038485232832034755,R3_down_calm
2018-10-15,274.4,276.33175000000006,0.15767205460070513,0.002223032069970987,-0.038411078717201064,R3_down_calm
2018-10-16,280.4,276.39945000000006,0.17788612581744984,-0.02421540656205412,-0.045042796005706154,R1_up_calm
2018-10-17,280.45,276.45785,0.17772183813516956,-0.05394901051880907,-0.03501515421643786,R1_up_calm
2018-10-18,276.4,276.4875,0.17904693915764744,-0.022865412445730815,-0.010455861070911676,R3_down_calm
2018-10-19,276.25,276.5107,0.1790129486224413,-0.039529411764705924,-0.01578280542986432,R3_down_calm
2018-10-22,275.01,276.51865000000004,0.17910952547223352,-0.04054398021890104,-0.005890694883822434,R3_down_calm
2018-10-23,273.61,276.5171,0.179134986008386,-0.02134424911370214,0.005518804137275568,R3_down_calm
2018-10-24,265.32,276.471,0.2043917096829792,0.0200135685210312,0.05913613749434643,R3_down_calm
2018-10-25,270.08,276.4508,0.21789337484594928,0.012699940758293948,0.03858116113744092,R3_down_calm
2018-10-26,265.33,276.39685000000003,0.22293779241173095,0.024723928692571562,0.04684732220254029,R3_down_calm
2018-10-29,263.86,276.32655,0.22091482561585002,0.036117638141438535,0.033009929508072355,R3_down_calm
2018-10-30,267.77,276.28055,0.23140917320488716,0.027448930051910292,0.016021212234380355,R3_down_calm
2018-10-31,270.63,276.23564999999996,0.23688266953739712,0.0383549495621327,-0.0015888851938070658,R3_down_calm
2018-11-01,273.51,276.2075,0.2416449155352419,0.025556652407590308,-0.0017915249899455032,R3_down_calm
2018-11-02,271.89,276.1649,0.24169778187304608,0.021589613446614475,0.006767442715804206,R3_down_calm
2018-11-05,273.39,276.1184,0.2433406940202378,-0.0029993781776948003,-0.015691868758915706,R3_down_calm
2018-11-06,275.12,276.07755000000003,0.24536524503392648,-0.011122419307938336,-0.039982553067752225,R3_down_calm
2018-11-07,281.01,276.0667,0.23157518229198518,-0.03846838190811719,-0.056901889612469336,R2_up_vol
2018-11-08,280.5,276.0527,0.21575646492524336,-0.026666666666666727,-0.06149732620320858,R2_up_vol
2018-11-09,277.76,276.00860000000006,0.21419624689526656,-0.014508928571428492,-0.03693836405529949,R2_up_vol
2018-11-12,272.57,275.94805,0.2240012295890597,-0.012730674689070631,-0.015298822320871763,R3_down_calm
2018-11-13,272.06,275.89955000000003,0.20842924095228985,-0.02918473866058957,0.009262662647945286,R3_down_calm
2018-11-14,270.2,275.84105,0.20916929841060855,-0.01917098445595855,0.013989637305699576,R3_down_calm
2018-11-15,273.02,275.79825,0.2078317806414735,-0.035784924181378575,0.00963299391985939,R3_down_calm
2018-11-16,273.73,275.78965,0.20814492007784566,-0.022759653673327773,0.020348518613231947,R3_down_calm
2018-11-19,269.1,275.81550000000004,0.21600547492861902,-0.002601263470828896,0.004273504273504258,R3_down_calm
2018-11-20,264.12,275.79045,0.2245603184830002,0.039603210661820265,0.021656822656368258,R3_down_calm
2018-11-21,265.02,275.7772,0.19710718477756292,0.033808769149498374,-0.005471285186023689,R3_down_calm
2018-11-23,263.25,275.80530000000005,0.1865984807477444,0.047103513770180294,0.0031149097815763582,R3_down_calm
2018-11-26,267.5,275.8353,0.18556980765580913,0.044112149532710365,-0.012598130841121491,R3_down_calm
2018-11-27,268.4,275.8506,0.18446519035477843,0.006892697466468034,-0.010953800298062588,R3_down_calm
2018-11-28,274.58,275.8935,0.19443615434804817,-0.017262728530847093,-0.033542137082088974,R3_down_calm
2018-11-29,273.98,275.9154500000001,0.19154564654220504,-0.037995474122198836,-0.049310168625447126,R3_down_calm
2018-11-30,275.65,275.9285500000001,0.18908569218388369,-0.04200979502992919,-0.07360783602394327,R3_down_calm
2018-12-03,279.3,275.9595000000001,0.1927205724646967,-0.05431435732187617,-0.08671679197994986,R1_up_calm
2018-12-04,270.25,275.95375000000007,0.2269823135120823,-0.017724329324699473,-0.07026827012025905,R3_down_calm
2018-12-06,269.84,275.95270000000005,0.2255288436203168,-0.016565372072339102,-0.08401274829528604,R3_down_calm
2018-12-07,263.57,275.91855000000004,0.22309079273640472,-0.011761581363584517,-0.0867701179952195,R3_down_calm
2018-12-10,264.07,275.86535000000003,0.22378485365514467,-0.032983678570076,-0.11258378460256746,R3_down_calm
2018-12-11,264.13,275.79650000000004,0.22257461046101734,-0.0342634308863059,-0.06795895960322562,R3_down_calm
2018-12-12,265.46,275.75165,0.21533927759111587,-0.05349205153318759,-0.06550892789874174,R3_down_calm
2018-12-13,265.37,275.72025,0.21535602192826264,-0.06858348720654184,-0.0663978595922674,R3_down_calm
2018-12-14,260.47,275.6841,0.22333857584097477,-0.0759012554228895,-0.040503704841248656,R3_down_calm
2018-12-17,255.36,275.6155,0.22712026076336586,-0.08231516290726826,-0.020285087719298267,R3_down_calm
2018-12-18,255.08,275.52995000000004,0.22621541114092564,-0.03489101458366006,-0.04261408185667248,R3_down_calm
2018-12-19,251.26,275.42185,0.22475579452449254,-0.012696012099020937,0.004497333439465123,R3_down_calm
2018-12-20,247.17,275.29380000000003,0.222851210896558,0.0023465630942267612,0.02917020674030013,R3_down_calm
2018-12-21,240.7,275.1268,0.23582666103722613,0.03830494391358541,0.06676360614873289,R3_down_calm
2018-12-24,234.34,274.90414999999996,0.24839264709069828,0.0675940940513784,0.10083639156780766,R3_down_calm
2018-12-26,246.18,274.74244999999996,0.30809013049077755,-0.008002274758306949,0.05158826874644573,R4_down_vol
2018-12-27,248.07,274.5992,0.3098483031095687,0.01741443947272936,0.043979521909138564,R4_down_vol
2018-12-28,247.75,274.46145,0.2936974241353744,0.026760847628657825,0.03895055499495448,R4_down_vol
2018-12-31,249.92,274.33605,0.2976778138437523,0.027408770806658156,0.041733354673495704,R4_down_vol
2019-01-02,250.18,274.21594999999996,0.2958137286924641,0.03113758094172203,0.04316891837876735,R4_down_vol
2019-01-03,244.21,274.08455,0.29534262342797285,0.0600712501535563,0.07677818271160053,R4_down_vol
2019-01-04,252.39,273.99174999999997,0.30998018579842035,0.02611038472205718,0.05574705812433134,R4_down_vol
2019-01-07,254.38,273.91149999999993,0.31251696074504587,0.01187200251592091,0.03333595408444068,R4_down_vol
2019-01-08,256.77,273.877,0.3055342277023278,0.01394243875842216,0.02585971881450333,R4_down_vol
2019-01-09,257.97,273.87660000000005,0.3060763233506919,0.01166802341357509,0.02163042214210953,R4_down_vol
2019-01-10,258.88,273.84545,0.3064986213311754,0.015760197775030793,0.02665327564894926,R4_down_vol
2019-01-11,258.98,273.83735,0.30573036940945564,0.028882539192215395,0.018457023708394305,R4_down_vol
2019-01-14,257.4,273.82520000000005,0.3061937212468984,0.02121212121212146,0.02334887334887359,R4_down_vol
2019-01-15,260.35,273.81120000000004,0.30246729278745194,0.0117534088726714,0.027770309199154797,R4_down_vol
2019-01-16,260.98,273.82875,0.29333101731939626,0.009847497892558899,0.034293815618055,R4_down_vol
2019-01-17,262.96,273.83970000000005,0.2940836702852499,0.010724064496501429,0.02700030422878008,R4_down_vol
2019-01-18,266.46,273.8542,0.29001771968919116,-0.010132852961044714,0.020640996772498754,R4_down_vol
2019-01-22,262.86,273.8403,0.28769399079013214,0.0020923685612113108,0.038956098303279285,R4_down_vol
2019-01-23,263.41,273.85875000000004,0.2657354080172327,0.015830834060969412,0.035420067575262726,R4_down_vol
2019-01-24,263.55,273.8715,0.23947449478044558,0.024207930184025894,0.02500474293302979,R3_down_calm
2019-01-25,265.78,273.8746500000001,0.17699203019558432,0.016103544284746807,0.017646173526977504,R3_down_calm
2019-01-28,263.76,273.8746500000001,0.1808862684525024,0.03108886866848648,0.026008492569002284,R3_down_calm
2019-01-29,263.41,273.86205000000007,0.18089815406757484,0.036786758285562327,0.04058312136972786,R3_down_calm
2019-01-30,267.58,273.8742000000001,0.18543805242274408,0.019283952462815,0.02769265266462373,R3_down_calm
2019-01-31,269.93,273.8872,0.1861450307117762,0.0007779794761604286,0.016485755566257865,R3_down_calm
2019-02-01,270.06,273.88655,0.15502064817335826,0.0015181811449307414,0.027068058949863083,R3_down_calm
2019-02-04,271.96,273.8944,0.1153305038561658,-0.004927195175761012,0.02165759670539802,R3_down_calm
2019-02-05,273.1,273.91545,0.11432305120837027,0.0036616623947272053,0.01944342731600157,R3_down_calm
2019-02-06,272.74,273.9461,0.11341256109357346,0.008249615017965839,0.01715919923736897,R3_down_calm
2019-02-07,270.14,273.96395,0.12163946421394684,0.015695565262456634,0.03331605834011997,R3_down_calm
2019-02-08,270.47,274.0014,0.12160841929073743,0.025511147262173184,0.03346027285835751,R3_down_calm
2019-02-11,270.62,274.03635,0.1215767883272993,0.0267164289409505,0.03214839997043817,R3_down_calm
2019-02-12,274.1,274.07529999999997,0.1229263062031005,0.01572418825246258,0.01860634804815753,R1_up_calm
2019-02-13,274.99,274.11744999999996,0.11901111240687715,0.008836684970362496,0.013418669769809766,R1_up_calm
2019-02-14,274.38,274.16679999999997,0.12030719456888309,0.017348203221809078,0.022013266273052112,R1_up_calm
2019-02-15,277.37,274.22875,0.12267520071332087,0.007751379024407701,0.007318743916068682,R1_up_calm
2019-02-19,277.85,274.30199999999996,0.11617122274624142,0.005290624437646052,0.004210905164657053,R1_up_calm
2019-02-20,278.41,274.38095,0.10033337407079967,0.0028375417549655335,-0.0038791710067886953,R1_up_calm
2019-02-21,277.42,274.43795,0.10289231592911002,0.0045418499026745884,-0.008687189099560344,R1_up_calm
2019-02-22,279.14,274.49905,0.10334560524873435,0.004585512645984169,-0.01676578061187939,R1_up_calm
2019-02-25,279.52,274.56205,0.10133460346492631,-0.00042930738408697433,-0.003863766456782991,R1_up_calm
2019-02-26,279.32,274.61115,0.09491897706692602,-0.0010740369468710265,0.0006086209365603334,R1_up_calm
2019-02-27,279.2,274.64705,0.09444502337420257,-0.006697707736389669,0.007664756446991383,R1_up_calm
2019-02-28,278.68,274.67620000000005,0.08273966297506619,-0.013169226352806152,0.008899095737046059,R1_up_calm
2019-03-01,280.42,274.71340000000004,0.08048126565601023,-0.021253833535411326,0.003173810712502556,R1_up_calm
2019-03-04,279.4,274.7549,0.08275027648535813,-0.0034359341445955316,0.010486757337150987,R1_up_calm
2019-03-05,279.02,274.7888,0.0809401969998225,0.0016844670632929493,0.012113826965808983,R1_up_calm
2019-03-06,277.33,274.8154,0.0841884091747086,0.014459308405148974,0.015216529044820293,R1_up_calm
2019-03-07,275.01,274.8338,0.09006506201117143,0.02236282317006677,0.0353441693029346,R1_up_calm
2019-03-08,274.46,274.83925000000005,0.08262333658605428,0.024958099540916878,0.017452452087735937,R3_down_calm
2019-03-11,278.44,274.86840000000007,0.09572661646630576,0.013970693865823725,0.002154862807068003,R1_up_calm
2019-03-12,279.49,274.89905000000005,0.09600496900178397,0.010411821532076093,0.005832051236180247,R1_up_calm
2019-03-13,281.34,274.94175,0.08870117537376086,0.0007464278097677468,-0.0060069666595578,R1_up_calm
2019-03-14,281.16,274.9868,0.08864638802861717,0.012697396500213287,-0.0016005121638925646,R1_up_calm
2019-03-15,281.31,275.04825,0.08780924646379228,-0.007322882229568783,0.004159112722619263,R1_up_calm
2019-03-18,282.33,275.09685,0.08081119593804068,-0.011653030142032228,0.012396840576630153,R1_up_calm
2019-03-19,282.4,275.15415,0.08077732811527386,-0.004532577903682666,0.012641643059490226,R1_up_calm
2019-03-20,281.55,275.19390000000004,0.08175135311159754,-0.006748357307760688,0.01729710530989159,R1_up_calm
2019-03-21,284.73,275.24305000000004,0.08844682798109862,-0.014118638710357345,0.008604642995118095,R1_up_calm
2019-03-22,279.25,275.26380000000006,0.11302141579646545,0.011566696508505059,0.03337511190689346,R1_up_calm
2019-03-25,279.04,275.27200000000005,0.11293779183940472,0.02433342889908241,0.034941227064220204,R1_up_calm
2019-03-26,281.12,275.29075000000006,0.11599243068739458,0.017252418895845167,0.02201906659077979,R1_up_calm
2019-03-27,279.65,275.2980500000001,0.11765203965920638,0.02420883246915806,0.03089576256034343,R1_up_calm
2019-03-28,280.71,275.3088000000001,0.11812084934999417,0.02304869794449793,0.026717965159773538,R1_up_calm
2019-03-29,282.48,275.3266000000001,0.11816141014386437,0.021559048428207106,0.0271877655055226,R1_up_calm
2019-04-01,285.83,275.36560000000014,0.1237807916951325,0.010355805898611292,0.0144841339257602,R1_up_calm
2019-04-02,285.97,275.4018000000001,0.12345921691188964,0.004685806203447829,0.014651886561527494,R1_up_calm
2019-04-03,286.42,275.44825000000014,0.12040384241990947,0.006528873682005498,0.010578870190629086,R1_up_calm
2019-04-04,287.18,275.50135000000006,0.1144576299905811,0.0035866007382128196,0.00988926805487833,R1_up_calm
2019-04-05,288.57,275.5667000000001,0.11372507710719383,0.00550992826697172,0.005891118272862705,R1_up_calm
2019-04-08,288.79,275.6308000000001,0.10476298662879314,0.004086014058658494,0.014162540254163858,R1_up_calm
2019-04-09,287.31,275.6961500000001,0.1073120739260916,0.009919599039365234,0.01712436044690402,R1_up_calm
2019-04-10,288.29,275.7639,0.10584167433539049,0.004023726109126047,0.013042422560616052,R1_up_calm
2019-04-11,288.21,275.84995,0.10576497722615102,0.006280142951320178,0.018042399639152107,R1_up_calm
2019-04-12,290.16,275.94275,0.10749876670694744,0.00037910118555273264,0.012786049076371597,R1_up_calm
2019-04-15,289.97,276.04585000000003,0.10747753674379608,0.010035520915956608,0.013966962099527302,R1_up_calm
2019-04-16,290.16,276.14220000000006,0.10743262491677927,0.007133995037220897,0.005686517783291878,R1_up_calm
2019-04-17,289.45,276.23305000000005,0.10714637826065045,0.00898255311798235,0.005976852651580655,R1_up_calm
2019-04-18,290.02,276.32385,0.10070616559262141,0.011688849044893646,0.01382663264602435,R1_up_calm
2019-04-22,290.27,276.42069999999995,0.06613391906586137,0.01240224618458674,0.00878492438074896,R1_up_calm
2019-04-23,292.88,276.5195499999999,0.06977369859346928,0.003892379131384738,-0.016901119912592133,R1_up_calm
2019-04-24,292.23,276.6036,0.0689932565424406,-0.001437224104301471,-0.01608322211956348,R1_up_calm
2019-04-25,292.05,276.67435,0.0644088524923469,-0.002978941961992776,-0.018455743879472686,R1_up_calm
2019-04-26,293.41,276.74690000000004,0.06476734281826227,0.0021130840802969786,-0.01809754268770658,R1_up_calm
2019-04-29,293.87,276.83195000000006,0.06297241248531747,-0.0035730084731344647,-0.044271276414741156,R1_up_calm
2019-04-30,294.02,276.9052,0.05130786538233093,-0.020712876675056058,-0.03611999183728998,R1_up_calm
2019-05-01,291.81,276.9663,0.06035366647281771,-0.014667077893149805,-0.023131489667934657,R1_up_calm
2019-05-02,291.18,277.0255,0.0613399762384321,-0.01552304416512118,-0.011951370286420793,R1_up_calm
2019-05-03,294.03,277.0933,0.06884336222277992,-0.020168010066999753,-0.027854300581573344,R1_up_calm
2019-05-06,292.82,277.1521,0.06987466390355787,-0.04084420463083116,-0.030291646745440937,R1_up_calm
2019-05-07,287.93,277.19175,0.09365986453085938,-0.015732990657451595,-0.004931754245823705,R1_up_calm
2019-05-08,287.53,277.231,0.09194116199293975,-0.00859040795743038,-0.006608006121100352,R1_up_calm
2019-05-09,286.66,277.2633,0.09165290729701119,0.003627991348635895,-0.015767808553687424,R1_up_calm
2019-05-10,288.1,277.29575,0.09355998132320223,-0.007844498438042469,-0.018465810482471534,R1_up_calm
2019-05-13,280.86,277.28000000000003,0.1266420892135044,0.011001922666096897,-0.0025279498682618806,R1_up_calm
2019-05-14,283.4,277.2803,0.13214760952991186,0.010973888496824236,-0.01810162314749464,R1_up_calm
2019-05-15,285.06,277.2985,0.13434838849777567,0.0019995790359923493,-0.021153441380762028,R1_up_calm
2019-05-16,287.7,277.33725,0.13885661650346293,-0.01932568647897115,-0.043204727146333055,R1_up_calm
2019-05-17,285.84,277.35979999999995,0.14025837993361925,-0.010705289672544138,-0.0394276518331933,R1_up_calm
2019-05-20,283.95,277.37524999999994,0.14164990769161565,-0.013382637788343033,-0.012044374009508751,R1_up_calm
2019-05-21,286.51,277.39584999999994,0.14167235909272852,-0.028759903668283848,-0.01239049247844759,R1_up_calm
2019-05-22,285.63,277.4059999999999,0.14179453515030796,-0.023106816510870765,-0.0029058572278821693,R1_up_calm
2019-05-23,282.14,277.3934999999999,0.14717672584444924,-0.024349613666973857,0.01952931168923233,R1_up_calm
2019-05-24,282.78,277.37949999999995,0.1460481611715052,-0.029033170662705943,0.021889808331565286,R1_up_calm
2019-05-28,280.15,277.35294999999996,0.14779239912202513,0.0013564162056041162,0.03123326789220071,R1_up_calm
2019-05-29,278.27,277.3189499999999,0.14814288194178468,0.016854134473712534,0.036367556689546054,R1_up_calm
2019-05-30,279.03,277.2983,0.14822311451659267,0.020678780059491864,0.037809554528186906,R1_up_calm
2019-05-31,275.27,277.2641499999999,0.1535761209762819,0.04497402550223417,0.05082282849565889,R3_down_calm
2019-06-03,274.57,277.2175,0.14627911630421012,0.0524456422770152,0.05390246567359869,R3_down_calm
2019-06-04,280.53,277.21124999999995,0.17081758445897455,0.029836381135707413,0.042312765123159846,R1_up_calm
2019-06-05,282.96,277.2057499999999,0.16559550164620884,0.01918999151823586,0.03569409103760246,R1_up_calm
2019-06-06,284.8,277.20444999999995,0.16761306495407807,0.016783707865168473,0.03883426966292136,R1_up_calm
2019-06-07,287.65,277.21434999999997,0.17128871821634412,0.005597079784460224,0.022075438901442812,R1_up_calm
2019-06-10,288.97,277.22749999999996,0.17113353295355924,0.0013842267363393113,0.01616084714676247,R1_up_calm
2019-06-11,288.9,277.24115,0.14203431076955017,0.012114918656974671,0.006438213914849555,R1_up_calm
2019-06-12,288.39,277.2541499999999,0.13952190310064552,0.016193349283955882,0.007212455355595004,R1_up_calm
2019-06-13,289.58,277.2645,0.1388407986851222,0.021686580564956204,0.006630292147247863,R1_up_calm
2019-06-14,289.26,277.26189999999997,0.1353165978824363,0.01638664177556537,0.012929544354559841,R1_up_calm
2019-06-17,289.37,277.25915000000003,0.1329436735794356,0.014756194491481356,0.02173687666309565,R1_up_calm
2019-06-18,292.4,277.26375,0.1343839921177292,-0.005608755129958953,0.013782489740082227,R1_up_calm
2019-06-19,293.06,277.27755,0.13148952641869616,-0.00883778065925056,0.019586432812393362,R1_up_calm
2019-06-20,295.86,277.30530000000005,0.13371955767624316,-0.014736699790441454,0.008787940242006131,R1_up_calm
2019-06-21,294.0,277.32625,0.12688832692789495,-0.003401360544217691,0.009591836734693882,R1_up_calm
2019-06-24,293.64,277.3493,0.1274167993169205,0.006879171774962778,0.012089633564909441,R1_up_calm
2019-06-25,290.76,277.3623,0.12802709044587954,0.019500619067271963,0.026998211583436627,R1_up_calm
2019-06-26,290.47,277.37665000000004,0.12449191188193784,0.02867766034358099,0.030433435466657333,R1_up_calm
2019-06-27,291.5,277.39365000000004,0.12457563853149622,0.023876500857632932,0.031389365351629506,R1_up_calm
2019-06-28,293.0,277.4134,0.11005022457356381,0.013037542662116097,0.026450511945392385,R1_up_calm
2019-07-01,295.66,277.44610000000006,0.10981972775531243,0.005174863018331699,0.013698166813231216,R1_up_calm
2019-07-02,296.43,277.4741,0.08746446567174648,0.007354181425631712,0.00441925581081537,R1_up_calm
2019-07-03,298.8,277.5137000000001,0.086905524202068,0.0017068273092368802,0.00010040160642565965,R1_up_calm
2019-07-05,298.46,277.55930000000006,0.08674417714077166,0.007337666689003486,-0.004322187227769114,R1_up_calm
2019-07-08,296.82,277.58885000000004,0.08610833765225896,0.013240347685465892,0.0036385688295936802,R1_up_calm
2019-07-09,297.19,277.61870000000005,0.0853730272553655,0.008479423937548303,0.009556176183586285,R1_up_calm
2019-07-10,298.61,277.6438500000001,0.08594273721101933,-0.0029134992130203097,0.00947724456649146,R1_up_calm
2019-07-11,299.31,277.68045000000006,0.08500670262634985,-0.0016036884835121112,0.002305302195048542,R1_up_calm
2019-07-12,300.65,277.72860000000003,0.08513870876890064,-0.01157492100449009,0.004523532346582426,R1_up_calm
2019-07-15,300.75,277.7786,0.08462221623286839,-0.009476309226932766,0.002360764754779643,R1_up_calm
2019-07-16,299.71,277.82775,0.08664272532778224,0.0010676987754829614,0.0033699242601181734,R1_up_calm
2019-07-17,297.74,277.86300000000006,0.08511696649862223,0.012426949687646793,-0.0010411768657218046,R1_up_calm
2019-07-18,298.83,277.90355000000005,0.08555518681409498,0.003915269551249878,-0.013352073085031613,R1_up_calm
2019-07-19,297.17,277.93075,0.08228691588889177,0.016286973786048264,-0.015311101389776982,R1_up_calm
2019-07-22,297.9,277.96245,0.07887481098032799,0.011950318898959367,-0.04726418261161458,R1_up_calm
2019-07-23,300.03,278.00399999999996,0.08174586906313455,0.00229977002299786,-0.040762590407625754,R1_up_calm
2019-07-24,301.44,278.06399999999996,0.07162309720838249,-0.013302813163481919,-0.04468550955414008,R1_up_calm
2019-07-25,300.0,278.1249,0.07478377959828118,-0.017200000000000104,-0.021266666666666656,R1_up_calm
2019-07-26,302.01,278.19585,0.0766613705099954,-0.031091685705771255,-0.03440283434323366,R1_up_calm
2019-07-29,301.46,278.26615000000004,0.07659180417434575,-0.058515225900616974,-0.04441716977376764,R1_up_calm
2019-07-30,300.72,278.37825,0.07217671019498735,-0.04296355413673858,-0.0271681298217612,R1_up_calm
2019-07-31,297.43,278.50455,0.08311582669765545,-0.031805803046094816,-0.04548969505429856,R1_up_calm
2019-08-01,294.84,278.599,0.08349363034854466,-0.004137837471170691,-0.034561117894451265,R1_up_calm
2019-08-02,292.62,278.6901,0.08700981211378275,-0.0034174014079694226,-0.0128836033080445,R1_up_calm
2019-08-05,283.82,278.7072,0.13587836142086945,0.014974279472905305,0.02998379254457051,R1_up_calm
2019-08-06,287.8,278.74395000000004,0.14717646289590428,0.016504517025712317,0.007956914523974845,R1_up_calm
2019-08-07,287.97,278.8018,0.14551556027165857,-0.014133416675348287,0.01555717609473195,R1_up_calm
2019-08-08,293.62,278.88865000000004,0.16351747942920947,-0.030549690075608038,-0.004291260813296116,R1_up_calm
2019-08-09,291.62,278.97170000000006,0.16346403876532267,-0.009498662643165678,-0.023215142994307603,R1_up_calm
2019-08-12,288.07,279.04400000000004,0.16761534523300936,0.014788072343527636,-0.00024299649390768785,R1_up_calm
2019-08-13,292.55,279.1801500000001,0.17870968658587283,-0.00840881900529833,-0.01941548453255859,R1_up_calm
2019-08-14,283.9,279.2492500000001,0.20540983483871916,0.03011623811201125,0.01757661148291656,R2_up_vol
2019-08-15,284.65,279.3458500000001,0.20504533747502954,0.02708589495872138,0.02785877393290015,R2_up_vol
2019-08-16,288.85,279.4708000000001,0.21333080194591225,-0.013848018002423412,0.012463216202180938,R2_up_vol
2019-08-19,292.33,279.5936000000001,0.21824502903397103,-0.014812027503164127,-0.0054390585981595185,R2_up_vol
2019-08-20,290.09,279.69090000000006,0.21731522857198418,-0.011100003447205964,0.013616463856044758,R2_up_vol
2019-08-21,292.45,279.78560000000004,0.21897468097411701,-0.012173021029235787,0.018362113181740414,R2_up_vol
2019-08-22,292.36,279.88795000000005,0.21866335763767025,0.0007524969216035071,0.019462306745108737,R2_up_vol
2019-08-23,284.85,279.94525000000004,0.2331869628020274,0.02668070914516396,0.04686677198525535,R2_up_vol
2019-08-26,288.0,280.0096500000001,0.23837359987626874,0.009513888888888822,0.03517361111111117,R2_up_vol
2019-08-27,286.87,280.03894999999994,0.23844523691584724,0.02499389967581145,0.04664133579670238,R2_up_vol
2019-08-28,288.89,280.0809,0.2383601918188299,0.03091141957146326,0.04292291183495456,R2_up_vol
2019-08-29,292.58,280.155,0.24178746082422625,0.018695741335703175,0.029086061931779206,R2_up_vol
2019-08-30,292.45,280.2544,0.24030231117177647,0.019661480594973524,0.02636348093691243,R2_up_vol
2019-09-03,290.74,280.34779999999995,0.21319160255684608,0.02541789915388315,0.03501410194675647,R2_up_vol
2019-09-04,294.04,280.467,0.211300392938642,0.021119575567949855,0.024010338729424596,R2_up_vol
2019-09-05,297.82,280.59099999999995,0.2153189237602858,0.011651333019945032,0.010946209119602424,R2_up_vol
2019-09-06,298.05,280.7126,0.2048520301829322,0.01019963093440679,0.0007716826035899516,R2_up_vol
2019-09-09,298.2,280.8580999999999,0.2028957228652717,0.0065727699530517825,3.353454057686278e-05,R2_up_vol
2019-09-10,298.13,281.0281499999999,0.19679049861258438,0.009358333612853542,-0.007580585650555083,R1_up_calm
2019-09-11,300.25,281.20429999999993,0.19122658036561913,0.0028309741881766826,-0.008759367194004941,R1_up_calm
2019-09-12,301.29,281.39449999999994,0.15126889811203928,-0.0006970028875835643,-0.01423877327491796,R1_up_calm
2019-09-13,301.09,281.5624499999999,0.15181886665006586,-0.009332757647215084,-0.01889800391909391,R1_up_calm
2019-09-16,300.16,281.72124999999994,0.1464338782732009,-0.006496535181236829,-0.01129397654584241,R1_up_calm
2019-09-17,300.92,281.85294999999996,0.14158941038501552,-0.01678186893526523,-0.025521733351056786,R1_up_calm
2019-09-18,301.1,281.98855,0.1374901345807919,-0.011557622052474348,-0.04330787113915646,R1_up_calm
2019-09-19,301.08,282.11569999999995,0.13561788831646446,-0.013551215623754387,-0.03540587219343683,R1_up_calm
2019-09-20,298.28,282.2106,0.14086586126764225,-0.009655357382325369,-0.013175539761297927,R1_up_calm
2019-09-23,298.21,282.35040000000004,0.09866773075633782,-0.0048288119110693195,-0.0172026424331847,R1_up_calm
2019-09-24,295.87,282.48055,0.09932493190344396,-0.008889039105012375,-0.024808192787372896,R1_up_calm
2019-09-25,297.62,282.6508,0.09852016126173035,-0.03212149721120894,-0.021335931725018575,R1_up_calm
2019-09-26,297.0,282.81545,0.09746822926275683,-0.02215488215488215,-0.012659932659932593,R1_up_calm
2019-09-27,295.4,282.97180000000003,0.09054171771184907,-0.0035545023696681444,0.0029790115098171643,R1_up_calm
2019-09-30,296.77,283.12835,0.0916382309946694,-0.01243387134818208,-0.0027630825218182276,R1_up_calm
2019-10-01,293.24,283.2677,0.099672082924742,-0.016061928795525926,0.019233392443050112,R1_up_calm
2019-10-02,288.06,283.40565,0.11057412732213198,0.011143511768381575,0.03589529959036297,R1_up_calm
2019-10-03,290.42,283.58095,0.10395064899419053,0.009710075063700918,0.03050754080297491,R1_up_calm
2019-10-04,294.35,283.77729999999997,0.11623446562466692,0.006556820112111339,0.01229828435535918,R1_up_calm
2019-10-07,293.08,283.9864,0.11687445873967754,0.00979254810973118,0.023577180292070565,R1_up_calm
2019-10-08,288.53,284.1932,0.12804058854410336,0.0358714865005374,0.03632204623436053,R1_up_calm
2019-10-09,291.27,284.4460499999999,0.13043116147828276,0.024479005733511805,0.02956020187454933,R1_up_calm
2019-10-10,293.24,284.7405499999999,0.13259493533367492,0.020597462829081925,0.024314554631018837,R1_up_calm
2019-10-11,296.28,284.99105000000003,0.13892716154324525,0.005704063723505071,0.017955987579316934,R1_up_calm
2019-10-14,295.95,285.23044999999996,0.13867218201852333,0.013650954553134031,0.024835276229092873,R1_up_calm
2019-10-15,298.88,285.48609999999996,0.14329703147301184,0.0004349571734474367,0.014487419700214055,R1_up_calm
2019-10-16,298.4,285.7285,0.14331936047633115,0.004959785522788307,0.01923592493297588,R1_up_calm
2019-10-17,299.28,285.97399999999993,0.14382402955697157,0.003642074311681398,0.013532477947072907,R1_up_calm
2019-10-18,297.97,286.2428,0.14073329272667098,0.012182434473269055,0.02741886767124191,R1_up_calm
2019-10-21,299.99,286.4808,0.14278583890060842,0.011033701123370765,0.024600820027334214,R1_up_calm
2019-10-22,299.01,286.70394999999996,0.14020085703687113,0.014046352964783848,0.02682184542322985,R1_up_calm
2019-10-23,299.88,286.9194999999999,0.13907882598236926,0.014205682272909081,0.02407629718554105,R1_up_calm
2019-10-24,300.37,287.1315,0.13883127738665374,0.009854512767586643,0.0260012651063688,R1_up_calm
2019-10-25,301.6,287.3451,0.13750243675883317,0.015053050397877854,0.02433687002652518,R1_up_calm
2019-10-28,303.3,287.5667,0.13789109537493355,0.01341905703923496,0.016650181338608627,R1_up_calm
2019-10-29,303.21,287.79575,0.12918536706603506,0.012598529072260112,0.01909567626397557,R1_up_calm
2019-10-30,304.14,288.0147,0.10669995935950741,0.009732360097323811,0.01630827908200172,R1_up_calm
2019-10-31,303.33,288.22644999999994,0.10629416794185385,0.015989186694359336,0.020505719843075365,R1_up_calm
2019-11-01,306.14,288.44235000000003,0.101299505292839,0.009146142287842274,0.01845560854511019,R1_up_calm
2019-11-04,307.37,288.64689999999996,0.0987254692132733,0.003188339785925809,0.015128346943423132,R1_up_calm
2019-11-05,307.03,288.86775,0.07387623127517301,0.006416311109663564,0.015959352506269786,R1_up_calm
2019-11-06,307.1,289.08619999999996,0.07055067774351102,0.00651253663301854,0.011950504721588873,R1_up_calm
2019-11-07,308.18,289.30935,0.06897844773980236,0.004445453955480572,0.006781750924784058,R1_up_calm
2019-11-08,308.94,289.52515000000005,0.062483864160702084,0.009225092250922495,0.006538486437495994,R1_up_calm
2019-11-11,308.35,289.74809999999997,0.06308758687957743,0.011902059348143146,0.01628020107021233,R1_up_calm
2019-11-12,309.0,289.97605,0.05597758475626814,0.00948220064724925,0.016440129449838192,R1_up_calm
2019-11-13,309.1,290.18365,0.05488957924116536,0.005402782271109574,0.020640569395017794,R1_up_calm
2019-11-14,309.55,290.38175,0.05471812188997949,0.0023259570344047464,0.015377160394120404,R1_up_calm
2019-11-15,311.79,290.5904,0.05310560439097739,-0.002662048173450171,-0.00048109304339472025,R1_up_calm
2019-11-18,312.02,290.79069999999996,0.050595274489558084,0.004326645727838141,-0.007916159220562657,R1_up_calm
2019-11-19,311.93,290.98485,0.04751299456569578,0.006892572051421686,-0.0015067483089155065,R1_up_calm
2019-11-20,310.77,291.17499999999995,0.051696360318872606,0.015155903079447919,0.004022267271615698,R1_up_calm
2019-11-21,310.27,291.37564999999995,0.05308479709743833,0.013020917265607501,0.01482579688658281,R1_up_calm
2019-11-22,310.96,291.57809999999995,0.05234367888347533,0.002186776434268012,0.009390275276562887,R1_up_calm
2019-11-25,313.37,291.79184999999995,0.05498484978362476,-0.012190062864983808,0.0005105785493186854,R1_up_calm
2019-11-26,314.08,291.99174999999997,0.05454222363386319,-0.008341823739174803,0.0010825267447784892,R1_up_calm
2019-11-27,315.48,292.1942000000001,0.05519818961778272,-0.010967414733105252,0.0052301255230124966,R1_up_calm
2019-11-29,314.31,292.39385000000004,0.05644292722194494,0.001781680506506289,0.009576532722471498,R1_up_calm
2019-12-02,311.64,292.56520000000006,0.0604281017643825,0.007187780772686558,0.02522140931844441,R1_up_calm
2019-12-03,309.55,292.7237,0.06493077723618279,0.012857373606848466,0.0323695687287997,R1_up_calm
2019-12-04,311.46,292.88895,0.06781332033768701,0.009503628074231107,0.026102870352533225,R1_up_calm
2019-12-05,312.02,293.06195,0.06789201350437558,0.016377155310557168,0.028459714120889767,R1_up_calm
2019-12-06,314.87,293.24060000000003,0.07351232830258307,0.007780988979578796,0.018610855273605065,R1_up_calm
2019-12-09,313.88,293.4124,0.0747936963179011,0.017904931821078218,0.023384733018988246,R1_up_calm
2019-12-10,313.53,293.58345,0.07446459294135645,0.019264504194176135,0.024559053360125205,R1_up_calm
2019-12-11,314.42,293.75955,0.07467447188297607,0.016442974365498353,0.02709751288085993,R1_up_calm
2019-12-12,317.13,293.9518,0.07947366011443846,0.01188786932803576,0.018068300066218956,R1_up_calm
2019-12-13,317.32,294.13629999999995,0.07950708757174178,0.010746249842430444,0.011849237362914433,R1_up_calm
2019-12-16,319.5,294.3368,0.07915452796326103,0.005383411580594855,0.007386541471048558,R1_up_calm
2019-12-17,319.57,294.53954999999996,0.07921792009198504,0.0051944800826111415,0.016584785805926705,R1_up_calm
2019-12-18,319.59,294.75084999999996,0.07914046125559612,0.01048218029350112,0.008823805500798088,R1_up_calm
2019-12-19,320.9,294.9803,0.07751789265376484,0.006107821751324405,0.008538485509504534,R1_up_calm
2019-12-20,320.73,295.21165,0.0770170502376909,0.0010912605618431659,0.00623577463910463,R1_up_calm
2019-12-23,321.22,295.42555,0.07698910258821456,0.0019924039599028553,0.010055413735134744,R1_up_calm
2019-12-24,321.23,295.63425000000007,0.0736794101282632,0.011331444759206777,0.016872645767829875,R1_up_calm
2019-12-26,322.94,295.84225000000004,0.07502227623162018,-0.0016411717346874743,0.008577444726574512,R1_up_calm
2019-12-27,322.86,296.0507500000001,0.07433317814385494,0.0024159078238243925,0.01576534720931666,R1_up_calm
2019-12-30,321.08,296.2496000000001,0.07616508128017735,0.0051389061916033985,0.019839292388189822,R1_up_calm
2019-12-31,321.86,296.44725000000005,0.06726506188213405,0.008046976946498363,0.01966693593487845,R1_up_calm
2020-01-02,324.87,296.65960000000007,0.0649331549970881,0.005479114722812151,0.018622833748884293,R1_up_calm
2020-01-03,322.41,296.86390000000006,0.07236314336761214,0.010235414534288445,0.029589652926397925,R1_up_calm
2020-01-06,323.64,297.0584500000001,0.0727397169894972,0.013317266098133773,0.023668273390186734,R1_up_calm
2020-01-07,322.73,297.2758500000001,0.06916037228682366,0.014625228519195455,0.026678647786074983,R1_up_calm
2020-01-08,324.45,297.50290000000007,0.06857140011583536,0.011527199876714578,0.02240715056249054,R1_up_calm
2020-01-09,326.65,297.73055000000005,0.0700303386663393,0.013072095515077375,0.006490127047298344,R1_up_calm
2020-01-10,325.71,297.96085000000005,0.07209001155476584,0.019158146817721322,-0.006785176997942899,R1_up_calm
2020-01-13,327.95,298.1970500000001,0.07015705342473397,0.010214971794480832,-0.003232200030492405,R1_up_calm
2020-01-14,327.45,298.4219,0.07099071471955487,0.01187967628645592,-0.002534738127958458,R1_up_calm
2020-01-15,328.19,298.6337,0.06828512967967104,0.010755964532740192,-0.0015539778786678449,R1_up_calm
2020-01-16,330.92,298.85844999999995,0.07240310475261927,-0.0064970385591685,-0.02777106249244532,R1_up_calm
2020-01-17,331.95,299.0861,0.07227133820013927,-0.02545564090977559,-0.02358788974243109,R1_up_calm
2020-01-21,331.3,299.3067,0.07302330147590969,-0.013311198309689187,-0.006761243585873822,R1_up_calm
2020-01-22,331.34,299.52054999999996,0.07280843118308737,-0.01424518621355697,0.004587432848433659,R1_up_calm
2020-01-23,331.72,299.73519999999996,0.07282792545066283,-0.012178946099119847,0.006812974798022342,R1_up_calm
2020-01-24,328.77,299.94249999999994,0.08180070767946063,-0.021413145968306013,0.010432825379444566,R1_up_calm
2020-01-27,323.5,300.11854999999997,0.10067670977111409,0.0019165378670789046,0.034559505409582636,R1_up_calm
2020-01-28,326.89,300.31194999999997,0.10712734624285275,0.006638318700480372,0.02560494355899534,R1_up_calm
2020-01-29,326.62,300.49424999999997,0.10482328478481666,0.019104770069193533,0.033065948196681294,R1_up_calm
2020-01-30,327.68,300.6828,0.10502464469062196,0.01922607421875,0.02862548828125,R1_up_calm
2020-01-31,321.73,300.84065,0.12035426699106362,0.03254281540422088,0.04932707549808857,R1_up_calm
2020-02-03,324.12,301.014,0.12037178174600577,0.03258052573121062,0.038905343699864314,R1_up_calm
2020-02-04,329.06,301.2092,0.13102430101664284,0.01884154865374099,0.028201543791405825,R1_up_calm
2020-02-05,332.86,301.42215,0.13549993257097362,0.013699453223577462,0.012287448176410365,R1_up_calm
2020-02-06,333.98,301.62764999999996,0.13495485602510193,0.009222109108329768,-0.0014970956344690922,R1_up_calm
2020-02-07,332.2,301.8275,0.1354747699008563,0.016255267910897153,-0.029440096327513432,R1_up_calm
2020-02-10,334.68,302.04064999999997,0.13665923144269512,0.006125253973945366,-0.06582407075415331,R1_up_calm
2020-02-11,335.26,302.24989999999997,0.1351282986357551,0.0091868997196205,-0.0708703692656445,R1_up_calm
2020-02-12,337.42,302.46764999999994,0.13602028713751116,-0.0013929227668781907,-0.11827988856617877,R1_up_calm
2020-02-13,337.06,302.68285,0.13628639197557066,-0.010621254376075417,-0.12104669791728484,R1_up_calm
2020-02-14,337.6,302.9117999999999,0.13380795001512463,-0.0449644549763033,-0.0844490521327016,R1_up_calm
2020-02-18,336.73,303.13954999999993,0.13414207927864152,-0.0715112998544829,-0.10836575297716278,R1_up_calm
2020-02-19,338.34,303.3610999999999,0.13448885637929767,-0.07932848613820409,-0.07530886090914457,R1_up_calm
2020-02-20,336.95,303.58174999999994,0.13571332978430156,-0.11705000741949845,-0.10235940050452597,R1_up_calm
2020-02-21,333.48,303.80949999999996,0.1413870131091263,-0.1116108912078686,-0.1080124745112152,R1_up_calm
2020-02-24,322.42,303.98394999999994,0.18380970740396738,-0.04134358910737557,-0.14946343278952912,R1_up_calm
2020-02-25,312.65,304.11389999999994,0.20581830986397215,-0.03969294738525497,-0.07749880057572356,R2_up_vol
2020-02-26,311.5,304.2308999999999,0.20082206450926027,0.004365971107544109,-0.11922953451043339,R2_up_vol
2020-02-27,297.51,304.3141499999999,0.2531590810171341,0.01663809619844714,-0.16604483882894683,R4_down_vol
2020-02-28,296.26,304.37845,0.25144807704645306,0.004050496185782793,-0.09093363937082288,R4_down_vol
2020-03-02,309.09,304.4986,0.2971255390400458,-0.11278268465495478,-0.22401242356595163,R2_up_vol
2020-03-03,300.24,304.56129999999996,0.3097277522114224,-0.03936850519584334,-0.15800692779110048,R4_down_vol
2020-03-04,312.86,304.6964,0.34289247491626856,-0.12305823691107842,-0.23288371795691365,R2_up_vol
2020-03-05,302.46,304.78894999999994,0.3557984435759861,-0.17969318256959588,-0.20482047212854593,R4_down_vol
2020-03-06,297.46,304.8437,0.35681663278549286,-0.09460095475021846,-0.23082095071606257,R4_down_vol
2020-03-09,274.23,304.7867,0.4462473068910675,-0.12536921562192327,-0.186996316960216,R4_down_vol
2020-03-10,288.42,304.81809999999996,0.491807357734983,-0.12350045073157201,-0.1569586020386936,R4_down_vol
2020-03-11,274.36,304.776,0.5128221582550139,-0.12523691500218692,-0.10048840938912385,R4_down_vol
2020-03-12,248.11,304.6158,0.600455273318528,-0.030631574704768183,0.05275885695860705,R4_down_vol
2020-03-13,269.32,304.57104999999996,0.6921560384613391,-0.15045299272241197,-0.05903757611762961,R4_down_vol
2020-03-16,239.85,304.37514999999996,0.7829758963198803,-0.07046070460704612,0.09089013967062742,R4_down_vol
2020-03-17,252.8,304.26279999999997,0.8201412229808873,-0.038172468354430444,0.019580696202531556,R4_down_vol
2020-03-18,240.0,304.08995,0.8273048479913644,0.028291666666666604,0.02562500000000001,R4_down_vol
2020-03-19,240.51,303.88984999999997,0.8289055461815117,0.08602552908402972,0.047066650035341606,R4_down_vol
2020-03-20,228.8,303.61905,0.8366459582376641,0.1076048951048949,0.08474650349650337,R4_down_vol
2020-03-23,222.95,303.3098,0.8352584149440235,0.17358152052029596,0.18797936757120448,R4_down_vol
2020-03-24,243.15,303.08729999999997,0.9127999660317729,0.060045239564055164,0.09039687435739241,R4_down_vol
2020-03-25,246.79,302.87639999999993,0.9175551996156787,-0.0025932979456216865,0.11037724381052705,R4_down_vol
2020-03-26,261.2,302.73789999999997,0.9387964631785476,-0.03587289433384366,0.06508422664624813,R4_down_vol
2020-03-27,253.42,302.56305,0.9424904581929832,-0.02063767658432636,0.08775945071422941,R4_down_vol
2020-03-30,261.65,302.42339999999996,0.9358221040191024,0.012268297343779988,0.08461685457672474,R4_down_vol
2020-03-31,257.75,302.26585,0.9330229157933438,0.0286323957322987,0.07763336566440349,R4_down_vol
2020-04-01,246.15,302.04974999999996,0.9238366038883673,0.11326426975421477,0.13386146658541542,R4_down_vol
2020-04-02,251.83,301.8469,0.9279555227330041,0.10471349720049239,0.1382281697970853,R4_down_vol
2020-04-03,248.19,301.62255,0.9277592868331682,0.11068133284983284,0.1345743180627743,R4_down_vol
2020-04-06,264.86,301.46755,0.9219750449392612,0.07147172090915954,0.030884240730952195,R4_down_vol
2020-04-07,265.13,301.3232,0.9013289164206307,0.04763700826009876,0.052691132651906614,R4_down_vol
2020-04-08,274.03,301.22515,0.8935468366641309,0.018501623909791043,0.018428639200087638,R4_down_vol
2020-04-09,278.2,301.16234999999995,0.8115527112691656,0.03033788641265267,0.017145938173975805,R4_down_vol
2020-04-13,275.66,301.08829999999995,0.7608030887803447,0.021512007545526846,0.0413190161793513,R4_down_vol
2020-04-14,283.79,301.04974999999996,0.6272953573532919,-0.03788012262588536,0.0068360407343457386,R4_down_vol
2020-04-15,277.76,300.97354999999993,0.6130489975899392,0.004824308755760454,0.055623559907834075,R4_down_vol
2020-04-16,279.1,300.89075,0.5754135857376557,-7.16589036189319e-05,0.04077391615908277,R4_down_vol
2020-04-17,286.64,300.8418,0.5789259354337984,-0.01280351660619583,-0.013431481998325334,R4_down_vol
2020-04-20,281.59,300.7557499999999,0.5460203952853673,0.019389893106999567,0.007031499698142651,R4_down_vol
2020-04-21,273.04,300.62865,0.5506291745483421,0.04647670670963966,0.04816144154702595,R4_down_vol
2020-04-22,279.1,300.54004999999995,0.4737561787506276,0.050555356503045434,0.01845216768183433,R4_down_vol
2020-04-23,279.08,300.44949999999994,0.4733913404857959,0.040848502221585425,0.030815536763652007,R4_down_vol
2020-04-24,282.97,300.3713,0.43555079837837923,-0.0006361098349648708,0.03346644520620545,R4_down_vol
2020-04-27,287.05,300.30999999999995,0.4174307385720681,-0.01212332346281142,0.018986239331126864,R4_down_vol
2020-04-28,285.73,300.2354,0.4076026333344324,0.0016099114548699944,0.0032898190599517374,R4_down_vol
2020-04-29,293.21,300.1977,0.4075874965576781,-0.030558302922819802,-0.039596193854234074,R4_down_vol
2020-04-30,290.48,300.15155,0.36331415056773525,-0.009639217846323378,-0.018968603690443397,R4_down_vol
2020-05-01,282.79,300.07680000000005,0.37935587797668174,0.03412426181972483,0.012341313342055793,R4_down_vol
2020-05-04,283.57,300.00050000000005,0.3719387703528293,0.03149134252565511,0.04030750784638726,R4_down_vol
2020-05-05,286.19,299.94560000000007,0.3020109089128884,0.0016772074495965406,0.020196373038890325,R4_down_vol
2020-05-06,284.25,299.87735,0.3042585799760105,-0.009322779243623458,0.04460861917326309,R4_down_vol
2020-05-07,287.68,299.8156,0.2857817713170622,-0.009420189098998777,0.02502780867630694,R4_down_vol
2020-05-08,292.44,299.77059999999994,0.2865876539869921,-0.021064149911092955,0.010258514567090593,R4_down_vol
2020-05-11,292.5,299.7330999999999,0.2834397494810467,0.008547008547008517,0.022495726495726398,R4_down_vol
2020-05-12,286.67,299.65639999999996,0.27707910951270437,0.018488157114452175,0.058813269613143815,R4_down_vol
2020-05-13,281.6,299.5571,0.27353379438155684,0.05443892045454546,0.07588778409090913,R4_down_vol
2020-05-14,284.97,299.47835,0.2760947044769259,0.0347755904130258,0.067901884408885,R4_down_vol
2020-05-15,286.28,299.42259999999993,0.25955505972968,0.031996646639653514,0.0673117227888782,R4_down_vol
2020-05-18,295.0,299.42339999999996,0.27144956984756524,0.01383050847457623,0.04433898305084738,R4_down_vol
2020-05-19,291.97,299.42015,0.24686945091231885,0.03959310888104928,0.06921944035346095,R3_down_calm
2020-05-20,296.93,299.48569999999995,0.24239137269070582,0.020341494628363765,0.04859731249789512,R3_down_calm
2020-05-21,294.88,299.52109999999993,0.24478980250734092,0.03201302224633751,0.08294899620184482,R3_down_calm
2020-05-22,295.44,299.55844999999994,0.24125973337504825,0.03422014622258329,0.09396154887625241,R3_down_calm
2020-05-26,299.08,299.58574999999996,0.2399844430417426,0.03009228300120359,0.0725892737729037,R3_down_calm
2020-05-27,303.53,299.64529999999996,0.24269259999721068,0.028498006786808583,0.050966955490396426,R2_up_vol
2020-05-28,302.97,299.71979999999996,0.22759337611258615,0.027692510809651072,-0.007789550120473998,R2_up_vol
2020-05-29,304.32,299.77864999999997,0.22399708410111954,0.04935594111461605,-0.0003614616193481357,R2_up_vol
2020-06-01,305.55,299.88689999999997,0.19571886518119613,0.05776468663066603,0.004909180166912108,R1_up_calm
2020-06-02,308.08,300.00405,0.19627351398027448,0.041255518047260464,0.01584004154764984,R1_up_calm
2020-06-03,312.18,300.12069999999994,0.19815766013197494,0.021846370683579863,-0.0016657056826189232,R1_up_calm
2020-06-04,311.36,300.21584999999993,0.1955814712212151,-0.03452595066803699,0.0013489208633092886,R1_up_calm
2020-06-05,319.34,300.36209999999994,0.20763444843132814,-0.04737896912381789,-0.03350660737771649,R2_up_vol
2020-06-08,323.2,300.51584999999994,0.20506263861250063,-0.04996905940594054,-0.03892326732673268,R2_up_vol
2020-06-09,320.79,300.65799999999996,0.20922221920560102,-0.02440849153651936,-0.02724523831790271,R2_up_vol
2020-06-10,319.0,300.8287499999999,0.19207543622128306,-0.023009404388714683,-0.04673981191222576,R1_up_calm
2020-06-11,300.61,300.89179999999993,0.2901273436299085,0.03715777918232921,0.022421077143142343,R4_down_vol
2020-06-12,304.21,300.97849999999994,0.2901305886360604,0.014562308931330259,-0.013674764143190465,R2_up_vol
2020-06-15,307.05,301.06929999999994,0.2908943695119523,0.011626770884220816,-0.008435108288552429,R2_up_vol
2020-06-16,312.96,301.17119999999994,0.28006488972674626,-0.0029077198364007018,-0.01469836400817981,R2_up_vol
2020-06-17,311.66,301.26725,0.2770275152150474,-0.024289289610473164,-0.00365783225309646,R2_up_vol
2020-06-18,311.78,301.37244999999996,0.2724475527130708,-0.014208736929886334,0.001443325421771835,R2_up_vol
2020-06-19,308.64,301.44545,0.2741350465462442,-0.02783177812337989,0.027248574390876135,R2_up_vol
2020-06-22,310.62,301.50944999999996,0.2745162761815117,-0.019831305131672194,0.010173201983130431,R2_up_vol
2020-06-23,312.05,301.57944999999995,0.2722497072484563,-0.011825028040378105,0.013235058484217355,R2_up_vol
2020-06-24,304.09,301.60889999999995,0.28508830761026793,0.021145055740076968,0.033838666184353494,R2_up_vol
2020-06-25,307.35,301.655,0.2874089194432462,0.015877663901090022,0.03331706523507383,R2_up_vol
2020-06-26,300.05,301.654,0.3000162273111273,0.056657223796033884,0.04929178470254936,R4_down_vol
2020-06-29,304.46,301.66985,0.30453475680622777,0.030611574591079327,0.047493923668133764,R2_up_vol
2020-06-30,308.36,301.70619999999997,0.3065880132379191,0.025359968867557425,0.04374756777792199,R2_up_vol
2020-07-01,310.52,301.758,0.3038190617225713,0.012430761303619864,0.0330735540383873,R2_up_vol
2020-07-02,312.23,301.81455,0.3043484399478744,0.017166832142971433,0.030394260641193993,R2_up_vol
2020-07-06,317.05,301.8943,0.29532594576286647,-0.006970509383378176,0.022930137202334056,R2_up_vol
2020-07-07,313.78,301.95779999999996,0.2935684684452956,0.016380903817961867,0.03578940659060503,R2_up_vol
2020-07-08,316.18,302.04729999999995,0.294364989361047,0.0179328230754634,0.033778227591878096,R2_up_vol
2020-07-09,314.38,302.12815,0.2943902065960883,0.02038933774413132,0.02729181245626311,R2_up_vol
2020-07-10,317.59,302.2367499999999,0.19852393625494621,0.013004187789288135,0.010359268238924413,R1_up_calm
2020-07-13,314.84,302.3228499999999,0.19938698862583681,0.030110532333883944,0.026616694193876356,R1_up_calm
2020-07-14,318.92,302.4324499999999,0.20158619744153589,0.019095697980684667,0.007055060830302162,R2_up_vol
2020-07-15,321.85,302.56469999999996,0.1932856395620377,0.015566257573403686,0.01016001242814979,R1_up_calm
2020-07-16,320.79,302.68479999999994,0.19298002838672307,0.0067645500171451545,0.009881854172511417,R1_up_calm
2020-07-17,321.72,302.82719999999995,0.1930030542463273,-0.0026109660574413773,0.0149198060425213,R1_up_calm
2020-07-20,324.32,303.00849999999997,0.18914325481829572,-0.003391711889491722,0.013782683769117066,R1_up_calm
2020-07-21,325.01,303.18145,0.18857686982944202,-0.011815021076274523,0.015537983446663128,R1_up_calm
2020-07-22,326.86,303.344,0.18879328679921245,-0.00532338004038424,0.016061922535642204,R1_up_calm
2020-07-23,322.96,303.4934,0.16649424723109119,0.003096358682189715,0.03520559821649738,R1_up_calm
2020-07-24,320.88,303.65515,0.1671491580089817,0.01757666417352266,0.042663924208426796,R1_up_calm
2020-07-27,323.22,303.81489999999997,0.13614974292331453,0.01723284450219653,0.0382092692283893,R1_up_calm
2020-07-28,321.17,303.9545499999999,0.1342616113018694,0.02768004483606812,0.03621135224336025,R1_up_calm
2020-07-29,325.12,304.09874999999994,0.13377150855105863,0.02149975393700787,0.03789370078740162,R1_up_calm
2020-07-30,323.96,304.23879999999997,0.1344806141541933,0.032010124706753906,0.03972712680577861,R1_up_calm
2020-07-31,326.52,304.37699999999995,0.13553328463018477,0.02465392625260332,0.03160602719588379,R1_up_calm
2020-08-03,328.79,304.52894999999995,0.12784596177165514,0.02062106511755224,0.027738069892636608,R1_up_calm
2020-08-04,330.06,304.68285,0.11956643465468371,0.008301520935587448,0.02599527358662046,R1_up_calm
2020-08-05,332.11,304.85355,0.11886556767901134,0.016048899461021948,0.015416578844358764,R1_up_calm
2020-08-06,334.33,305.0252499999999,0.11566050818357326,0.007477641850865968,0.011814674124368096,R1_up_calm
2020-08-07,334.57,305.20304999999996,0.11281280365526339,0.006784828287055067,0.014675553695788768,R1_up_calm
2020-08-10,335.57,305.38149999999996,0.10461506825515278,0.006973209762493715,0.02190303066424293,R1_up_calm
2020-08-11,332.8,305.54364999999996,0.10559194444893177,0.017548076923076916,0.03401442307692304,R1_up_calm
2020-08-12,337.44,305.72284999999994,0.11091808131070473,-0.0006223328591749011,0.030020151730677958,R1_up_calm
2020-08-13,336.83,305.89050000000003,0.11003173080430034,0.0043048422052667235,0.03414185197280517,R1_up_calm
2020-08-14,336.84,306.05865,0.11034407552156639,0.007837548984681364,0.04079087994299968,R1_up_calm
2020-08-17,337.91,306.2275,0.1083109600289771,0.014826433073895418,0.03373679382083972,R1_up_calm
2020-08-18,338.64,306.40405,0.10831131433617198,0.016182376565083922,0.04122371840302397,R1_up_calm
2020-08-19,337.23,306.5595,0.10957751877711135,0.03066156629006911,0.06070041218159705,R1_up_calm
2020-08-20,338.28,306.71405000000004,0.09719535116400953,0.02970911670805254,0.02101809152181633,R1_up_calm
2020-08-21,339.48,306.87630000000007,0.09153338584564216,0.032697066101095684,0.009102156238953718,R1_up_calm
2020-08-24,342.92,307.0554,0.0938648468521602,0.018634083751312147,-0.028315642132275887,R1_up_calm
2020-08-25,344.12,307.23510000000005,0.08716486816141401,0.0246425665465535,-0.01258281994653021,R1_up_calm
2020-08-26,347.57,307.42825000000005,0.0844880883833398,0.029145208159507385,-0.03935897804758759,R1_up_calm
2020-08-27,348.33,307.62815,0.0806232078762441,-0.008440272155714412,-0.04096689920477703,R1_up_calm
2020-08-28,350.58,307.83605000000006,0.07977884016248515,-0.022847852130754687,-0.03457128187574876,R1_up_calm
2020-08-31,349.31,308.03710000000007,0.08260966208398575,-0.04609086484784297,-0.026165869857719515,R1_up_calm
2020-09-01,352.6,308.25235,0.08561211565528333,-0.03633011911514461,-0.039081111741350094,R1_up_calm
2020-09-02,357.7,308.48189999999994,0.09378769724864727,-0.06656415991053954,-0.0611126642437797,R1_up_calm
2020-09-03,345.39,308.64875,0.16560570690485385,-0.032803497495584644,-0.04267639480008112,R1_up_calm
2020-09-04,342.57,308.80195,0.16923943236993338,-0.011997547946405174,-0.0455381381907346,R1_up_calm
2020-09-08,333.21,308.91415,0.19758560115867313,0.02088772845953013,-0.008733231295579236,R1_up_calm
2020-09-09,339.79,309.06175,0.20723672258551967,-0.0028547043762324753,-0.050472350569469526,R2_up_vol
2020-09-10,333.89,309.17639999999994,0.21139077221246994,0.005840246787864212,-0.03111803288508186,R2_up_vol
2020-09-11,334.06,309.27984999999995,0.2113646856814477,-0.01020774711129746,-0.015955217625576168,R2_up_vol
2020-09-14,338.46,309.40174999999994,0.216739380114214,-0.033947881581279815,-0.01261596643621099,R2_up_vol
2020-09-15,340.17,309.5252,0.2171754957904827,-0.029014904312549605,-0.022929711614780857,R2_up_vol
2020-09-16,338.82,309.64775,0.2175831645079538,-0.04775396965940615,-0.011599079157074588,R2_up_vol
2020-09-17,335.84,309.76874999999995,0.2193980231528432,-0.03674368747022383,0.003573130061934382,R2_up_vol
2020-09-18,330.65,309.87424999999996,0.22558952566170495,-0.005806744291546817,0.009647663692726516,R2_up_vol
2020-09-21,326.97,309.95179999999993,0.227587205081762,0.022081536532403412,0.03911673853870368,R2_up_vol
2020-09-22,330.3,310.0431999999999,0.22762265170411028,0.006267029972752081,0.014017559794126555,R2_up_vol
2020-09-23,322.64,310.0820499999999,0.23901871036119185,0.03796801388544502,0.05616166625340946,R2_up_vol
2020-09-24,323.5,310.13015,0.23503909687110908,0.04185471406491503,0.06268933539412669,R2_up_vol
2020-09-25,328.73,310.20615,0.24450528449877024,0.015544671919204056,0.05512122410488862,R2_up_vol
2020-09-28,334.19,310.305,0.2520635735410967,0.016667165384960603,0.05457973009365924,R2_up_vol
2020-09-29,332.37,310.38120000000004,0.2522664036296847,0.007702259530041777,0.05343442548966504,R2_up_vol
2020-09-30,334.89,310.46905000000004,0.25121142654052775,0.017528143569530252,0.03893815879841145,R2_up_vol
2020-10-01,337.04,310.55675,0.245619794297519,0.019997626394492984,0.031034892000949332,R2_up_vol
2020-10-02,333.84,310.6281000000001,0.21644817114747358,0.03897076443805436,0.04028876108315371,R2_up_vol
2020-10-05,339.76,310.72895,0.22534093268581928,0.037291028961619954,0.006622321638803941,R2_up_vol
2020-10-06,334.93,310.7991,0.20819695593244608,0.04538261726330872,0.02522915236019463,R2_up_vol
2020-10-07,340.76,310.89925000000005,0.20551445275861963,0.02104120201901627,0.005781194975936321,R2_up_vol
2020-10-08,343.78,311.01205,0.19656997118087388,0.010820873814648913,0.0024143347489675726,R1_up_calm
2020-10-09,346.85,311.14015,0.19827649509139741,0.0012685598962087763,-0.0030849070203259332,R1_up_calm
2020-10-12,352.43,311.2876,0.20067914688437324,-0.02956615498113102,-0.037000255369860735,R2_up_vol
2020-10-13,350.13,311.42395,0.20257444542239453,-0.019278553680061705,-0.03401593693770877,R2_up_vol
2020-10-14,347.93,311.55819999999994,0.20356595785356332,-0.01494553502141227,-0.06113298652027699,R2_up_vol
2020-10-15,347.5,311.68639999999994,0.20029643829875649,-0.00831654676258986,-0.050417266187050336,R2_up_vol
2020-10-16,347.29,311.79849999999993,0.18994762203806523,-0.004347951279910278,-0.059748337124593265,R1_up_calm
2020-10-19,342.01,311.89649999999995,0.19439458156960304,-0.007660594719452685,-0.034531154059822766,R1_up_calm
2020-10-20,343.38,311.99519999999995,0.19230287940337057,-0.015027083697361387,-0.021404857592172033,R1_up_calm
2020-10-21,342.73,312.0952,0.16824443478800052,-0.04688822104863888,0.002363376418755392,R1_up_calm
2020-10-22,344.61,312.19599999999997,0.16846030443193216,-0.04245378834044278,0.016337308841879228,R1_up_calm
2020-10-23,345.78,312.29164999999995,0.16147521717879362,-0.055642315923419394,0.012667013708138164,R1_up_calm
2020-10-26,339.39,312.36005,0.16919621407201094,-0.02707799286956014,0.04469784024278867,R1_up_calm
2020-10-27,338.22,312.4114,0.16836335088058527,-0.006475075394713703,0.046774288924368745,R1_up_calm
2020-10-28,326.66,312.4074499999999,0.2083783444699386,0.05167452396987682,0.09186922182085344,R2_up_vol
2020-10-29,329.98,312.4164,0.21058960598696,0.06139766046427053,0.07039820595187574,R2_up_vol
2020-10-30,326.54,312.39450000000005,0.21111737951680845,0.07233417039260126,0.09664972132051197,R2_up_vol
2020-11-02,330.2,312.38575000000003,0.20470539387526457,0.07377347062386441,0.09803149606299222,R2_up_vol
2020-11-03,336.03,312.4094,0.2092393545121906,0.05359640508287966,0.07317799006041148,R2_up_vol
2020-11-04,343.54,312.47040000000004,0.21511480867380772,0.03821971240612454,0.037084473423764086,R2_up_vol
2020-11-05,350.24,312.56300000000005,0.22361540136721736,0.008479899497487287,0.021528095020557192,R2_up_vol
2020-11-06,350.16,312.66995000000003,0.22164436656819128,0.02267534841215446,0.014764679003883785,R2_up_vol
2020-11-09,354.56,312.82525,0.2187507972766477,0.02259138086642598,0.00817915162454863,R2_up_vol
2020-11-10,354.04,312.961,0.21738027137832636,0.01858547056829729,0.025929273528414898,R2_up_vol
2020-11-11,356.67,313.11125,0.21708831242653084,-0.0010934477247876995,0.016794235567891835,R2_up_vol
2020-11-12,353.21,313.23889999999994,0.22045282891520934,0.0129384785255231,0.02961411058577057,R2_up_vol
2020-11-13,358.1,313.42075,0.22506680693230524,-0.007735269477799567,0.011058363585590536,R2_up_vol
2020-11-16,362.57,313.613,0.21896630814818527,-0.014093830156935216,0.009515403922001342,R2_up_vol
2020-11-17,360.62,313.7708,0.2208814108143644,0.007209805335256059,0.017109422660972706,R2_up_vol
2020-11-18,356.28,313.8879,0.2264503316166944,0.017907263949702656,0.029218592118558595,R2_up_vol
2020-11-19,357.78,314.0069,0.2262325297691666,0.016462630666890465,0.03373581530549519,R2_up_vol
2020-11-20,355.33,314.12255,0.2282446027962507,0.018940140151408658,0.03872456589649054,R2_up_vol
2020-11-23,357.46,314.23645,0.21601497154870472,0.023946735299054556,0.035556425893806365,R2_up_vol
2020-11-24,363.22,314.37624999999997,0.21978498818300618,0.009828753923242006,0.009993943064809274,R2_up_vol
2020-11-25,362.66,314.50245,0.16858390545219815,0.011112336623834818,0.011222632768984608,R1_up_calm
2020-11-27,363.67,314.6355,0.16777297367217348,0.016993428107900055,0.0072318310556274135,R1_up_calm
2020-11-30,362.06,314.7578,0.1617063553532242,0.019416671269955277,0.007181130199414465,R1_up_calm
2020-12-01,366.02,314.90424999999993,0.161577561676629,0.011338178241626196,0.00975356537894112,R1_up_calm
2020-12-02,366.79,315.04650000000004,0.15507905493704793,0.00016358134082183895,0.009215082199623748,R1_up_calm
2020-12-03,366.69,315.19520000000006,0.14084814583121025,0.00010908396738384951,0.015135400474515226,R1_up_calm
2020-12-04,369.85,315.37705,0.12930069329694496,-0.009598485872651108,-0.0018115452210355487,R1_up_calm
2020-12-07,369.09,315.61039999999997,0.13001540069374087,-0.012002492616976723,-0.003332520523449456,R1_up_calm
2020-12-08,370.17,315.89799999999997,0.12472504597008158,-0.0015668476645867013,-0.007915282167652693,R1_up_calm
2020-12-09,366.85,316.17474999999996,0.13037464808135152,0.009050020444323348,0.001962655036118255,R1_up_calm
2020-12-10,366.73,316.52084999999994,0.1288300362695491,0.01502467755569481,0.006189839936738162,R1_up_calm
2020-12-11,366.3,316.87104999999997,0.12243351023826918,0.007862407862407883,0.016025116025116137,R1_up_calm
2020-12-14,364.66,317.1489,0.1157984344621345,0.008775297537432003,0.018647507267043117,R1_up_calm
2020-12-15,369.59,317.49565,0.11719497739033316,-0.006358397142779748,0.006493682188370986,R1_up_calm
2020-12-16,370.17,317.7822,0.11477097267794019,-0.007023799875732872,0.01002242213037241,R1_up_calm
2020-12-17,372.24,318.1311,0.10401920932269357,-0.008704061895551285,-0.009268214055448087,R1_up_calm
2020-12-18,369.18,318.48969999999997,0.11004841678115389,0.008099030283330588,0.005823717427812847,R1_up_calm
2020-12-21,367.86,318.95785,0.10728735327303417,0.00978633175664645,0.015467841026477469,R1_up_calm
2020-12-22,367.24,319.35195,0.10671393933251107,0.01293432088007851,0.0322949569763642,R1_up_calm
2020-12-23,367.57,319.818,0.09164402127699223,0.017166798160894503,0.037244606469515995,R1_up_calm
2020-12-24,369.0,320.42245,0.09198814527394282,-0.0005691056910568371,0.026260162601626114,R1_up_calm
2020-12-28,372.17,320.9367,0.09578586886242807,-0.002257033076282444,0.01773383131364681,R1_up_calm
2020-12-29,371.46,321.59475000000003,0.09423646484057015,0.0056264469929467875,0.022425025574759117,R1_up_calm
2020-12-30,371.99,322.1907,0.08717857146283921,0.019113417027339485,0.017392940670448054,R1_up_calm
2020-12-31,373.88,322.8601,0.08838940607098174,0.019738953674975912,0.004867872044506338,R1_up_calm
2021-01-04,368.79,323.50149999999996,0.10259262609170482,0.026844545676401044,0.026736082865587374,R1_up_calm
2021-01-05,371.33,324.21415,0.10091875196766285,0.020036086499878758,0.03382436108044051,R1_up_calm
2021-01-06,373.55,324.96714999999995,0.10254080556554873,0.016704591085530796,0.02861732030518005,R1_up_calm
2021-01-07,379.1,325.64689999999996,0.11403981168308273,-0.0016882089158534175,0.009970983909258768,R1_up_calm
2021-01-08,381.26,326.31925,0.10839316077810981,-0.01458322404658241,0.008209620731259415,R1_up_calm
2021-01-11,378.69,326.9067,0.11249817477436148,-0.00010562729409280269,0.013467479996831289,R1_up_calm
2021-01-12,378.77,327.53344999999996,0.1121515782042607,0.013517438023074702,-0.011510943316524469,R1_up_calm
2021-01-13,379.79,328.12415,0.1097909085959788,0.011717001500829438,-0.005687353537481288,R1_up_calm
2021-01-14,378.46,328.7277,0.10270564210267635,0.01167890926385895,-0.022168789304021552,R1_up_calm
2021-01-15,375.7,329.37545,0.10702137287760918,0.023130157040191612,0.0014107000266170289,R1_up_calm
2021-01-19,378.65,330.00955,0.10865078066550987,0.013574541132972406,0.007658787798758837,R1_up_calm
2021-01-20,383.89,330.68805,0.11219409267749161,-0.024694573966500766,-0.005314022245955785,R1_up_calm
2021-01-21,384.24,331.28495000000004,0.11037268753499636,-0.017202789922964867,0.005074953154278639,R1_up_calm
2021-01-22,382.88,331.8737000000001,0.11142824817652425,-0.03345695779356461,0.012614918512327655,R1_up_calm
2021-01-25,384.39,332.4255000000001,0.11152072883728066,-0.021228439865761284,0.015921329899321046,R1_up_calm
2021-01-26,383.79,332.9534499999999,0.11212824858412979,-0.0058365251830427844,0.016832121733239447,R1_up_calm
2021-01-27,374.41,333.4472,0.14395545009808422,0.019871264122218957,0.041852514623006654,R1_up_calm
2021-01-28,377.63,333.9164,0.14659923732069172,0.022667690596615664,0.03463707862193144,R1_up_calm
2021-01-29,370.07,334.37795000000006,0.16447083709328225,0.04766665765936162,0.06098846164239191,R1_up_calm
2021-02-01,376.23,334.8636,0.17411587772417028,0.037955505940515,0.04271323392605586,R1_up_calm
2021-02-02,381.55,335.33815000000004,0.1723308845179444,0.022801729786397607,0.028410431136155045,R1_up_calm
2021-02-03,381.85,335.83945000000006,0.1712628913138199,0.02155296582427635,0.023229016629566557,R1_up_calm
2021-02-04,386.19,336.4052000000001,0.17417514515516028,0.011704083482223737,0.009943292161889161,R1_up_calm
2021-02-05,387.71,336.94825000000014,0.16750138265556022,0.012715689561785926,-0.0017538882154187752,R1_up_calm
2021-02-08,390.51,337.50540000000007,0.1681330981138604,0.004583749455839836,-0.00770786919669153,R1_up_calm
2021-02-09,390.25,338.0418000000001,0.16567845221374883,0.005483664317744941,0.003894939141575904,R1_up_calm
2021-02-10,390.08,338.5569500000001,0.16576127262012502,0.001640689089417613,-0.0198677194421657,R1_up_calm
2021-02-11,390.71,339.08185000000003,0.1657003931592344,-0.0017404212843284972,-0.026490235724706213,R1_up_calm
2021-02-12,392.64,339.57900000000006,0.16507903965409218,-0.014287897310513498,-0.007793398533007312,R1_up_calm
2021-02-16,392.3,340.08810000000005,0.16188899267802076,-0.012235534030079043,-0.014682640836094829,R1_up_calm
2021-02-17,392.39,340.63610000000006,0.1606067396195552,-0.0015800606539412287,-0.027956879635056886,R1_up_calm
2021-02-18,390.72,341.17185000000006,0.15545673468354212,-0.021473177723177805,-0.03588247338247352,R1_up_calm
2021-02-19,390.03,341.69105,0.15574054184466124,-0.024792964643745252,-0.0164089941799348,R1_up_calm
2021-02-22,387.03,342.20495000000005,0.15795695124722564,0.006588636539803128,-0.013719866677001646,R1_up_calm
2021-02-23,387.5,342.70405000000005,0.15747529039234034,-0.0024774193548386947,-0.0008516129032257735,R1_up_calm
2021-02-24,391.77,343.2007000000001,0.16162064672197363,-0.02641856191132541,-0.0055900145493529285,R1_up_calm
2021-02-25,382.33,343.6498500000001,0.16087666229002304,-0.014725498914550217,0.029294065336227915,R1_up_calm
2021-02-26,380.36,344.11830000000003,0.15974606722813375,0.008597118519297453,0.036018508781154646,R1_up_calm
2021-03-01,389.58,344.6582000000001,0.16120523409893497,-0.020175573694748095,0.01753170080599631,R1_up_calm
2021-03-02,386.54,345.1660500000001,0.15637219349102496,0.0016298442593263296,0.024240699539504362,R1_up_calm
2021-03-03,381.42,345.64174999999994,0.15709921347372427,0.021393739185150196,0.041529023124114994,R1_up_calm
2021-03-04,376.7,346.05025,0.1631142560512341,0.04467746217148916,0.03923546588797455,R1_up_calm
2021-03-05,383.63,346.5085500000001,0.17150117377644314,0.027187654771524628,0.015249068112504371,R1_up_calm
2021-03-08,381.72,346.9325,0.1714846075126276,0.03848370533375256,0.028476370114219662,R1_up_calm
2021-03-09,387.17,347.39394999999996,0.17747555050434535,0.02257406307306864,0.006018028256321362,R1_up_calm
2021-03-10,389.58,347.86465,0.17902339964645694,0.019713537655937197,-0.005287745777504016,R1_up_calm
2021-03-11,393.53,348.3369,0.18261209965419442,-0.005209259776891129,-0.009732421924630863,R1_up_calm
2021-03-12,394.06,348.78955,0.18259174329286476,-0.01162259554382572,0.0048723544637871985,R1_up_calm
2021-03-15,396.41,349.25674999999995,0.18296004738655808,-0.00963648747508905,-0.0015892636411797278,R1_up_calm
2021-03-16,395.91,349.7147,0.18300400290250635,-0.016190548356949885,-0.002980475360561785,R1_up_calm
2021-03-17,397.26,350.17325,0.18329812582534233,-0.024517947943412444,-0.0023410360972663247,R1_up_calm
2021-03-18,391.48,350.59024999999997,0.1905372602138085,-0.004546847859405401,0.02332175334627573,R1_up_calm
2021-03-19,389.48,350.97675,0.1913429913589714,0.016688918558077415,0.04333983773236105,R1_up_calm
2021-03-22,392.59,351.38289999999995,0.1911197030117563,0.00812552535724298,0.03446343513589256,R1_up_calm
2021-03-23,389.5,351.7336999999999,0.1935270297492236,0.013427471116816525,0.04387676508344018,R1_up_calm
2021-03-24,387.52,352.05529999999993,0.19011299671321719,0.02273431048720065,0.05419075144508678,R1_up_calm
2021-03-25,389.7,352.39984999999996,0.1688403535711605,0.02799589427764948,0.05591480626122669,R1_up_calm
2021-03-26,395.98,352.7847499999999,0.1752437830623013,0.026213445123490997,0.039547451891509544,R1_up_calm
2021-03-29,395.78,353.2605999999999,0.15496485287099693,0.02612562534741536,0.04315528829147519,R1_up_calm
2021-03-30,394.73,353.7131999999999,0.15220890514609542,0.030045854128138094,0.042358067539837174,R1_up_calm
2021-03-31,396.33,354.1596,0.14262811093818148,0.03075719728509063,0.04930234905255726,R1_up_calm
2021-04-01,400.61,354.59785000000005,0.13520425140796033,0.027158583160679983,0.04156161853173912,R1_up_calm
2021-04-05,406.36,355.07135,0.12992520252319853,0.012993404862683189,0.021778718377793105,R1_up_calm
2021-04-06,406.12,355.54305,0.12730275025728452,0.01659607997636159,0.014897074756229811,R1_up_calm
2021-04-07,406.59,356.0327999999999,0.12048132541952186,0.011953073120342328,0.02331587102486532,R1_up_calm
2021-04-08,408.52,356.5223,0.11998516675460018,0.01799177518848527,0.009179477136982195,R1_up_calm
2021-04-09,411.49,357.01950000000005,0.11796752255252896,0.014022211961408404,0.012758511749981771,R1_up_calm
2021-04-12,411.64,357.55725000000007,0.11811657264997694,0.008672626566903041,0.014502963754737141,R1_up_calm
2021-04-13,412.86,358.08480000000003,0.11732755705127793,-0.0016712687109431412,0.011287119120282796,R1_up_calm
2021-04-14,411.45,358.64179999999993,0.11837731556573687,0.011228581844695551,0.014461052375744243,R1_up_calm
2021-04-15,415.87,359.19884999999994,0.12233904315453033,-0.00865655132613563,0.010075263904585574,R1_up_calm
2021-04-16,417.26,359.74334999999996,0.10468103692908709,-0.0012462253750659125,9.586349038981368e-05,R1_up_calm
2021-04-19,415.21,360.26679999999993,0.10447594288520644,0.005780207605790011,0.00720117530887987,R1_up_calm
2021-04-20,412.17,360.7665,0.10924981903920776,0.012980081034524416,0.008370332629740185,R1_up_calm
2021-04-21,416.07,361.2616,0.10472228569132429,0.0031965774989783924,-0.00076910135313768,R1_up_calm
2021-04-22,412.27,361.75405,0.10993053500932388,0.018895384092948886,0.016494045164576532,R1_up_calm
2021-04-23,416.74,362.25685,0.1129918317358942,0.0013437634976243285,0.012909727887891798,R1_up_calm
2021-04-26,417.61,362.773,0.10268356383728128,0.0014128014175904813,0.0007902109623811882,R1_up_calm
2021-04-27,417.52,363.27265000000006,0.10257025233777974,-0.004550680206936164,-0.007927763939452048,R1_up_calm
2021-04-28,417.4,363.78544999999997,0.10127393471995402,-0.003953042644944893,-0.028725443219932756,R1_up_calm
2021-04-29,420.06,364.29114999999996,0.10198129720579857,-0.002356806170547121,-0.02328238823025286,R1_up_calm
2021-04-30,417.3,364.76840000000004,0.10287833493091952,0.011550443326144189,-0.0017253774263120691,R1_up_calm
2021-05-03,418.2,365.25545,0.09224794008690826,-0.0006217120994739256,-0.00640841702534678,R1_up_calm
2021-05-04,415.62,365.72495,0.09594493659394786,-0.0033925220153024904,-0.008854241855541178,R1_up_calm
2021-05-05,415.75,366.1821,0.09599162955411404,-0.024870715574263347,-0.011761876127480475,R1_up_calm
2021-05-06,419.07,366.6524,0.09825513381289475,-0.02097501610709429,-0.009043835158804026,R1_up_calm
2021-05-07,422.12,367.1287,0.09826143646483497,-0.01312423007675545,-0.017009381218610842,R1_up_calm
2021-05-10,417.94,367.60360000000003,0.10604476798037649,-0.005790304828444337,0.002943006173135032,R1_up_calm
2021-05-11,414.21,368.07025,0.11109087652152184,-0.005480311919074832,0.009729364332102142,R1_up_calm
2021-05-12,405.41,368.4812,0.1347745295919135,0.013443180977282143,0.033694284798105434,R1_up_calm
2021-05-13,410.28,368.92675,0.13625197762883542,0.012186799259042536,0.021960612264794843,R1_up_calm
2021-05-14,416.58,369.38405,0.14702564539392887,-0.003936818858322533,0.008305727591339185,R1_up_calm
2021-05-17,415.52,369.84184999999997,0.14622690357183787,0.0087841740469774,0.009987485560261966,R1_up_calm
2021-05-18,411.94,370.26894999999996,0.14717108387180017,0.015293489343108257,0.02036704374423448,R1_up_calm
2021-05-19,410.86,370.6793,0.1430709844510928,0.019982475782504894,0.019252300053546056,R1_up_calm
2021-05-20,415.28,371.10540000000003,0.144712243960594,0.0096561356193412,0.017626661529570598,R1_up_calm
2021-05-21,414.94,371.51955000000004,0.13939422544152874,0.0122909336289585,0.017472405649009426,R1_up_calm
2021-05-24,419.17,371.94375,0.14401629792443846,0.0011928334565927123,0.007419424100006955,R1_up_calm
2021-05-25,418.24,372.3621,0.14426628738075126,0.004997130833970909,0.008153213465952547,R1_up_calm
2021-05-26,419.07,372.7796000000001,0.14441326646386113,-0.0007158708568973937,0.010833512301047676,R1_up_calm
2021-05-27,419.29,373.21205000000003,0.1425901475784649,0.007894297502921699,0.011972620382074473,R1_up_calm
2021-05-28,420.04,373.62505,0.14061211282259742,0.005118560137129746,0.012427387867822048,R1_up_calm
2021-06-01,419.67,374.03925,0.1405017626943358,0.006219172206733736,0.011461386327352496,R1_up_calm
2021-06-02,420.33,374.45669999999996,0.1385262459474077,0.003140389693812029,0.004234767920443527,R1_up_calm
2021-06-03,418.77,374.861,0.13935948342825472,0.011557656947728034,0.007641426081142599,R1_up_calm
2021-06-04,422.6,375.2808,0.14024770378684764,0.004046379555134871,-0.01817321344060574,R1_up_calm
2021-06-07,422.19,375.70560000000006,0.13795322400751817,0.007271607570051408,-0.0031502404130840933,R1_up_calm
2021-06-08,422.28,376.12559999999996,0.1328434786409333,0.005209813393956653,0.001965520507720031,R1_up_calm
2021-06-09,421.65,376.53644999999995,0.12834184514123956,0.001090952211549867,0.002253053480374856,R1_up_calm
2021-06-10,423.61,376.9398999999999,0.09783659747603794,-0.0038714855645523016,0.003517386275111667,R1_up_calm
2021-06-11,424.31,377.34084999999993,0.09080815250693562,-0.02213004642831884,0.0054205651528362875,R1_up_calm
2021-06-14,425.26,377.7292999999999,0.0755001431410779,-0.0103466114847387,0.0051968207684711665,R1_up_calm
2021-06-15,424.48,378.1100499999999,0.07509375576926562,-0.0032274783264228946,0.007585751978891775,R1_up_calm
2021-06-16,422.11,378.4676999999999,0.0704923000414874,0.0011608348534741797,0.014095851792186753,R1_up_calm
2021-06-17,421.97,378.8309999999999,0.06929318824927845,0.007417588928122942,0.02004881863639585,R1_up_calm
2021-06-18,414.92,379.1425999999999,0.08671540023443651,0.028174105851730413,0.04530993926540061,R1_up_calm
2021-06-21,420.86,379.45839999999987,0.10028921410932405,0.015705935465475385,0.028679370812146443,R1_up_calm
2021-06-22,423.11,379.8469999999999,0.09563270441764965,0.01084824277374663,0.02682517548628005,R1_up_calm
2021-06-23,422.6,380.2471499999999,0.0953215392759165,0.012920018930430599,0.01968764789398958,R1_up_calm
2021-06-24,425.1,380.7066,0.09711573177924673,0.012538226299694255,0.024511879557751026,R1_up_calm
2021-06-25,426.61,381.1407,0.09762823368094448,0.01666627598977999,0.024542322027144126,R1_up_calm
2021-06-28,427.47,381.6086,0.09765993719496291,0.012772826163239381,0.018995485063279194,R1_up_calm
2021-06-29,427.7,382.07679999999993,0.09745081407991689,0.015805471124620052,0.019967266775777537,R1_up_calm
2021-06-30,428.06,382.5248,0.0974232886322586,0.006681306358921724,0.015628650189225768,R1_up_calm
2021-07-01,430.43,382.97610000000003,0.09712014464048171,0.01182538391840704,0.0021141649048626032,R1_up_calm
2021-07-02,433.72,383.45059999999995,0.09568051957052147,0.007746933505487386,-0.020174306003873488,R1_up_calm
2021-07-06,432.93,383.93604999999997,0.09599600442559766,0.006144180352481765,-0.004319404984639563,R1_up_calm
2021-07-07,434.46,384.4551,0.09623914897984534,0.004097040003682828,0.00020715370805146627,R1_up_calm
2021-07-08,430.92,384.97485,0.10169940435414558,0.008887960642346648,0.010535598254896472,R1_up_calm
2021-07-09,435.52,385.50095,0.10656770948044555,-0.009597722263041897,0.01014878765613525,R1_up_calm
2021-07-12,437.08,386.07315,0.10684967648468316,-0.027706598334400923,0.00901436807907019,R1_up_calm
2021-07-13,435.59,386.6336,0.10819542035197964,-0.010399687779792832,0.007851419913221136,R1_up_calm
2021-07-14,436.24,387.17115000000007,0.10760014308317174,-0.003874014304052764,0.005937098844672528,R1_up_calm
2021-07-15,434.75,387.67395000000005,0.10599623845780717,0.0016331224841863445,0.01357101782633685,R1_up_calm
2021-07-16,431.34,388.1688,0.11096669839619394,0.019937868039134,0.01662261788844077,R1_up_calm
2021-07-19,424.97,388.6192,0.10688541624134305,0.037767371814480866,0.02969621385038934,R1_up_calm
2021-07-20,431.06,389.0893,0.10690837520630492,0.018442908179835626,0.023407414281074512,R1_up_calm
2021-07-21,434.55,389.59285000000006,0.10873379085082363,0.009849269359107016,0.01019445403290753,R1_up_calm
2021-07-22,435.46,390.07135,0.10834146935296071,0.011918431084370518,0.014467459697790952,R1_up_calm
2021-07-23,439.94,390.5964000000001,0.1117185310288879,-0.0032504432422603147,0.005796244942492201,R1_up_calm
2021-07-26,441.02,391.0977000000001,0.11154820484745087,-0.007777425060087939,0.002516892657929315,R1_up_calm
2021-07-27,439.01,391.57385,0.11369803637751717,0.004874604223138457,0.008359718457438436,R1_up_calm
2021-07-28,438.83,392.03375000000005,0.1138355564297662,0.0003418180160883466,0.011279994530911663,R1_up_calm
2021-07-29,440.65,392.47485,0.11426624529727332,0.002519006013843139,0.010121411551117676,R1_up_calm
2021-07-30,438.51,392.91675000000004,0.11530241945155209,0.00907618982463343,0.016898132311691905,R1_up_calm
2021-08-02,437.59,393.36505,0.11296546833370896,0.010375008569665667,0.021435590392833603,R1_up_calm
2021-08-03,441.15,393.83329999999995,0.11578247292013409,0.003468208092485714,0.006551059730250497,R1_up_calm
2021-08-04,438.98,394.29175,0.11716051703200474,0.010934438926602397,0.0004556016219416925,R1_up_calm
2021-08-05,441.76,394.7904999999999,0.11414504850819335,0.0075833031510323945,-0.004300977906555592,R1_up_calm
2021-08-06,442.49,395.28604999999993,0.10868310723771173,0.0077515876064995215,0.001966146127596158,R1_up_calm
2021-08-09,442.13,395.78304999999995,0.10830927346121669,0.010947006536539128,0.011602922217447409,R1_up_calm
2021-08-10,442.68,396.2734,0.10729108642124267,0.003072196620583778,0.011949941266829356,R1_up_calm
2021-08-11,443.78,396.7633999999999,0.10743236613774153,-0.010365496417143572,0.011559781873901498,R1_up_calm
2021-08-12,445.11,397.2919999999999,0.10645266422483943,-0.011794837231246191,0.0025836310125586515,R1_up_calm
2021-08-13,445.92,397.83049999999986,0.10093829181245124,-0.005740940078937884,0.00971026193039104,R1_up_calm
2021-08-16,446.97,398.43205,0.07980889975955556,0.0006488131194486435,0.011768127614828705,R1_up_calm
2021-08-17,444.04,399.00235,0.07323707122602749,0.008850554004143696,0.016935411224213937,R1_up_calm
2021-08-18,439.18,399.56555000000003,0.08134389349915931,0.02215492508766337,0.0287353704631359,R1_up_calm
2021-08-19,439.86,400.11384999999996,0.0812280469311607,0.014550084117673778,0.030305097076342546,R1_up_calm
2021-08-20,443.36,400.65049999999997,0.07790304765956432,0.015540418621436292,0.021923493323709797,R1_up_calm
2021-08-23,447.26,401.16909999999996,0.0831584593465387,0.011112104815990786,0.009390511112104871,R1_up_calm
2021-08-24,447.97,401.65774999999996,0.08082165551103754,0.008013929504207873,0.006562939482554597,R1_up_calm
2021-08-25,448.91,402.15149999999994,0.08072707397226402,0.006437816043304956,0.0001559332605645114,R1_up_calm
2021-08-26,446.26,402.6099999999999,0.08360917196281689,0.015529063774481155,-0.0018374938376730654,R1_up_calm
2021-08-27,450.25,403.09104999999994,0.08585014469637674,0.006285397001665638,-0.008151027207107253,R1_up_calm
2021-08-30,452.23,403.56884999999994,0.08550929301940957,-0.0017026734183933634,-0.017822789288636343,R1_up_calm
2021-08-31,451.56,404.0605999999999,0.08262982205178424,-0.0014394543360792822,-0.008149526087341652,R1_up_calm
2021-09-01,451.8,404.5290999999999,0.07949946709200864,-0.006241699867197914,-0.010247897299690112,R1_up_calm
2021-09-02,453.19,404.9821999999999,0.07767575134263274,-0.017100995167589783,-0.026015578454952726,R1_up_calm
2021-09-03,453.08,405.44449999999995,0.07784556830970331,-0.014346252317471553,-0.04202348371148579,R1_up_calm
2021-09-07,451.46,405.92040000000003,0.07939183711944683,-0.01614760997652054,-0.0394940858547822,R1_up_calm
2021-09-08,450.91,406.38604999999995,0.07979003633446517,-0.006719744516644144,-0.028941473908318804,R1_up_calm
2021-09-09,448.98,406.8543,0.08163219296227599,-0.004031359971490955,-0.012918170074390889,R1_up_calm
2021-09-10,445.44,407.29420000000005,0.08640451166063412,-0.009069683908046078,-0.0034348060344826514,R1_up_calm
2021-09-13,446.58,407.71100000000007,0.08664560532819433,-0.028080075238478996,-0.008822607371579583,R1_up_calm
2021-09-14,444.17,408.11855,0.08830467452288152,-0.02372965306076502,-0.02352702793975281,R1_up_calm
2021-09-15,447.88,408.5396,0.09010382761850438,-0.022372063945699683,-0.029985710458158454,R1_up_calm
2021-09-16,447.17,408.96515,0.07987049908276606,-0.008922781045240136,-0.04032023615179914,R1_up_calm
2021-09-17,441.4,409.34205000000003,0.09376634302004841,0.00568645219755326,-0.016221114635251443,R1_up_calm
2021-09-20,434.04,409.6782999999999,0.10685395341082708,0.01981384204220804,-0.012441249654409847,R1_up_calm
2021-09-21,433.63,410.013,0.10038149935941894,0.00020755021562157694,-0.0012222401586605702,R1_up_calm
2021-09-22,437.86,410.35304999999994,0.10762240470950983,-0.007787877403736432,-0.006760151646645118,R1_up_calm
2021-09-23,443.18,410.7234999999999,0.11702492359845523,-0.03168012996976399,-0.010199016201092093,R1_up_calm
2021-09-24,443.91,411.0922,0.11557153952833539,-0.02178369489310905,-0.013628888738708267,R1_up_calm
2021-09-27,442.64,411.47114999999997,0.11063712974199609,-0.03162841135008132,-0.01796041930236758,R1_up_calm
2021-09-28,433.72,411.80609999999996,0.12851598945142714,-0.001429493682560179,-0.00023056349718719726,R1_up_calm
2021-09-29,434.45,412.14685,0.1292032118560942,0.001035792381171463,0.0016802854183450844,R1_up_calm
2021-09-30,429.14,412.46925000000005,0.13389974680643332,0.02218390268909931,0.031132031504870206,R1_up_calm
2021-10-01,434.24,412.7925000000001,0.14213072700397422,0.00833640383198242,0.026782424465733312,R1_up_calm
2021-10-04,428.64,413.08485,0.14698895192906833,0.014114408361328934,0.04327640910787611,R1_up_calm
2021-10-05,433.1,413.3891500000001,0.15411908878129219,0.001200646501962499,0.04049873008543048,R1_up_calm
2021-10-06,434.9,413.7177500000001,0.15568411690110842,0.0006438261669350354,0.0402621292251093,R1_up_calm
2021-10-07,438.66,414.07175,0.15963869787000934,0.008753932430584088,0.03403547166370302,R1_up_calm
2021-10-08,437.86,414.4248500000001,0.15767334198993802,0.01829351847622518,0.034851322340474056,R1_up_calm
2021-10-11,434.69,414.76045000000005,0.15870383900773893,0.02875612505463665,0.04798822149117776,R1_up_calm
2021-10-12,433.62,415.08355000000006,0.15804688412048495,0.03925095705917614,0.051519763848530964,R1_up_calm
2021-10-13,435.18,415.3986,0.15513440857683383,0.039592812169676916,0.0431085987407509,R1_up_calm
2021-10-14,442.5,415.75379999999996,0.16792669897778095,0.02506214689265529,0.035751412429378515,R1_up_calm
2021-10-15,445.87,416.1232,0.1634976565601046,0.016260344943593408,0.030008746944176545,R1_up_calm
2021-10-18,447.19,416.48974999999996,0.1502463231373981,0.018694514635837045,0.02873498960173526,R1_up_calm
2021-10-19,450.64,416.899,0.15150721460257463,0.011805432274099026,0.024986685602698344,R1_up_calm
2021-10-20,452.41,417.30440000000004,0.14893457085206036,0.003381888110342235,0.02720983178974823,R1_up_calm
2021-10-21,453.59,417.70459999999997,0.14383414626365518,0.010427919486761139,0.029365726757644595,R1_up_calm
2021-10-22,453.12,418.0747,0.14402924733367992,0.013528425141242861,0.034008651129943335,R1_up_calm
2021-10-25,455.55,418.44615,0.1440365296557823,0.009856217758753116,0.029371089891340185,R1_up_calm
2021-10-26,455.96,418.8325,0.11895530907846898,0.013027458548995563,0.02504605667163795,R1_up_calm
2021-10-27,453.94,419.20835000000005,0.12147218470032678,0.023747631845618455,0.021324404106269457,R1_up_calm
2021-10-28,458.32,419.60100000000006,0.11126506424527666,0.01874236341420854,0.011891255018327884,R1_up_calm
2021-10-29,459.25,420.0049500000001,0.10664719217070133,0.02020685900925412,0.01746325530756665,R1_up_calm
2021-11-01,460.04,420.42665,0.08912508315782962,0.019324406573341335,0.016063820537344453,R1_up_calm
2021-11-02,461.9,420.8429,0.08546276472888861,0.011864039835462359,0.015977484303961953,R1_up_calm
2021-11-03,464.72,421.2470500000001,0.08601759300000791,-0.0023670166982269203,0.007359270098123538,R1_up_calm
2021-11-04,466.91,421.6604,0.08392166910834627,-0.006725064787646562,0.006039707866612343,R1_up_calm
2021-11-05,468.53,422.08865,0.08186208649384573,-0.0026892621603739064,0.0007683606172497193,R1_up_calm
2021-11-08,468.93,422.51135,0.0723742293314333,-0.0031987716716780357,-0.0029002196489881227,R1_up_calm
2021-11-09,467.38,422.9293,0.07339951530814665,0.004065214600539102,0.001733065171808823,R1_up_calm
2021-11-10,463.62,423.37534999999997,0.08456833231719223,0.009749363703032587,0.012553384237090626,R1_up_calm
2021-11-11,463.77,423.80604999999997,0.06825490701380453,0.01285119779200894,-0.01034995795329574,R1_up_calm
2021-11-12,467.27,424.2920500000001,0.06818560675617157,0.003466946305134,-0.005714041132535708,R1_up_calm
2021-11-15,467.43,424.74805,0.06850486046625931,0.00029951008707174154,-0.025394176668164237,R1_up_calm
2021-11-16,469.28,425.18670000000003,0.06577644568141582,-0.002322707125809731,-0.040018752130923874,R1_up_calm
2021-11-17,468.14,425.61815,0.06720048677547853,0.0027769470671166196,-0.02294185500064083,R1_up_calm
2021-11-18,469.73,426.03585,0.06739704085899599,-0.02290677623315518,-0.03472207438315633,R1_up_calm
2021-11-19,468.89,426.44175,0.06786122755267059,-0.009149267418797513,-0.021540233316982627,R1_up_calm
2021-11-22,467.57,426.82705000000004,0.06824595223566936,-0.025685993541074037,0.001518489210171614,R1_up_calm
2021-11-23,468.19,427.21675000000005,0.06822937349154497,-0.03778380571990003,0.0028407270552552877,R1_up_calm
2021-11-24,469.44,427.61355,0.06484672588597394,-0.025647580095432887,-0.006582310838445737,R1_up_calm
2021-11-26,458.97,427.95485,0.10235274246984495,-0.012092293613961691,0.025644377628167403,R1_up_calm
2021-11-29,464.6,428.3146500000001,0.11092992381953376,-0.012505380972879898,0.004240206629358534,R1_up_calm
2021-11-30,455.56,428.63095,0.13195683086067814,0.02792167881288954,0.01712178417771537,R1_up_calm
2021-12-01,450.5,428.9215000000001,0.13601713222924383,0.04221975582685911,0.044617092119866975,R1_up_calm
2021-12-02,457.4,429.2549000000001,0.14601605045681904,0.019567118495846136,0.019785745518146047,R1_up_calm
2021-12-03,453.42,429.57185000000004,0.14709757134170218,0.038198579683295764,0.014225221648802355,R1_up_calm
2021-12-06,458.79,429.93065,0.15360492429446543,0.016957649469256042,-0.008304453017720537,R1_up_calm
2021-12-07,468.28,430.33455000000004,0.17156868856116791,-0.010506534551977365,-0.011147176902707723,R1_up_calm
2021-12-08,469.52,430.7233,0.1713785744730787,0.002300221502811395,-0.003897597546430376,R1_up_calm
2021-12-09,466.35,431.14340000000004,0.17060171612002178,0.00021443122118580682,0.009113326900396679,R1_up_calm
2021-12-10,470.74,431.59530000000007,0.17361794081864076,-0.02309130305476481,0.013850533203042081,R1_up_calm
2021-12-13,466.57,431.98025000000007,0.174898818912607,-0.024840859892406253,0.022076001457444816,R1_up_calm
2021-12-14,463.36,432.3643500000001,0.17655300569473328,-0.000647444751381232,0.030473066298342566,R1_up_calm
2021-12-15,470.6,432.81025000000017,0.18492622076234497,-0.006183595410114817,0.01181470463238421,R1_up_calm
2021-12-16,466.45,433.25900000000007,0.18750041097250217,0.008896987887233365,0.018244184800085828,R1_up_calm
2021-12-17,459.87,433.6402000000001,0.1933679513378272,0.03781503468371494,0.03879357209646206,R1_up_calm
2021-12-20,454.98,434.0065000000001,0.19637076555776342,0.04811200492329326,0.04960657611323582,R1_up_calm
2021-12-21,463.06,434.3859500000001,0.2076175887442742,0.031140672914957035,0.011488791949207489,R2_up_vol
2021-12-22,467.69,434.7765000000001,0.21084627149132584,0.018110286728388436,0.0005345421112274984,R2_up_vol
2021-12-23,470.6,435.16185000000013,0.21182274095281742,0.009264768380790489,-0.009583510412239815,R2_up_vol
2021-12-27,477.26,435.57785,0.19932845877452376,0.0009428822863848385,-0.02461970414449144,R1_up_calm
2021-12-28,476.87,435.9801500000001,0.19578361315960213,0.0014259651477341873,-0.014930693899804948,R1_up_calm
2021-12-29,477.48,436.38800000000003,0.17949381548262786,-0.019058389880204474,-0.01352936248638692,R1_up_calm
2021-12-30,476.16,436.7825000000001,0.17347794601222852,-0.017263104838709742,-0.024424563172043112,R1_up_calm
2021-12-31,474.96,437.19989999999996,0.16795393056473057,-0.018675256863735945,-0.02155971029139281,R1_up_calm
2022-01-03,477.71,437.64105,0.16362388706384814,-0.025538506625358504,-0.04442025496640212,R1_up_calm
2022-01-04,477.55,438.06585000000007,0.16023910541889466,-0.016333368233692802,-0.05402575646529162,R1_up_calm
2022-01-05,468.38,438.4602500000001,0.16176544446471844,0.005636449037106583,-0.04618045176993035,R1_up_calm
2022-01-06,467.94,438.8623500000001,0.16149153622441756,-0.007287259050305694,-0.06402530238919513,R1_up_calm
2022-01-07,466.09,439.24430000000007,0.16026940005037424,-0.002939346478147864,-0.05631959492801819,R1_up_calm
2022-01-10,465.51,439.59195000000005,0.1563967221382356,-0.019376597710038412,-0.06667955575605244,R1_up_calm
2022-01-11,469.75,439.9618,0.15669214531146866,-0.0383182543906333,-0.07742416178818523,R1_up_calm
2022-01-12,471.02,440.34325000000007,0.15449685108318026,-0.05152647445968317,-0.08445501252600729,R1_up_calm
2022-01-13,464.53,440.68425,0.15264581136189065,-0.057154543301831895,-0.04860827072524909,R1_up_calm
2022-01-14,464.72,441.00480000000005,0.14954924320100801,-0.05353761404716828,-0.03186865209158207,R1_up_calm
2022-01-18,456.49,441.25545000000005,0.15458209876153942,-0.04823763937873771,-0.007754824859252163,R1_up_calm
2022-01-19,451.75,441.4836000000001,0.15436091552007727,-0.040664084117321586,0.012396236856668574,R1_up_calm
2022-01-20,446.75,441.6844000000001,0.14332252916183905,-0.03471740346950192,-0.0003357582540570725,R1_up_calm
2022-01-21,437.98,441.83170000000007,0.1497926839950724,0.009064340837481089,0.02447600347047807,R3_down_calm
2022-01-24,439.84,441.97345000000007,0.1482974334881505,0.02289468897781033,0.016869770825754804,R3_down_calm
2022-01-25,434.47,442.08759999999995,0.13620940483481983,0.042534582364720075,0.03790825603608994,R3_down_calm
2022-01-26,433.38,442.19020000000006,0.13570120308009187,0.05530942821542295,0.055747842540034176,R3_down_calm
2022-01-27,431.24,442.28915,0.1337999532249587,0.03561821723402292,0.04192560986921423,R3_down_calm
2022-01-28,441.95,442.41955,0.17022535486059243,0.015273220952596533,-0.003371422106573152,R3_down_calm
2022-01-31,449.91,442.5828000000001,0.186702946204198,-0.005890066902269453,-0.024204840968193753,R1_up_calm
2022-02-01,452.95,442.7715,0.18731214020344472,-0.00443757589137872,-0.015123082017882705,R1_up_calm
2022-02-02,457.35,442.9974,0.19225910431494495,0.00041543675522026646,-0.023504974308516502,R1_up_calm
2022-02-03,446.6,443.15005000000014,0.19803128870366682,0.0060904612628749355,-0.021361397223466194,R1_up_calm
2022-02-04,448.7,443.33220000000006,0.19957744623485396,-0.01836416313795408,-0.032248718520169306,R1_up_calm
2022-02-07,447.26,443.4848,0.1995026165942986,-0.01842328846755803,-0.03955193846979388,R1_up_calm
2022-02-08,450.94,443.65145000000007,0.20280160108689144,-0.010733135228633506,-0.06428793187563753,R2_up_vol
2022-02-09,457.54,443.8515500000001,0.20748218183139008,-0.023910477772435157,-0.06390698081042101,R2_up_vol
2022-02-10,449.32,444.01115000000004,0.21516500060782603,-0.027285676132822956,-0.025750022255853322,R2_up_vol
2022-02-11,440.46,444.1131500000001,0.2204571092857872,-0.014144303682513626,-0.008695454751850296,R3_down_calm
2022-02-14,439.02,444.2217500000001,0.22016448613705944,-0.021525215252152452,-0.020591317024281297,R3_down_calm
2022-02-15,446.1,444.36125000000015,0.2223222002449122,-0.05413584398117022,-0.018403945303743674,R2_up_vol
2022-02-16,446.6,444.51615000000004,0.21968875647019592,-0.040976265114196164,-0.02438423645320209,R2_up_vol
2022-02-17,437.06,444.62270000000007,0.22928687372304693,0.0015787306090697673,-0.011188395186015665,R3_down_calm
2022-02-18,434.23,444.69849999999997,0.2195193040402311,0.005527024848582585,-0.03408331989959246,R3_down_calm
2022-02-22,429.57,444.73575000000005,0.22175085348970744,0.0009544428149079742,-0.03100775193798444,R3_down_calm
2022-02-23,421.95,444.7558,0.2263269011441508,0.03777698779476246,0.012939921791681464,R3_down_calm
2022-02-24,428.3,444.8262500000001,0.23361118650732088,0.017300957272939455,-0.0065841699743171,R3_down_calm
2022-02-25,437.75,444.98795000000007,0.24598704449282036,-0.012747001713306672,-0.04038834951456316,R3_down_calm
2022-02-28,436.63,445.1197000000001,0.22949135142127056,-0.03939262075441452,-0.044957973570299736,R3_down_calm
2022-03-01,429.98,445.1867,0.22427637190862856,-0.03193171775431425,-0.008860877250104648,R3_down_calm
2022-03-02,437.89,445.29855000000003,0.23389930284432137,-0.023932951197789265,-0.005183950307154683,R3_down_calm
2022-03-03,435.71,445.41740000000004,0.23021700534931583,-0.023478919464781534,0.012301760345183821,R3_down_calm
2022-03-04,432.17,445.52394999999996,0.21730524233685852,-0.02799824143276952,0.028576717495429893,R3_down_calm
2022-03-07,419.43,445.5446999999999,0.23770249894236717,-0.005793576997353611,0.05950933409627357,R3_down_calm
2022-03-08,416.25,445.5512499999999,0.238175378741509,0.023831831831831796,0.08009609609609614,R3_down_calm
2022-03-09,427.41,445.59245000000004,0.2581484596008002,0.01920872230411086,0.03834725439273767,R4_down_vol
2022-03-10,425.48,445.62865000000005,0.2500337956957166,0.0366409701983641,0.05878067124189146,R4_down_vol
2022-03-11,420.07,445.63365000000005,0.2466265084877532,0.05820458495012737,0.0776537243792701,R3_down_calm
2022-03-14,417.0,445.6222,0.2393655097937096,0.06568345323740998,0.09330935251798578,R3_down_calm
2022-03-15,426.17,445.65284999999994,0.25461846895921947,0.054954595583921906,0.08301851373864899,R4_down_vol
2022-03-16,435.62,445.73260000000005,0.2608182296055632,0.018777833891924223,0.05298195675129702,R4_down_vol
2022-03-17,441.07,445.8363,0.2652011377080843,0.021357154193212047,0.02396445008728776,R4_down_vol
2022-03-18,444.52,445.96505,0.25468772734336104,0.018379375506164086,0.018896787546117233,R4_down_vol
2022-03-21,444.39,446.074,0.25326368377628733,0.025923175589009695,0.02792592092531332,R4_down_vol
2022-03-22,449.59,446.211,0.25173833388593453,0.026602015169376658,0.0032029182143731294,R2_up_vol
2022-03-23,443.8,446.3186,0.24705787177212857,0.03357368183866605,0.0061288868859845635,R3_down_calm
2022-03-24,450.49,446.4628000000001,0.24707441800373706,0.002552775866278889,-0.003818064773912888,R2_up_vol
2022-03-25,452.69,446.6082,0.23661903996631534,0.0005080739578962046,-0.01131016810620955,R2_up_vol
2022-03-28,455.91,446.7662,0.23680492464181338,0.0019521396766906118,-0.03507271171941828,R2_up_vol
2022-03-29,461.55,446.9476500000001,0.22992730500895373,-0.02279276351424553,-0.05039540678149712,R2_up_vol
2022-03-30,458.7,447.1187500000001,0.22553847552111453,-0.02655330281229562,-0.0335513407455853,R2_up_vol
2022-03-31,451.64,447.26640000000015,0.2330293150348541,-0.0063546187228766815,-0.030666017181826155,R2_up_vol
2022-04-01,452.92,447.4211500000001,0.23004965173605837,-0.01181224057228658,-0.03300803673938002,R2_up_vol
2022-04-04,456.8,447.63055,0.19657183684920693,-0.036952714535901876,-0.025744308231173352,R1_up_calm
2022-04-05,451.03,447.7814000000001,0.20143400258801947,-0.02824645810699944,-0.014012371682593172,R2_up_vol
2022-04-06,446.52,447.89845,0.18876602775380616,-0.007188927707605486,-0.01894651975275463,R3_down_calm
2022-04-07,448.77,448.0293,0.18730019544538853,-0.024466876128083292,-0.050649553223254595,R1_up_calm
2022-04-08,447.57,448.14165000000014,0.17950329276289168,-0.021449158790803557,-0.04258551734924143,R3_down_calm
2022-04-11,439.92,448.2082000000001,0.19030992538921068,0.011638479723586226,-0.05414620840152751,R3_down_calm
2022-04-12,438.29,448.26230000000004,0.17748863424241004,0.01464783590773222,-0.04795911382874363,R3_down_calm
2022-04-13,443.31,448.3403500000001,0.16480629406001943,-0.011842728564661287,-0.03496424623852379,R3_down_calm
2022-04-14,437.79,448.389,0.1654062909773985,-0.026839352200826894,-0.05890952283058093,R3_down_calm
2022-04-18,437.97,448.42670000000004,0.16262573919238157,-0.02159965294426569,-0.053633810534968185,R3_down_calm
2022-04-19,445.04,448.48330000000004,0.17318176087608866,-0.06502786266403016,-0.06439870573431605,R3_down_calm
2022-04-20,444.71,448.54220000000004,0.16770997432091275,-0.06170313237840386,-0.03519147309482584,R3_down_calm
2022-04-21,438.06,448.56020000000007,0.16992810264211208,-0.023398621193443825,-0.05535771355522079,R3_down_calm
2022-04-22,426.04,448.5358,0.1849888270025699,-0.03295465214533855,-0.034503802459863064,R3_down_calm
2022-04-25,428.51,448.50075,0.18551565001929662,-0.03274135959487523,-0.07080348183239593,R3_down_calm
2022-04-26,416.1,448.39585,0.204124583772832,0.0006729151646238662,-0.04087959625090132,R3_down_calm
2022-04-27,417.27,448.30425,0.19635959440415965,0.028255086634553228,-0.05876291130443112,R3_down_calm
2022-04-28,427.81,448.2621000000001,0.22321329425249734,-0.03272480774175457,-0.08291063790000242,R3_down_calm
2022-04-29,412.0,448.14835000000005,0.251131324756021,-0.001601941747572888,-0.02495145631067952,R4_down_vol
2022-05-02,414.48,448.06405000000007,0.2526224749538573,-0.03935051148426949,-0.0347182011194751,R4_down_vol
2022-05-03,416.38,448.0211000000001,0.25030916057780345,-0.04152456890340561,-0.019357317834670207,R4_down_vol
2022-05-04,429.06,448.01110000000006,0.2765603285359819,-0.0846268587143989,-0.08670116067682843,R4_down_vol
2022-05-05,413.81,447.9074,0.30055355942209366,-0.05188371474831455,-0.05884343055991881,R4_down_vol
2022-05-06,411.34,447.7868,0.2987993559986569,-0.0233869791413428,-0.05277872319735499,R4_down_vol
2022-05-09,398.17,447.57795,0.3149439166627728,0.004822060928748817,-0.0031393625838209704,R4_down_vol
2022-05-10,399.09,447.36830000000003,0.3132045256011247,0.02312761532486407,-0.013029642436543143,R4_down_vol
2022-05-11,392.75,447.13699999999994,0.31563567678503224,-0.0022660725652450253,0.011763208147676618,R4_down_vol
2022-05-12,392.34,446.90455000000003,0.3098524653239213,-0.007340571952897945,0.03305806188509974,R4_down_vol
2022-05-13,401.72,446.7098999999999,0.32606776996022624,-0.030095588967440134,0.03370506820671104,R4_down_vol
2022-05-16,400.09,446.51779999999997,0.32559692342917085,-0.007923217276112782,0.03209277912469699,R4_down_vol
2022-05-17,408.32,446.37144999999987,0.3295756987028601,-0.03533992946708464,0.003110305642633149,R4_down_vol
2022-05-18,391.86,446.12499999999994,0.35407695965606845,0.014061144286224625,0.06515081917011178,R4_down_vol
2022-05-19,389.46,445.8774000000001,0.3525689318241168,0.04069737585374633,0.05412622605659134,R4_down_vol
2022-05-20,389.63,445.61675,0.3433923269000328,0.06578035572209529,0.05687447065164397,R4_down_vol
2022-05-23,396.92,445.3889000000001,0.35133487241338524,0.04033558399677517,0.04741509624105622,R4_down_vol
2022-05-24,393.89,445.14770000000004,0.3386052305421948,0.03985884383965055,0.043997055015359665,R4_down_vol
2022-05-25,397.37,444.92115000000007,0.3405686755660441,0.05038125676321803,0.010242343407906862,R4_down_vol
2022-05-26,405.31,444.72880000000004,0.33551876216753895,0.01290370333818558,-0.03826700550196149,R4_down_vol
2022-05-27,415.26,444.5795499999999,0.3216550318845651,-0.008356210566873745,-0.09695130761450654,R4_down_vol
2022-05-31,412.93,444.41459999999984,0.3216147803467316,0.006805027486499027,-0.0945923037803017,R4_down_vol
2022-06-01,409.59,444.2276999999998,0.32227857150762546,0.003979589345443069,-0.07419614736687907,R4_down_vol
2022-06-02,417.39,444.09444999999994,0.31035904736335795,-0.03821366108435753,-0.12156496322384347,R4_down_vol
2022-06-03,410.54,443.9512499999998,0.2881774641415595,-0.050518828859550835,-0.10883226969357429,R4_down_vol
2022-06-06,411.79,443.81089999999983,0.2876358916994045,-0.08934165472692401,-0.08917166516913966,R4_down_vol
2022-06-07,415.74,443.67279999999977,0.2620358614573169,-0.10071198345119547,-0.09946120171260886,R4_down_vol
2022-06-08,411.22,443.49259999999987,0.2661186537717196,-0.07786586255532324,-0.08063810125966642,R4_down_vol
2022-06-09,401.44,443.2599499999999,0.2745527960210482,-0.08666301315265046,-0.028298126743722674,R4_down_vol
2022-06-10,389.8,442.9643999999999,0.2951906295338352,-0.061416110826064685,-0.0031041559774244165,R4_down_vol
2022-06-13,375.0,442.6081,0.31063193557924956,0.0001866666666665573,0.015066666666666562,R4_down_vol
2022-06-14,373.87,442.22619999999995,0.31062627199221116,0.0013908577847914216,0.017305480514617333,R4_down_vol
2022-06-15,379.2,441.86105000000003,0.3050640060676154,-0.0030063291139240667,-0.005142405063291111,R4_down_vol
2022-06-16,366.65,441.43649999999985,0.2938204033847536,0.06390290467748527,0.03979271785081151,R4_down_vol
2022-06-17,365.86,441.00679999999994,0.2936538942351679,0.06212758978844346,0.04400590389766568,R4_down_vol
2022-06-21,375.07,440.61619999999994,0.3099317468400243,0.014877222918388444,0.02180926227104285,R4_down_vol
2022-06-22,374.39,440.22275,0.30040153537281106,0.01589251849675466,0.038996768076070554,R4_down_vol
2022-06-23,378.06,439.85575000000006,0.3031057927193209,-0.002142517060784055,0.02806432841347939,R4_down_vol
2022-06-24,390.08,439.5516,0.32361744167984724,-0.022662018047579946,-0.014996923707957244,R4_down_vol
2022-06-27,388.59,439.24965,0.31429518262980244,-0.017061684551841316,-0.01996963380426664,R4_down_vol
2022-06-28,380.65,438.92569999999995,0.3046104795351,0.006830421647182616,-0.00478129515302772,R4_down_vol
2022-06-29,380.34,438.5945,0.3048220627210629,0.022742809065573022,-0.006389020350212826,R4_down_vol
2022-06-30,377.25,438.2598999999999,0.3048283832621709,0.030271703114645554,0.020888005301524126,R4_down_vol
2022-07-01,381.24,437.9266999999999,0.29784601560243174,0.00784282866435837,0.0018623439303324663,R4_down_vol
2022-07-05,381.96,437.60065000000003,0.2951563676289824,-0.0029584249659649897,0.026992355220441855,R4_down_vol
2022-07-06,383.25,437.3099,0.2952577211459805,-0.011532941943900865,0.03005870841487268,R4_down_vol
2022-07-07,388.99,437.08465,0.2989774838784157,-0.028484022725519864,0.025193449703077242,R4_down_vol
2022-07-08,388.67,436.85985,0.29771706506375945,-0.009107983636504002,0.0165178686289138,R4_down_vol
2022-07-11,384.23,436.59170000000006,0.28902936328780005,-0.005933945813705432,0.029513572599744853,R4_down_vol
2022-07-12,380.83,436.27994999999993,0.27205965006083815,0.03003965023763877,0.026415986135545966,R4_down_vol
2022-07-13,378.83,435.9545499999999,0.23410055015116044,0.04207692104637961,0.0586278805796796,R3_down_calm
2022-07-14,377.91,435.63090000000005,0.23399263654572378,0.05525125029768985,0.07451509618692276,R3_down_calm
2022-07-15,385.13,435.38795000000005,0.23824776344146228,0.025861397450211543,0.06974268428842212,R3_down_calm
2022-07-18,381.95,435.12545,0.20420946072284174,0.03565911768556096,0.07545490247414577,R3_down_calm
2022-07-19,392.27,434.94110000000006,0.22125516306045606,-0.0035179850613098473,0.0402528870420884,R3_down_calm
2022-07-20,394.77,434.74375,0.20682078241868349,0.015882665856068234,0.049851812447754495,R3_down_calm
2022-07-21,398.79,434.59450000000004,0.20781456544487667,0.018255222046691166,0.038566664159081165,R3_down_calm
2022-07-22,395.09,434.40445,0.21079213232297747,0.04277506390948904,0.04652104583765748,R3_down_calm
2022-07-25,395.57,434.2078000000001,0.18060416196494322,0.03842556311145939,0.04403771772379095,R3_down_calm
2022-07-26,390.89,433.96895000000006,0.18549592055820735,0.043925401007956166,0.052342091125380685,R3_down_calm
2022-07-27,401.04,433.78485000000006,0.18891634232798254,0.033438061041292544,0.04725214442449621,R3_down_calm
2022-07-28,406.07,433.6417500000001,0.19158599677036312,0.019947299726648104,0.03427980397468411,R3_down_calm
2022-07-29,411.99,433.5336000000001,0.19051646108080716,0.003592320201946775,0.03667564746717167,R3_down_calm
2022-08-01,410.77,433.41155,0.190788263775001,0.005404484261265496,0.04403924337220344,R3_down_calm
2022-08-02,408.06,433.23935,0.19423629685449703,0.008062539822575099,0.05303141694848801,R3_down_calm
2022-08-03,414.45,433.08225,0.19903357666268448,0.013367113041380163,0.029436602726504946,R3_down_calm
2022-08-04,414.17,432.91715,0.19530072043415808,0.014052200787116442,0.03312649395175882,R3_down_calm
2022-08-05,413.47,432.73130000000003,0.19555842042745164,0.032964906764698654,0.02096887319515317,R3_down_calm
2022-08-08,412.99,432.5342,0.18865892385811772,0.038427080558851356,0.0008716918085183156,R3_down_calm
2022-08-09,411.35,432.32300000000004,0.18511722861581092,0.0446092135650904,0.0024310198128114635,R3_down_calm
2022-08-10,419.99,432.15735,0.19109559337359608,0.015857520417152715,-0.015047977332793616,R3_down_calm
2022-08-11,419.99,431.9795500000001,0.19000674547718546,0.018809971665991965,-0.0011428843543894729,R3_down_calm
2022-08-12,427.1,431.8352500000001,0.18811264733589278,-0.011613205338328325,-0.05101849683914783,R3_down_calm
2022-08-15,428.86,431.7098500000001,0.18137039295150878,-0.036165648463368005,-0.061162150818449,R3_down_calm
2022-08-16,429.7,431.5667500000001,0.16404114642295517,-0.04037700721433546,-0.07328368629276238,R3_down_calm
2022-08-17,426.65,431.40375000000006,0.16898434481663152,-0.030423063400914052,-0.0737606937771006,R3_down_calm
2022-08-18,427.89,431.24300000000005,0.1673796508211606,-0.019584472644838646,-0.07354693963401804,R3_down_calm
2022-08-19,422.14,431.04420000000005,0.17225712662740508,-0.03986829014071158,-0.07082958260292793,R3_down_calm
2022-08-22,413.35,430.78735,0.19274848526404273,-0.025934438127494963,-0.05465102213620421,R3_down_calm
2022-08-23,412.35,430.51455000000004,0.18638328721676153,-0.03429125742694328,-0.03533406087061974,R3_down_calm
2022-08-24,413.67,430.24025,0.1655747934823199,-0.04469746416225495,-0.03212705779969549,R3_down_calm
2022-08-25,419.51,429.99315,0.16701938745828473,-0.055040404281185173,-0.030773998236037214,R3_down_calm
2022-08-26,405.31,429.6828,0.20339660534950113,-0.03224692210900293,0.013964619673829892,R3_down_calm
2022-08-29,402.63,429.37785,0.204325254504096,-0.02948116136403145,-0.02366937386682555,R3_down_calm
2022-08-30,398.21,429.05005,0.20652730618066173,-0.0010798322493157375,-0.009065568418673453,R3_down_calm
2022-08-31,395.18,428.6896,0.19778231613342576,0.013158560655903706,-0.012804291715167726,R3_down_calm
2022-09-01,396.42,428.33455000000004,0.19867776772808365,0.025679834518944622,-0.0273951869229605,R3_down_calm
2022-09-02,392.24,427.94935000000004,0.20088568545947355,0.047751376708137894,-0.009407505608810873,R3_down_calm
2022-09-06,390.76,427.56244999999996,0.20084590375666636,0.005988330433002398,-0.017069300849626434,R3_down_calm
2022-09-07,397.78,427.20270000000005,0.21358357414892462,-0.007994368746543246,-0.051259490170445954,R3_down_calm
2022-09-08,400.38,426.86015,0.19919880319923552,-0.02562565562715413,-0.06533792896748081,R3_down_calm
2022-09-09,406.6,426.5553,0.20893106317380217,-0.05174618789965568,-0.09505656665027062,R3_down_calm
2022-09-12,410.97,426.26919999999996,0.20283873812457695,-0.05455386037910315,-0.11353626785410131,R3_down_calm
2022-09-13,393.1,425.88750000000016,0.2511725995647688,-0.022920376494530825,-0.07560417196642077,R4_down_vol
2022-09-14,394.6,425.5656500000001,0.25187465527796,-0.04361378611251909,-0.06099847947288406,R4_down_vol
2022-09-15,390.12,425.19325000000003,0.2529810118705922,-0.04075669024915407,-0.07005536757920638,R4_down_vol
2022-09-16,385.56,424.8432499999999,0.2526624171473778,-0.045673825085589814,-0.07360722066604419,R4_down_vol
2022-09-19,388.55,424.5334999999999,0.2546351659411371,-0.06238579333419125,-0.056466349247201175,R4_down_vol
2022-09-20,384.09,424.16694999999993,0.24843275798765485,-0.05391965424770229,-0.01593376552370529,R3_down_calm
2022-09-21,377.39,423.7868,0.25321517363919194,-0.018177482180237958,-0.0007949336230425041,R4_down_vol
2022-09-22,374.22,423.36395,0.2519320127949578,-0.03054353054353054,-0.002725669392336205,R4_down_vol
2022-09-23,367.95,422.86229999999995,0.24475783448598867,-0.029270281288218514,-0.014023644516917955,R3_down_calm
2022-09-26,364.31,422.33625,0.22215425826747948,0.006313304603222658,-0.011775685542532499,R3_down_calm
2022-09-27,363.38,421.8214,0.2223088822583648,0.04015080631845458,-0.015520942264296345,R3_down_calm
2022-09-28,370.53,421.3203499999999,0.23743505392007744,0.01770436941678133,-0.03770275011470048,R3_down_calm
2022-09-29,362.79,420.80145,0.24516232517241268,0.028694285950549903,0.008765401471925838,R3_down_calm
2022-09-30,357.18,420.27054999999984,0.24665832930414933,0.015706366537880045,0.0012598689736267321,R3_down_calm
2022-10-03,366.61,419.75059999999985,0.26932002113077586,-0.017975505305365513,0.000572815798805193,R4_down_vol
2022-10-04,377.97,419.30819999999994,0.2949385224925846,-0.05352276635711828,-0.018096674339233343,R4_down_vol
2022-10-05,377.09,418.89429999999993,0.28582897675413327,-0.05444323636267201,-0.02277970776207261,R4_down_vol
2022-10-06,373.2,418.4854,0.2849142389923356,-0.01937299035369766,-0.020873526259378217,R4_down_vol
2022-10-07,362.79,417.98404999999997,0.2886127449151503,-0.014223104275200571,0.031698778907908176,R4_down_vol
2022-10-10,360.02,417.4457,0.28206718858342605,0.01888783956446871,0.052358202322093206,R4_down_vol
2022-10-11,357.74,416.8814,0.24415327230295628,0.03742941801308208,0.07597696651199204,R3_down_calm
2022-10-12,356.56,416.2779000000001,0.2421580029613443,0.033486650213147895,0.07140453219654463,R3_down_calm
2022-10-13,365.97,415.7234,0.2646079790966299,-0.0015301800694046408,0.03828182637921129,R4_down_vol
2022-10-14,357.63,415.1241500000001,0.272378799571779,0.04658445879819939,0.08777227861197323,R4_down_vol
2022-10-17,366.82,414.5774500000001,0.28894721054728717,0.03284989913308989,0.05285971321083904,R4_down_vol
2022-10-18,371.13,414.05830000000014,0.2914576360409313,0.037156791420795976,0.036079001966965674,R4_down_vol
2022-10-19,368.5,413.5122500000001,0.28620877288628854,0.03668928086838519,0.01728629579375851,R4_down_vol
2022-10-20,365.41,412.9515500000001,0.2862038852491395,0.03987301934812937,0.015325251087819014,R4_down_vol
2022-10-21,374.29,412.4811000000001,0.293181452348602,0.0393545112078868,0.005503753773811848,R4_down_vol
2022-10-24,378.87,412.03575000000006,0.2928846846010337,0.01937339984691322,0.0028505819938235977,R4_down_vol
2022-10-25,384.92,411.6299000000001,0.29638292465539395,-0.001039176971838418,-0.007585991894419664,R4_down_vol
2022-10-26,382.02,411.2124500000001,0.29179851454034217,-0.018716297576043095,-0.02065336893356362,R4_down_vol
2022-10-27,379.98,410.76360000000005,0.2807368496011828,-0.023606505605558215,0.03871256381914834,R4_down_vol
2022-10-28,389.02,410.35360000000003,0.28197495721409965,-0.03256901958768177,0.024394632666701055,R4_down_vol
2022-10-31,386.21,409.96200000000005,0.27246479062064743,-0.01620879832215627,0.02307035032754201,R4_down_vol
2022-11-01,384.52,409.56100000000004,0.25247593313230815,-0.006553625299074106,0.03633101009050255,R4_down_vol
2022-11-02,374.87,409.1529,0.2690959886771898,-0.0019740176594552628,0.054899031664310316,R4_down_vol
2022-11-03,371.01,408.7492,0.2690864963851863,0.06382577289021851,0.06261286757769335,R4_down_vol
2022-11-04,376.35,408.3972,0.25225200315375995,0.05888136043576453,0.052291749701075974,R4_down_vol
2022-11-07,379.95,408.10705,0.2510413914312037,0.03992630609290693,0.03853138570864578,R4_down_vol
2022-11-08,382.0,407.81785,0.24887874757490147,0.043167539267015664,0.04685863874345553,R3_down_calm
2022-11-09,374.13,407.51615000000004,0.26242000301788354,0.05698553978563603,0.07561542779247854,R4_down_vol
2022-11-10,394.69,407.32270000000005,0.3091481095681737,-0.001140135296055056,0.019356963693024865,R4_down_vol
2022-11-11,398.51,407.15905000000004,0.29286741447385606,-0.006223181350530793,-0.006524303028782152,R4_down_vol
2022-11-14,395.12,406.9249,0.2868918258586821,-0.0013413646487143716,0.0002783964365256075,R4_down_vol
2022-11-15,398.49,406.6678,0.2859394306882235,0.003538357298802808,0.023062059273758484,R4_down_vol
2022-11-16,395.45,406.3803,0.28621623014616626,0.01762548994816049,0.03016816285244661,R4_down_vol
2022-11-17,394.24,406.06475,0.28387209620277376,0.020520495129870087,0.03213778409090917,R4_down_vol
2022-11-18,396.03,405.81190000000004,0.2737142298590014,-0.000303007347928097,0.008989217988536247,R4_down_vol
2022-11-21,394.59,405.54135,0.27230763245636425,0.0016219366937835211,-0.0019260498238677926,R4_down_vol
2022-11-22,399.9,405.30454999999995,0.2707802656453439,0.019454863715929083,-0.01685421355338823,R4_down_vol
2022-11-23,402.42,405.0619499999999,0.2688096590652301,0.012325431141593235,-0.01535708960787241,R4_down_vol
2022-11-25,402.33,404.78589999999997,0.26740902167237673,0.011383690005716707,-0.02249397260954944,R4_down_vol
2022-11-28,395.91,404.51884999999993,0.26375965315429906,0.009295041802429793,0.007678512793311443,R4_down_vol
2022-11-29,395.23,404.29269999999997,0.2622255541859243,-0.003542241226627607,0.01705336133390678,R4_down_vol
2022-11-30,407.68,404.1359999999999,0.2816915380945591,-0.035616169544740894,-0.020310047095761452,R2_up_vol
2022-12-01,407.38,403.94239999999996,0.2616694137948327,-0.027345475968383326,-0.04357111296578131,R2_up_vol
2022-12-02,406.91,403.74395,0.2568993083685344,-0.03349635054434652,-0.05809638494998903,R2_up_vol
2022-12-05,399.59,403.55659999999995,0.2663375230434951,-0.0016016416827248081,-0.048975199579569084,R4_down_vol
2022-12-06,393.83,403.3546,0.2721341645588598,0.020668816494426645,-0.03374552471878722,R4_down_vol
2022-12-07,393.16,403.17255,0.2720574300669832,0.01587140095635342,-0.01762641163902734,R4_down_vol
2022-12-08,396.24,403.04400000000004,0.2596899178792912,-0.016681809004643666,-0.03916818090046437,R4_down_vol
2022-12-09,393.28,402.86890000000005,0.18001006601431738,-0.025452603742880386,-0.026367982099267606,R3_down_calm
2022-12-12,398.95,402.67490000000004,0.18411525599841325,-0.04744955508209048,-0.04399047499686681,R3_down_calm
2022-12-13,401.97,402.50160000000005,0.18300170918454325,-0.05331243625146154,-0.06296489787795112,R3_down_calm
2022-12-14,399.4,402.3487,0.1824036002949268,-0.032974461692538704,-0.039959939909864794,R3_down_calm
2022-12-15,389.63,402.10740000000004,0.20121092176841707,-0.022867848984934325,-0.01847906988681569,R3_down_calm
2022-12-16,383.27,401.84520000000003,0.2087376766206055,-0.0009392856211024592,-0.0063923604769483555,R3_down_calm
2022-12-19,380.02,401.58445000000006,0.20894952866325778,0.003631387821693588,0.009841587284879827,R3_down_calm
2022-12-20,380.54,401.39,0.20920391712473535,-0.010196037210280062,-0.003048299784516817,R3_down_calm
2022-12-21,386.23,401.2399,0.21068318748652012,-0.0072236750122983695,0.004789892033244314,R3_down_calm
2022-12-22,380.72,401.00645,0.2129951806090277,0.004491489808783333,0.018753939903340955,R3_down_calm
2022-12-23,382.91,400.7936,0.21498190538380352,-0.005458201666187934,0.020030816640985938,R3_down_calm
2022-12-27,381.4,400.60024999999996,0.2090239487720262,0.006187729417933996,0.037021499737807995,R3_down_calm
2022-12-28,376.66,400.39855000000006,0.21240234222784313,0.0072213667498539635,0.053894759199277775,R3_down_calm
2022-12-29,383.44,400.1849,0.18873815425957485,0.012100980596703392,0.039276027540162683,R3_down_calm
2022-12-30,382.43,399.91895,0.18854756632184005,0.014198676882043682,0.04011191590617891,R3_down_calm
2023-01-03,380.82,399.6177,0.18842895698560216,0.025628906044850464,0.028018486424032485,R3_down_calm
2023-01-04,383.76,399.3139,0.18370551899351284,0.03064415259537201,0.012716281008963826,R3_down_calm
2023-01-05,379.38,398.98885,0.18126253507663767,0.046338763245294956,0.0434920132848331,R3_down_calm
2023-01-06,388.08,398.6813,0.20112277582459331,0.026850133992991188,0.03233869305297876,R3_down_calm
2023-01-09,387.86,398.4016,0.19863571728465934,0.025550456350229345,0.03181560356829771,R3_down_calm
2023-01-10,390.58,398.10204999999996,0.19907213134720528,0.0023298684008399295,0.025014081622203088,R3_down_calm
2023-01-11,395.52,397.8162,0.19745708545100893,-0.017394822006472466,0.023336367313915973,R3_down_calm
2023-01-12,396.96,397.52145,0.19584507677427698,-0.0027206771463119672,0.021966948810963283,R3_down_calm
2023-01-13,398.5,397.2062,0.19521637588160315,0.005345043914680048,0.005244667503136791,R1_up_calm
2023-01-17,397.77,396.90155000000004,0.17244989687430182,0.006109057998340717,0.02189707619981407,R1_up_calm
2023-01-18,391.49,396.6008000000001,0.17172749762938835,0.02263148483997046,0.04932437610156071,R3_down_calm
2023-01-19,388.64,396.2794,0.17088460699845365,0.0414522437216962,0.07240634005763691,R3_down_calm
2023-01-20,395.88,395.9748,0.18164033035919114,0.024754976255430883,0.04160351621703562,R3_down_calm
2023-01-23,400.63,395.72280000000006,0.17918022563762123,-9.984274767249612e-05,0.02296383196465568,R1_up_calm
2023-01-24,400.2,395.49120000000005,0.16917386485375133,0.015692153923038576,0.03745627186406808,R1_up_calm
2023-01-25,400.35,395.2491000000001,0.16888180710636966,0.026102160609466685,0.025727488447608193,R1_up_calm
2023-01-26,404.75,395.0350000000001,0.16991946287871462,0.029722050648548493,0.005781346510191465,R1_up_calm
2023-01-27,405.68,394.8638,0.15986388455147282,0.016441530270163707,0.005817393019128314,R1_up_calm
2023-01-30,400.59,394.67530000000005,0.16072706562957378,0.023065977682917627,0.03055493147607291,R1_up_calm
2023-01-31,406.48,394.49115,0.16543747503881903,0.021427868529816818,0.01515449714623096,R1_up_calm
2023-02-01,410.8,394.35619999999994,0.1651493837931775,-0.00036514118792607686,0.0077409931840310975,R1_up_calm
2023-02-02,416.78,394.25024999999994,0.16896785311123355,-0.02324967608810402,-0.020394452708863198,R1_up_calm
2023-02-03,412.35,394.0868,0.16801718262229373,-0.010452285679641071,-0.012343882623984559,R1_up_calm
2023-02-06,409.83,393.91240000000005,0.15666308899416126,0.007320108337603326,-0.02620598784862016,R1_up_calm
2023-02-07,415.19,393.7980500000001,0.1602362382555988,-0.006141766420193151,-0.04010212192008478,R1_up_calm
2023-02-08,410.65,393.7211,0.16745424658768163,0.008109095336661598,-0.024327286009984017,R1_up_calm
2023-02-09,407.09,393.61400000000003,0.1675262764248392,0.002923186518951626,-0.02630867867056419,R1_up_calm
2023-02-10,408.04,393.5737,0.16736384818138766,-0.001911577296343614,-0.025267130673463423,R1_up_calm
2023-02-13,412.83,393.55150000000003,0.17115265298244847,-0.033282464937141265,-0.04013758690017677,R1_up_calm
2023-02-14,412.64,393.47565,0.17083868879571903,-0.034170221015897506,-0.04337921675067846,R1_up_calm
2023-02-15,413.98,393.48554999999993,0.15744994897053244,-0.03217546741388466,-0.0390598579641529,R1_up_calm
2023-02-16,408.28,393.4545499999999,0.16458809309530287,-0.029146664054080507,-0.0100176349564024,R1_up_calm
2023-02-17,407.26,393.40894999999995,0.15405453682948586,-0.02340028483032941,-0.006850660511712348,R1_up_calm
2023-02-21,399.09,393.2590999999999,0.1667798739209811,-0.007091132326041749,-0.002054674384224131,R1_up_calm
2023-02-22,398.54,393.1827499999999,0.1668047810963253,-0.009534802027400091,0.000953480202739998,R1_up_calm
2023-02-23,400.66,393.12934999999993,0.16794743985317048,-0.007113263115858914,-0.022712524334847606,R1_up_calm
2023-02-24,396.38,393.1204,0.1669203160523051,0.019703315000756838,-0.026414047126494755,R1_up_calm
2023-02-27,397.73,393.1136,0.167259287676028,0.01694616951198058,-0.031101501018278688,R1_up_calm
2023-02-28,396.26,393.13115,0.16193986429064702,0.005072427194266371,-0.01143188815424212,R1_up_calm
2023-03-01,394.74,393.14314999999993,0.15199808579745322,0.010589248619344405,-0.013831889344885329,R1_up_calm
2023-03-02,397.81,393.12359999999995,0.14933873448508525,-0.015711017822578666,-0.0042733968477413065,R1_up_calm
2023-03-03,404.19,393.1441,0.1514931099041032,-0.04522625497909394,-0.03513199237982134,R1_up_calm
2023-03-06,404.47,393.12485,0.14771270492351526,-0.0472470146117141,-0.026528543526095905,R1_up_calm
2023-03-07,398.27,393.1569,0.15552979170840764,-0.016421020915459272,0.001606950059005241,R1_up_calm
2023-03-08,398.92,393.20419999999996,0.14652168689170836,-0.02416524616464466,-0.017071091948260286,R1_up_calm
2023-03-09,391.56,393.2138499999999,0.15498938087043573,0.011620185922974757,0.004111758095821871,R3_down_calm
2023-03-10,385.91,393.1588,0.1594604993000875,0.010572413256976887,0.025498173149179904,R3_down_calm
2023-03-13,385.36,393.11615,0.15845174951529045,0.02174589993772047,0.028882084284824527,R3_down_calm
2023-03-14,391.73,393.08795,0.1649515055103739,0.01832895106323229,0.009879253567508295,R3_down_calm
2023-03-15,389.28,393.0078,0.16523110940713998,0.007269831483764921,0.03100595972050968,R3_down_calm
2023-03-16,396.11,392.91204999999997,0.17926304212191163,-0.007422180707379211,0.01916134407109138,R1_up_calm
2023-03-17,389.99,392.79735,0.18083038729431122,0.014769609477166101,0.04974486525295507,R3_down_calm
2023-03-20,393.74,392.7181,0.18565671317069,0.006984304363285343,0.043709046578960686,R1_up_calm
2023-03-21,398.91,392.6257,0.17898178701897383,-0.008297610989947635,0.02446667168032879,R1_up_calm
2023-03-22,392.11,392.53354999999993,0.18908916002821577,0.023564815995511523,0.03950422075438009,R3_down_calm
2023-03-23,393.17,392.44045,0.1881949819866211,0.026782307907520897,0.04074573339776677,R1_up_calm
2023-03-24,395.75,392.34049999999996,0.18625090746395284,0.0344662034112444,0.035022109917877575,R1_up_calm
2023-03-27,396.49,392.26685,0.1859504606415902,0.0364700244646774,0.033367802466644836,R1_up_calm
2023-03-28,395.6,392.23765,0.18565378092663307,0.033038422649140475,0.031471183013144666,R1_up_calm
2023-03-29,401.35,392.2954000000001,0.19196927571630212,0.015572443004858494,0.030198081475021787,R1_up_calm
2023-03-30,403.7,392.43890000000005,0.1911749383605127,0.013599207332177343,0.02169928164478563,R1_up_calm
2023-03-31,409.39,392.61650000000003,0.1892707182567876,0.0005373848897141098,0.011114096582720556,R1_up_calm
2023-04-03,410.95,392.77525,0.18960416135213476,-0.0029930648497382695,0.007932838544835175,R1_up_calm
2023-04-04,408.67,392.98535000000004,0.18144490347258854,-0.0015171164998654119,0.013384882668167508,R1_up_calm
2023-04-05,407.6,393.19405000000006,0.18196576405010667,0.01440137389597651,0.010500490677134433,R1_up_calm
2023-04-06,409.19,393.36465000000004,0.16653570408246765,0.007991397639238507,0.007355995992081921,R1_up_calm
2023-04-10,409.61,393.54075000000006,0.15452092545084178,0.010571030980689011,0.007372866873367245,R1_up_calm
2023-04-11,409.72,393.69905000000006,0.15399617074963654,0.010958703504832412,-0.008884115981646068,R1_up_calm
2023-04-12,408.05,393.7888999999999,0.14750535373090323,0.014924641588040632,-0.009043009435118265,R1_up_calm
2023-04-13,413.47,393.91329999999994,0.14912984840465895,-0.0038455026966890404,-0.0025636684644593233,R1_up_calm
2023-04-14,412.46,394.0723499999999,0.140114111011811,-0.0006303641565242879,0.008412937012074018,R1_up_calm
2023-04-17,413.94,394.24035,0.12375672189703948,-0.0031647098613325486,0.0037928202154902113,R1_up_calm
2023-04-18,414.21,394.42515,0.12148631692506853,-0.01962772506699495,-0.008135969677216859,R1_up_calm
2023-04-19,414.14,394.58965000000006,0.11521604408094899,-0.023615202588496587,-0.014777611435746407,R1_up_calm
2023-04-20,411.88,394.73925,0.09527594997710434,0.0012867825580267223,-0.01638826842769736,R1_up_calm
2023-04-21,412.2,394.884,0.09545601297933258,0.009049005337214977,0.0010431829209121002,R1_up_calm
2023-04-24,412.63,395.0022,0.0942523246732365,0.00697961854445861,0.0002665826527397108,R1_up_calm
2023-04-25,406.08,395.08925000000005,0.11406679218358821,0.011721828211189944,0.0119434594168637,R1_up_calm
2023-04-26,404.36,395.1899000000001,0.11508206211515057,0.009051340389751639,0.020996142051637134,R1_up_calm
2023-04-27,412.41,395.34780000000006,0.12435397939195983,-0.01765233626730689,-0.0006789360102811282,R1_up_calm
2023-04-28,415.93,395.5333,0.12597321580821358,-0.007934027360373186,-0.010434448104248428,R1_up_calm
2023-05-01,415.51,395.72130000000004,0.11717204812099884,-0.006666506221270185,-0.006016702365767346,R1_up_calm
2023-05-02,410.84,395.84985,0.1240073572922073,0.00021906338233868006,-0.0014360821731086437,R1_up_calm
2023-05-03,408.02,395.9802,0.12487935896470317,0.01183765501691103,0.017670702416548334,R1_up_calm
2023-05-04,405.13,396.04449999999997,0.12708663270551443,0.017278404462764962,0.0348036432749983,R1_up_calm
2023-05-05,412.63,396.13379999999995,0.1427961514450837,-0.0025204178077212758,0.014516637181009706,R1_up_calm
2023-05-08,412.74,396.2035500000001,0.14277875664373388,0.0006541648495419494,0.014658138295294831,R1_up_calm
2023-05-09,410.93,396.28275,0.14378340379383261,-0.0016547830530747598,0.007689874187817747,R1_up_calm
2023-05-10,412.85,396.3691500000001,0.14372086313086702,0.005764805619474345,-0.004263049533729024,R1_up_calm
2023-05-11,412.13,396.4753500000001,0.1359062050573185,0.017227573823793474,0.006114575498022523,R1_up_calm
2023-05-12,411.59,396.52810000000005,0.1357129066410171,0.017080103986977457,0.020481547170728254,R1_up_calm
2023-05-15,413.01,396.56280000000004,0.1356641533063495,0.01399481852739659,0.01736035447083606,R1_up_calm
2023-05-16,410.25,396.55410000000006,0.13761382991700546,0.009360146252285206,0.018525289457647753,R1_up_calm
2023-05-17,415.23,396.5764000000001,0.14465378567019335,-0.00997037786287125,0.015870722250318936,R1_up_calm
2023-05-18,419.23,396.63225,0.14677786022786815,-0.010924790687689478,0.02072847840087788,R1_up_calm
2023-05-19,418.62,396.6531,0.14701338220302554,0.0033443218193109914,0.020257035019827008,R1_up_calm
2023-05-22,418.79,396.67619999999994,0.1470152490367078,0.0033190859380596294,0.02206356407746113,R1_up_calm
2023-05-23,414.09,396.67929999999996,0.14071136463220915,0.009080151657852253,0.030090077036393215,R1_up_calm
2023-05-24,411.09,396.6697999999999,0.14259834008412242,0.02610134033909861,0.04388333454961213,R1_up_calm
2023-05-25,414.65,396.6862999999999,0.12778040483881153,0.032002894006993854,0.03677800554684674,R1_up_calm
2023-05-26,420.02,396.68645000000004,0.13236988377211342,0.016856340174277618,0.032807961525641804,R1_up_calm
2023-05-30,420.18,396.6874,0.132252916229724,0.01868246941786844,0.039221286115474374,R1_up_calm
2023-05-31,417.85,396.64115000000004,0.12688395010630468,0.02082086873279887,0.04626061983965535,R1_up_calm
2023-06-01,421.82,396.60595000000006,0.12693472836538194,0.017329666682471156,0.049262718695178176,R1_up_calm
2023-06-02,427.92,396.5970500000001,0.1300914652475929,0.004627033090297106,0.02696765750607577,R1_up_calm
2023-06-05,427.1,396.59930000000014,0.1170824936989689,0.01568719269491914,0.023601030203699302,R1_up_calm
2023-06-06,428.03,396.60000000000014,0.11696347206030996,0.02016213816788559,0.01614372824334742,R1_up_calm
2023-06-07,426.55,396.6220500000002,0.1163524005708906,0.024920876802250636,0.023350134802484934,R1_up_calm
2023-06-08,429.13,396.70095000000015,0.11688892209844093,0.031389089553282234,0.0095076084170298,R1_up_calm
2023-06-09,429.9,396.7887000000001,0.11608375267783948,0.022237729704582376,0.0035822284252151615,R1_up_calm
2023-06-12,433.8,396.88935000000015,0.11783203424435511,0.007791609036422287,0.0054633471645919585,R1_up_calm
2023-06-13,436.66,396.97510000000017,0.11863945278556383,-0.003938991434983774,-0.0006183300508405543,R1_up_calm
2023-06-14,437.18,397.13445000000013,0.113460982805731,-0.001532549521936044,0.0021272702319410364,R1_up_calm
2023-06-15,442.6,397.33430000000016,0.1137297839095813,-0.02121554450971541,0.0015363759602349258,R1_up_calm
2023-06-16,439.46,397.54055000000017,0.11669229914927011,-0.018249670049606315,0.00985300141082246,R1_up_calm
2023-06-20,437.18,397.75055000000015,0.11904896284667207,-0.002310261219634957,0.013609954709730587,R1_up_calm
2023-06-21,434.94,397.9431500000001,0.1217333475938618,0.0033337931668735443,0.010852071550098819,R1_up_calm
2023-06-22,436.51,398.16450000000003,0.11138890823791536,0.0036654372179332206,0.004673432452864779,R1_up_calm
2023-06-23,433.21,398.37675,0.11176853354463284,0.023245077445118945,0.014888852981233214,R1_up_calm
2023-06-26,431.44,398.54505000000006,0.11182641341817506,0.028625069534581993,0.025542369738549953,R1_up_calm
2023-06-27,436.17,398.724,0.10948423516127456,0.01595708095467363,0.022582937845335493,R1_up_calm
2023-06-28,436.39,398.87295,0.10946260147035741,0.007493297279956179,0.030179426659639352,R1_up_calm
2023-06-29,438.11,399.00865000000005,0.10602234005318537,0.0010043139850721694,0.02549588003012926,R1_up_calm
2023-06-30,443.28,399.25955,0.10832288212538028,-0.008166395957408312,0.017054683270167903,R1_up_calm
2023-07-03,443.79,399.5055,0.09884789326384365,-0.002996912954325359,0.023434507312016795,R1_up_calm
2023-07-05,443.13,399.77055,0.09864384453879864,0.006521788188567745,0.027238056552253198,R1_up_calm
2023-07-06,439.66,400.04105000000004,0.1044568191231336,0.022517399808943184,0.028476550061411032,R1_up_calm
2023-07-07,438.55,400.29105000000004,0.10393750386171395,0.024466993501311096,0.031079694447611494,R1_up_calm
2023-07-10,439.66,400.56890000000004,0.10259724404881072,0.02542874039030152,0.03307100941636709,R1_up_calm
2023-07-11,442.46,400.8942500000001,0.10420105301251664,0.02651087103918992,0.029335985173801093,R1_up_calm
2023-07-12,446.02,401.2532500000001,0.10327662432946845,0.020582036679969606,0.021277072777005523,R1_up_calm
2023-07-13,449.56,401.6613000000001,0.10426844957080661,0.005827920633508343,0.006517483761900644,R1_up_calm
2023-07-14,449.28,402.08615,0.10452801840786335,0.006454772079772075,0.01700498575498588,R1_up_calm
2023-07-17,450.84,402.52345,0.09664640578239654,0.007452754857599109,0.01541566852985543,R1_up_calm
2023-07-18,454.19,402.94175,0.09433947784096129,0.0027521521830071727,0.005041942799269172,R1_up_calm
2023-07-19,455.2,403.4038,0.09080409425919107,0.000681019332161803,-0.011137961335676572,R1_up_calm
2023-07-20,452.18,403.87879999999996,0.09253627107785735,0.0006855676942809641,-0.007386439028705505,R1_up_calm
2023-07-21,452.18,404.30664999999993,0.09256308875565121,0.01048255119642616,-0.01187580167190061,R1_up_calm
2023-07-24,454.2,404.6877999999999,0.08606925618554838,0.007904007045354433,-0.00768383971818587,R1_up_calm
2023-07-25,455.44,405.0795499999999,0.08261547287527149,0.002283506060073881,-0.01468909186720535,R1_up_calm
2023-07-26,455.51,405.49109999999985,0.07709737154264637,-0.011810937191280124,-0.021426532897192097,R1_up_calm
2023-07-27,452.49,405.9395999999999,0.08309842159305734,-0.008066476607217932,-0.014541757828902213,R1_up_calm
2023-07-28,456.92,406.4240999999999,0.08750736145331514,-0.02212641162566753,-0.02466514926026442,R1_up_calm
2023-07-31,457.79,406.9243499999999,0.07977524971017542,-0.015465606500797424,-0.021145066515214417,R1_up_calm
2023-08-01,456.48,407.4239499999998,0.08134076485098489,-0.01693392919733616,-0.029771293375394414,R1_up_calm
2023-08-02,450.13,407.8447499999999,0.09774395390148119,-0.00973052229355964,-0.023304378735032105,R1_up_calm
2023-08-03,448.84,408.30079999999987,0.0933977411956298,-0.006527938686391455,-0.02796096604580689,R1_up_calm
2023-08-04,446.81,408.7007499999998,0.09467424048758467,-0.0025961818222510757,-0.023074684989145333,R1_up_calm
2023-08-07,450.71,409.0986500000001,0.09850120591829119,-0.0057686760888375765,-0.025226864280801453,R1_up_calm
2023-08-08,448.75,409.4999,0.09847000978937484,-0.013058495821727023,-0.023621169916434592,R1_up_calm
2023-08-09,445.75,409.90160000000003,0.0978428866628626,-0.013707234997195727,-0.006102075154234443,R1_up_calm
2023-08-10,445.91,410.2597,0.09328556221352055,-0.021573860196003714,-0.020228297190015954,R1_up_calm
2023-08-11,445.65,410.5936,0.09328445077217021,-0.02053180747223149,-0.012745428026478045,R1_up_calm
2023-08-14,448.11,410.90955,0.09467699912863155,-0.01957108745620506,-0.011939032826761342,R1_up_calm
2023-08-15,442.89,411.21389999999997,0.09829206497798812,-0.010702431755063357,0.014157014157014203,R1_up_calm
2023-08-16,439.64,411.51219999999995,0.0996698916315184,0.007710854335365225,0.02586206896551735,R1_up_calm
2023-08-17,436.29,411.74854999999997,0.10037910163801289,0.0013752320704119025,0.032226271516651694,R1_up_calm
2023-08-18,436.5,412.0,0.10050728234191869,0.007949599083619807,0.03365406643757152,R1_up_calm
2023-08-21,439.34,412.2741,0.10241205115495301,0.007784403878545065,0.0225338007010516,R1_up_calm
2023-08-22,438.15,412.5904999999999,0.10113185765923206,0.025128380691544105,0.01841834988017821,R1_up_calm
2023-08-23,443.03,412.9505999999999,0.11106773372237667,0.018012324221835962,0.004108073945331192,R1_up_calm
2023-08-24,436.89,413.25329999999997,0.11843960000414999,0.030808670374693925,0.01975325596832156,R1_up_calm
2023-08-25,439.97,413.5533999999999,0.11529188184127509,0.025501738754915015,0.019274041411914355,R1_up_calm
2023-08-28,442.76,413.85719999999986,0.11824896582790763,0.014635468425332032,0.007295148613244207,R1_up_calm
2023-08-29,449.16,414.23235,0.13103932059413523,-0.006545551696500174,-0.005899902039362415,R1_up_calm
2023-08-30,451.01,414.51394999999997,0.12232512480395083,-0.013658233742045556,-0.0014412097292741954,R1_up_calm
2023-08-31,450.35,414.77315000000004,0.12197412059806842,-0.010724991673143225,-0.015499056289552615,R1_up_calm
2023-09-01,451.19,415.05350000000004,0.12081216964630431,-0.006072829628316234,-0.01675569050732506,R1_up_calm
2023-09-05,449.24,415.30725,0.11789270387854256,-0.007234440388211194,-0.014535660226159819,R1_up_calm
2023-09-06,446.22,415.56110000000007,0.11931508196994743,0.0006499036349780773,-0.016987136390121504,R1_up_calm
2023-09-07,444.85,415.8141500000001,0.11740203069577067,0.012386197594694837,-0.03025739013150508,R1_up_calm
2023-09-08,445.52,416.06160000000006,0.11753199929238634,-0.0048258215119409975,-0.03389297899084209,R1_up_calm
2023-09-11,448.45,416.33090000000004,0.119806730756091,-0.01074813245623818,-0.036169026647340785,R1_up_calm
2023-09-12,445.99,416.5613500000001,0.11985050431896407,-0.007354424987107366,-0.04509069710083191,R1_up_calm
2023-09-13,446.51,416.7818000000001,0.1119470991240395,-0.01762558509327905,-0.045822042059528334,R1_up_calm
2023-09-14,450.36,417.02195000000006,0.11157672408064646,-0.04212185806910029,-0.048494537703170915,R1_up_calm
2023-09-15,443.37,417.25925,0.12301134155770399,-0.029208110607393367,-0.035839141123666485,R1_up_calm
2023-09-18,443.63,417.5012500000001,0.12300824123899963,-0.025697089917273375,-0.03678741293420196,R1_up_calm
2023-09-19,442.71,417.67640000000006,0.12151433460467603,-0.038015856881479904,-0.0477061733414651,R1_up_calm
2023-09-20,438.64,417.8327000000001,0.1258468424583456,-0.02870235272660948,-0.03187123837315331,R1_up_calm
2023-09-21,431.39,417.95509999999996,0.1320042968005006,-0.006652912677623468,-0.015971626602378275,R1_up_calm
2023-09-22,430.42,418.10925,0.12341614734735032,-0.006830537614423093,-0.0020445146600994724,R1_up_calm
2023-09-25,432.23,418.30125,0.1214465252998962,-0.011382828586632199,0.0001388149827639129,R1_up_calm
2023-09-26,425.88,418.46485,0.12779465136971288,-0.010073260073260148,0.02033436648821274,R1_up_calm
2023-09-27,426.05,418.61389999999994,0.11293146438581315,-0.0032625278723154016,0.02410515197746732,R1_up_calm
2023-09-28,428.52,418.79009999999994,0.1144020029522499,-0.009381125735088203,0.011994772706058088,R1_up_calm
2023-09-29,427.48,418.93275,0.11433095481070901,0.0048189388977262215,0.009403948722747302,R1_up_calm
2023-10-02,427.31,419.05944999999997,0.11343681606135177,0.011654302497016156,0.020430132690552494,R1_up_calm
2023-10-03,421.59,419.17040000000003,0.1196362831997228,0.03071704736829628,0.03422756706753005,R1_up_calm
2023-10-04,424.66,419.34555,0.12432710665404802,0.027457259925587563,0.013069278952573704,R1_up_calm
2023-10-05,424.5,419.55170000000004,0.12452348713537899,0.02157832744405197,0.004546525323910533,R1_up_calm
2023-10-06,429.54,419.7992999999999,0.13376449157593187,0.004563020906085624,-0.019439400288680964,R1_up_calm
2023-10-09,432.29,420.05805,0.1336218407001196,0.008674732239931426,-0.02736588863957079,R1_up_calm
2023-10-10,434.54,420.29959999999994,0.13511317218358998,0.0034059004924746894,-0.025107009711418993,R1_up_calm
2023-10-11,436.32,420.57759999999996,0.13621437323770402,-0.014003483681701567,-0.043018885221855485,R1_up_calm
2023-10-12,433.66,420.83134999999993,0.13220915939566644,-0.016672047225937403,-0.048678688373380075,R1_up_calm
2023-10-13,431.5,421.08185000000003,0.12256863334747653,-0.023893395133256057,-0.04825028968713785,R1_up_calm
2023-10-16,436.04,421.37875,0.12946940723661063,-0.035730666911292674,-0.046899367030547756,R1_up_calm
2023-10-17,436.02,421.64165,0.1294176509788999,-0.02841612770056412,-0.040869684876840506,R1_up_calm
2023-10-18,430.21,421.8805500000001,0.13382200309796558,-0.029427488900769294,-0.01754956881522962,R1_up_calm
2023-10-19,426.43,422.1086,0.12417021538200348,-0.032549304692446546,0.010154069835611956,R1_up_calm
2023-10-20,421.19,422.29575,0.1309796751993545,-0.02495310904817305,0.032052043020964316,R3_down_calm
2023-10-23,420.46,422.5011500000001,0.12949198517065566,-0.011582552442562899,0.036222232792655795,R3_down_calm
2023-10-24,423.63,422.67890000000006,0.1228741152330614,-0.01281778910842013,0.03139532138894796,R1_up_calm
2023-10-25,417.55,422.82735000000014,0.1327288783867797,0.012238055322715935,0.04717997844569499,R3_down_calm
2023-10-26,412.55,422.9372000000001,0.13568833683880552,0.0441401042297902,0.05160586595564176,R3_down_calm
2023-10-27,410.68,423.0130000000001,0.13600496469370024,0.05846401090873665,0.07287912730106161,R3_down_calm
2023-10-30,415.59,423.1061500000001,0.14464361163041645,0.04836497509564719,0.059192954594672775,R3_down_calm
2023-10-31,418.2,423.20465000000013,0.13965139238882363,0.04478718316594943,0.07300334768053562,R3_down_calm
2023-11-01,422.66,423.32910000000004,0.14256689885408785,0.03451947191596072,0.06392845313017559,R3_down_calm
2023-11-02,430.76,423.52545000000003,0.15803652727612552,0.007150153217568844,0.04519918283963231,R1_up_calm
2023-11-03,434.69,423.75570000000005,0.15578766209813902,0.013618900825876024,0.037037889070371977,R1_up_calm
2023-11-06,435.69,423.9547500000001,0.15444465176720557,0.010328444536252812,0.04262204778626999,R1_up_calm
2023-11-07,436.93,424.1362500000001,0.15369966363882556,0.027006614331815282,0.03739729476117448,R1_up_calm
2023-11-08,437.25,424.3215,0.15305554120938902,0.028427672955974925,0.040640365923384714,R1_up_calm
2023-11-09,433.84,424.48895000000005,0.15409714038752884,0.03777890466531453,0.04946524064171132,R1_up_calm
2023-11-10,440.61,424.66825000000006,0.1621909827768195,0.023104332629763302,0.031479085812850416,R1_up_calm
2023-11-13,440.19,424.8408,0.15841402731172916,0.03196347031963476,0.03348554033485551,R1_up_calm
2023-11-14,448.73,425.0815,0.17176701725960616,0.010117442560114043,0.013103648073451657,R1_up_calm
2023-11-15,449.68,425.2975,0.16255686659150928,0.011875111190179588,0.01494396014943944,R1_up_calm
2023-11-16,450.23,425.49465,0.15733641742043458,0.01126091108988736,0.01970104168980291,R1_up_calm
2023-11-17,450.79,425.6646999999999,0.14712140652563438,0.008185629672353034,0.013088134164466858,R1_up_calm
2023-11-20,454.26,425.8742499999999,0.1465572734672636,0.001474926253687281,0.005151234975564689,R1_up_calm
2023-11-21,453.27,426.09144999999995,0.14739611746571016,0.002956295364793693,0.003287223950404927,R1_up_calm
2023-11-22,455.02,426.2906,0.13147708701940772,0.0030328337215945744,0.007054634961100703,R1_up_calm
2023-11-24,455.3,426.51384999999993,0.11754511899593176,0.008346145398638205,0.01076213485613886,R1_up_calm
2023-11-27,454.48,426.75079999999997,0.11499063957129788,0.004862700228832839,0.016524379510649556,R1_up_calm
2023-11-28,454.93,426.9852499999999,0.11290748595339098,0.0036708944233179164,0.020156947222649713,R1_up_calm
2023-11-29,454.61,427.19415000000004,0.11418436650189426,0.00032995314665318354,0.0349530366687929,R1_up_calm
2023-11-30,456.4,427.41294999999997,0.11162521122374318,0.004009640666082559,0.03420245398773014,R1_up_calm
2023-12-01,459.1,427.63855,0.0967547835485377,0.002395992158571003,0.02228272707471124,R1_up_calm
2023-12-04,456.69,427.8806000000001,0.0985430832020357,0.011605246447261797,0.03345814447437001,R1_up_calm
2023-12-05,456.6,428.1273000000001,0.09899732441288361,0.016425755584756896,0.03994743758212871,R1_up_calm
2023-12-06,454.76,428.40565000000004,0.10151825652360491,0.03461166329492471,0.029685988213563164,R1_up_calm
2023-12-07,458.23,428.70410000000004,0.10329335619086062,0.030072234467407144,0.03157802850097102,R1_up_calm
2023-12-08,460.2,429.0018,0.09617626634496601,0.019839200347674835,0.029226423294219872,R1_up_calm
2023-12-11,461.99,429.3298500000001,0.08419106713107646,0.021602199181800508,0.029567739561462192,R1_up_calm
2023-12-12,464.1,429.66170000000005,0.08357650311015241,0.023141564318034824,0.026739926739926645,R1_up_calm
2023-12-13,470.5,430.0329000000001,0.07030615901695884,-0.004760892667375116,0.013156216790648267,R1_up_calm
2023-12-14,472.01,430.41925000000003,0.07036030304216083,0.0014618334357323626,0.006991377301328372,R1_up_calm
2023-12-15,469.33,430.77685,0.07598436454068817,0.009204610828201787,0.007073913877229332,R1_up_calm
2023-12-18,471.97,431.11575000000005,0.07692331949789012,0.007797105748246658,-0.0067377163802784246,R1_up_calm
2023-12-19,474.84,431.4676000000001,0.0756363650486743,0.0035169741386573694,-0.01592115238817282,R1_up_calm
2023-12-20,468.26,431.81755,0.09402259456974536,0.01800281894673894,-0.000726092341861273,R1_up_calm
2023-12-21,472.7,432.18645000000004,0.09779013435081556,0.005521472392638005,0.004019462661307482,R1_up_calm
2023-12-22,473.65,432.5969,0.09767119700855423,-0.002111263591259349,0.00048559062598974023,R1_up_calm
2023-12-26,475.65,433.0456,0.096916246697371,-0.014422369389256673,0.0019131714495952412,R1_up_calm
2023-12-27,476.51,433.50134999999995,0.0968157300918301,-0.019370002728169466,-0.00033577469517942493,R1_up_calm
2023-12-28,476.69,433.92615,0.09644359856146048,-0.018397700811848328,-2.097799408418144e-05,R1_up_calm
2023-12-29,475.31,434.3563,0.09801355069243552,-0.001493761965874807,-0.0007994782352569452,R1_up_calm
2024-01-02,472.65,434.7389999999999,0.10047318284516055,0.002602348460806203,-0.0007616629641382655,R1_up_calm
2024-01-03,468.79,435.13299999999987,0.10357077459709792,0.016574585635359185,0.01642526504404951,R1_up_calm
2024-01-04,467.28,435.5006999999998,0.10470634770541705,0.019410203732237674,0.03242167437082699,R1_up_calm
2024-01-05,467.92,435.8457499999999,0.10289231749041892,0.0187211489143444,0.03318943409129771,R1_up_calm
2024-01-08,474.6,436.25819999999993,0.11049008243175223,0.0006953223767383054,0.021618204804045416,R1_up_calm
2024-01-09,473.88,436.66175,0.11064614149613582,-0.0033552798176753607,0.02428884949776311,R1_up_calm
2024-01-10,476.56,437.06579999999997,0.11132915720049227,-0.00014688601645118649,0.024068322981366297,R1_up_calm
2024-01-11,476.35,437.46509999999995,0.11095316843112257,0.012763724152409006,0.023218221895664914,R1_up_calm
2024-01-12,476.68,437.8704999999999,0.10082797289616763,0.01420239993286887,0.03060753545355377,R1_up_calm
2024-01-16,474.93,438.2383999999999,0.10147526896612451,0.020908344387593925,0.03360495230876115,R1_up_calm
2024-01-17,472.29,438.58135000000004,0.1013821264383952,0.027737195367253165,0.02242266404116111,R1_up_calm
2024-01-18,476.49,438.9168500000001,0.10424310155351109,0.024218766395936786,0.02667422191441582,R1_up_calm
2024-01-19,482.43,439.27425000000005,0.11094318754384032,0.010322741123064416,0.024708247828700625,R1_up_calm
2024-01-22,483.45,439.64815000000004,0.09631127050618847,0.016175405936498022,0.018823042713827842,R1_up_calm
2024-01-23,484.86,440.03445000000005,0.0919519296865464,0.01243657963123379,0.018809553273109847,R1_up_calm
2024-01-24,485.39,440.4154500000001,0.09191191840775789,-0.0051710995282143735,0.026185129483508263,R1_up_calm
2024-01-25,488.03,440.80755000000005,0.09253248233546073,0.0023973936028522935,0.021084769378931556,R1_up_calm
2024-01-26,487.41,441.1960000000001,0.09294630661180446,0.014238526086867376,0.028292402699985564,R1_up_calm
2024-01-29,491.27,441.61210000000005,0.0959151053453093,0.0026054918883711142,0.019765098621939092,R1_up_calm
2024-01-30,490.89,441.99920000000003,0.09491179372640829,0.006294689237914763,0.006498400863737208,R1_up_calm
2024-01-31,482.88,442.3513000000001,0.11209893014170134,0.031519218025182205,0.03249254473161023,R1_up_calm
2024-02-01,489.2,442.7276000000001,0.11409010834604198,0.018642681929681215,0.026185609157808765,R1_up_calm
2024-02-02,494.35,443.1283000000001,0.11590662991419032,0.01385657934661677,0.010437948821685028,R1_up_calm
2024-02-05,492.55,443.5203500000001,0.11808465624652409,0.01711501370419244,0.00854735559841635,R1_up_calm
2024-02-06,493.98,443.9308500000001,0.10987883026400458,0.00020243734564151517,0.00653872626422114,R1_up_calm
2024-02-07,498.1,444.3603500000001,0.11123074628516019,0.0009435856253763308,0.018871712507528615,R1_up_calm
2024-02-08,498.32,444.78880000000004,0.1108096273286011,0.007404880398137692,0.019124257505217512,R1_up_calm
2024-02-09,501.2,445.2644000000001,0.1110125097347561,-0.0033719074221867373,0.009557063048683201,R1_up_calm
2024-02-12,500.98,445.74750000000006,0.11133482858588888,-0.00842348995967912,0.011876721625613706,R1_up_calm
2024-02-13,494.08,446.15585000000004,0.12397680747831599,0.006335006476683835,0.02465187823834203,R1_up_calm
2024-02-14,498.57,446.56905000000006,0.12302551407366581,0.01791122610666518,0.01907455322221563,R1_up_calm
2024-02-15,502.01,447.00155000000007,0.12191044778352284,0.011633234397721237,0.02159319535467419,R1_up_calm
2024-02-16,499.51,447.4449000000001,0.11899324961872926,0.012972713258993851,0.02560509299113134,R1_up_calm
2024-02-20,496.76,447.8886,0.12172931497559354,0.02047266285530247,0.020975923987438527,R1_up_calm
2024-02-21,497.21,448.349,0.12159781126595591,0.01820156473120016,0.025220731682789932,R1_up_calm
2024-02-22,507.5,448.82335000000006,0.139424505124021,0.0011428571428571122,0.014403940886699385,R1_up_calm
2024-02-23,507.85,449.29890000000006,0.1389968749841967,0.009845426799251822,0.007620360342620813,R1_up_calm
2024-02-26,505.99,449.77420000000006,0.14000022325158723,0.012470602185813862,0.01045475207019897,R1_up_calm
2024-02-27,506.93,450.24460000000005,0.1381870003843588,0.0004931647367487635,0.019430690627897373,R1_up_calm
2024-02-28,506.26,450.71525,0.13832405162933095,0.006893690988819978,0.019179868051989235,R1_up_calm
2024-02-29,508.08,451.19770000000005,0.1209490236639375,0.013245945520390379,0.01352149267831848,R1_up_calm
2024-03-01,512.85,451.6969000000001,0.11739757915819174,-0.002203373306034928,-0.0058886614019694195,R1_up_calm
2024-03-04,512.3,452.2071500000001,0.11391856206938841,-0.0019910208861994017,0.001093109506148826,R1_up_calm
2024-03-05,507.18,452.6669,0.1200605638653842,0.01892819117473077,0.016818486533380694,R1_up_calm
2024-03-06,509.75,453.1195,0.1206447334282087,0.012202059833251733,0.021049534085336052,R1_up_calm
2024-03-07,514.81,453.6004500000001,0.12193047887860757,0.00027194498941374157,0.014354810512616556,R1_up_calm
2024-03-08,511.72,454.06510000000003,0.12490106374056685,-0.003693426092394314,0.01854529820995854,R1_up_calm
2024-03-11,511.28,454.55105000000003,0.12399042739664444,0.003090283210765321,0.016605382569238047,R1_up_calm
2024-03-12,516.78,455.07950000000005,0.1285032005163585,-0.0020705135647662853,0.003928170594837299,R1_up_calm
2024-03-13,515.97,455.5861,0.11570547193363397,0.008740818264627803,0.013954299668585302,R1_up_calm
2024-03-14,514.95,456.06075,0.11361139574614372,0.014079036799689248,0.015768521215651976,R1_up_calm
2024-03-15,509.83,456.509,0.11890884286542483,0.02232116587882249,0.024184532098934897,R1_up_calm
2024-03-18,512.86,456.98404999999997,0.11820133778255831,0.013473462543384107,0.011660102172132758,R1_up_calm
2024-03-19,515.71,457.4535000000001,0.1162175343734038,0.00601113028640099,0.007174574857962579,R1_up_calm
2024-03-20,520.48,457.91630000000004,0.11900425740651734,0.005168306178911619,-0.014236858284660259,R1_up_calm
2024-03-21,522.2,458.3918,0.09791718813969379,0.0016660283416316535,-0.007219456147070313,R1_up_calm
2024-03-22,521.21,458.8577,0.09860410275471214,0.0018226818364956987,-0.004777345024078561,R1_up_calm
2024-03-25,519.77,459.32380000000006,0.0980515056688706,-0.0017892529387997236,-0.0008657675510320706,R1_up_calm
2024-03-26,518.81,459.7722000000001,0.09867452201143201,0.0011564927430081084,-0.00903991827451267,R1_up_calm
2024-03-27,523.17,460.23855000000003,0.10140176558274391,-0.019305388305904225,-0.009882065103121285,R1_up_calm
2024-03-28,523.07,460.6849,0.10132739373276821,-0.008870705641692456,-0.023362073909801828,R1_up_calm
2024-04-01,522.16,461.11240000000015,0.0974440313621764,-0.006588018998008205,-0.03391680710893208,R1_up_calm
2024-04-02,518.84,461.5207000000001,0.10063604416934063,0.0009251406984811528,-0.0295081335286409,R1_up_calm
2024-04-03,519.41,461.90475000000015,0.0923887383751501,-0.010184632563870477,-0.03631042914075577,R1_up_calm
2024-04-04,513.07,462.27280000000013,0.10269312026931526,0.009608825306488322,-0.02640965170444587,R1_up_calm
2024-04-05,518.43,462.6790500000001,0.10334303988292994,-0.014621067453657988,-0.04488551974229871,R1_up_calm
2024-04-08,518.72,463.09795000000014,0.10056523091151483,-0.027510024676125955,-0.0366286243059839,R1_up_calm
2024-04-09,519.32,463.5120000000001,0.1004103941336574,-0.030405145189863814,-0.02632288377108538,R1_up_calm
2024-04-10,514.12,463.91655000000014,0.10025368398966525,-0.026394616042947128,-0.01694157006146424,R1_up_calm
2024-04-11,518.0,464.34935000000013,0.10380437253070998,-0.035675675675675755,-0.02801158301158302,R1_up_calm
2024-04-12,510.85,464.72275000000013,0.11512408503999338,-0.030713516687873144,-0.0050699814035432,R1_up_calm
2024-04-15,504.45,465.06305000000015,0.1183430204767458,-0.009376548716423794,0.011121022896223742,R1_up_calm
2024-04-16,503.53,465.3901500000001,0.11590800216462328,0.004210275455285739,-0.0030782674319305148,R1_up_calm
2024-04-17,500.55,465.67650000000015,0.11457668081619339,0.009709319748276934,-0.0003995604834681199,R1_up_calm
2024-04-18,499.52,465.95515,0.10737679853245852,0.007947629724535554,0.011030589365791155,R1_up_calm
2024-04-19,495.16,466.2153000000001,0.1079370774463571,0.026456094999596003,0.032575329186525614,R1_up_calm
2024-04-22,499.72,466.5156000000001,0.11582872908942748,0.020691587288881763,0.033718882574241604,R1_up_calm
2024-04-23,505.65,466.85110000000003,0.12582992503743842,-0.00725798477207551,0.022723227528923085,R1_up_calm
2024-04-24,505.41,467.17985,0.12585613779136376,-0.010011673690667022,0.023307809501197152,R1_up_calm
2024-04-25,503.49,467.48500000000007,0.1207566330476015,0.003058650618681602,0.03312876124649944,R1_up_calm
2024-04-26,508.26,467.7962000000001,0.1272351693707664,0.0059615157596506485,0.024751111635777034,R1_up_calm
2024-04-29,510.06,468.0987000000001,0.1284401797560288,0.012763204328902544,0.021272007214837352,R1_up_calm
2024-04-30,501.98,468.3621999999999,0.1377676167184282,0.03020040639069288,0.04247181162596103,R1_up_calm
2024-05-01,500.35,468.60974999999996,0.1374811310645288,0.03365644049165595,0.05881882682122508,R1_up_calm
2024-05-02,505.03,468.86395,0.137155515458679,0.029978417123735168,0.046848702057303626,R1_up_calm
2024-05-03,511.29,469.1443999999999,0.13939087273961395,0.018678245222867762,0.035518003481390226,R1_up_calm
2024-05-06,516.57,469.4663499999999,0.1447125582867807,0.008401571907001859,0.026114563369920685,R1_up_calm
2024-05-07,517.14,469.79114999999996,0.14470603201919355,0.011911668020265331,0.027497389488339685,R1_up_calm
2024-05-08,517.19,470.1060999999999,0.13994627079893807,0.024343084746417887,0.024439761016260997,R1_up_calm
2024-05-09,520.17,470.4297499999999,0.13887021473795208,0.01637926062633399,0.011130976411557914,R1_up_calm
2024-05-10,520.84,470.7564,0.12848141308958458,0.016530988403348434,0.016511788649105297,R1_up_calm
2024-05-13,520.91,471.0984999999999,0.11817219142352815,0.01756541437100445,0.01708548501660556,R1_up_calm
2024-05-14,523.3,471.4304,0.11789201163245402,0.015402254920695801,0.005350659277661096,R1_up_calm
2024-05-15,529.78,471.79035,0.11953052744806883,9.437879874685251e-05,-0.013533919740269518,R1_up_calm
2024-05-16,528.69,472.1513999999999,0.1195303756963965,-0.005163706519888844,-0.0024967372184078185,R1_up_calm
2024-05-17,529.45,472.548,0.1116174827328321,-1.8887524789845678e-05,-0.003116441590329755,R1_up_calm
2024-05-20,530.06,472.95409999999987,0.10968465038006388,-0.0004716447194657025,-0.0031505867260309683,R1_up_calm
2024-05-21,531.36,473.3768499999999,0.10458172829548526,-0.009899126769045474,0.0062292984040950294,R1_up_calm
2024-05-22,529.83,473.77244999999994,0.1058264178564185,-0.013627012437951835,0.009116131589377519,R1_up_calm
2024-05-23,525.96,474.1585000000001,0.10923493523323187,0.002680812229066687,0.015305346414175913,R1_up_calm
2024-05-24,529.44,474.5769500000001,0.10718515985355477,-0.0030976125717741,0.011748262314898561,R1_up_calm
2024-05-28,529.81,474.9964500000001,0.10713372408707147,-0.0026802061116248943,0.013476529321832631,R1_up_calm
2024-05-29,526.1,475.3987000000002,0.09081421983365066,0.016289678768294902,0.029005892415890466,R1_up_calm
2024-05-30,522.61,475.7712000000001,0.09433261757108091,0.023057346778668553,0.03796329959243039,R1_up_calm
2024-05-31,527.37,476.1936000000002,0.09409245437834185,0.01259078066632524,0.0292204713957942,R1_up_calm
2024-06-03,527.8,476.6344000000001,0.08615131900951163,0.014892004547176985,0.03656688139446773,R1_up_calm
2024-06-04,528.39,477.0949,0.07980606245594175,0.016200155188402565,0.0380400840288424,R1_up_calm
2024-06-05,534.67,477.58574999999996,0.08835626211744857,0.012512390820506258,0.02306095348532744,R1_up_calm
2024-06-06,534.66,478.06235,0.08838440198705472,0.014570007107320704,0.01842292297908954,R1_up_calm
2024-06-07,534.01,478.54165,0.08756841443326845,0.01642291342858737,0.0163480084642611,R1_up_calm
2024-06-10,535.66,479.00480000000005,0.0877936600399611,0.021356830825523865,0.01711906806556418,R1_up_calm
2024-06-11,536.95,479.5051000000001,0.08772853958067924,0.021491759009218736,0.015941894031101578,R1_up_calm
2024-06-12,541.36,480.0120500000001,0.09028980503730596,0.010418205999704444,0.009254470223141631,R1_up_calm
2024-06-13,542.45,480.51050000000004,0.0811793572497133,0.0037975850308782366,0.003262973545948844,R1_up_calm
2024-06-14,542.78,480.97860000000003,0.08031431879890069,-7.369468292850456e-05,0.004716459707432286,R1_up_calm
2024-06-17,547.1,481.45905,0.08367899501267634,-0.00414915006397365,0.0034911350758544124,R1_up_calm
2024-06-18,548.49,481.9497500000001,0.08371636880876825,-0.005433098142172188,0.005414866269211949,R1_up_calm
2024-06-20,547.0,482.42880000000014,0.08510948345573052,-0.0011517367458866445,0.013967093235831785,R1_up_calm
2024-06-21,544.51,482.90515,0.08644166244321108,-0.0005325889331692091,0.019779251069769188,R1_up_calm
2024-06-24,542.74,483.38775000000004,0.08210492696379854,0.004790507425286528,0.0240999373549029,R1_up_calm
2024-06-25,544.83,483.88765,0.08043574323686396,0.007672117908338327,0.03026632160490439,R1_up_calm
2024-06-26,545.51,484.3876,0.08039289487845683,0.010907224432182838,0.020109622188410947,R1_up_calm
2024-06-27,546.37,484.87719999999996,0.07388316498583222,0.015136262971978676,0.024928162234383322,R1_up_calm
2024-06-28,544.22,485.36834999999996,0.07025978535080295,0.020322663628679516,0.03180698982029306,R1_up_calm
2024-07-01,545.34,485.86249999999995,0.06516381391930914,0.01921736898081927,0.03579418344519003,R1_up_calm
2024-07-02,549.01,486.35574999999994,0.0674484939968408,0.022422178102402546,0.014444181344602125,R1_up_calm
2024-07-03,551.46,486.89619999999996,0.06792663608752542,0.009103108113009073,0.0021760417800020804,R1_up_calm
2024-07-05,554.64,487.45125,0.05933313394023033,0.009645896437328716,-0.010186787826337751,R1_up_calm
2024-07-08,555.28,488.0141,0.05899277085211578,0.011255582769053474,-0.0011345627431206262,R1_up_calm
2024-07-09,555.82,488.6,0.05796582010607758,0.01626425821309052,-0.003670252959591336,R1_up_calm
2024-07-10,561.32,489.24965000000003,0.0642685398887144,-0.007803035701560601,-0.03579063635715818,R1_up_calm
2024-07-11,556.48,489.87995,0.07519232817964053,-0.006864577343300815,-0.03247196664749863,R1_up_calm
2024-07-12,559.99,490.51875,0.07333588372829214,-0.019643207914427085,-0.027768353006303648,R1_up_calm
2024-07-15,561.53,491.19700000000006,0.07342470860769118,-0.012252239417306243,-0.029864833579684058,R1_up_calm
2024-07-16,564.86,491.89105,0.07475354167225824,-0.01961547994193258,-0.0404702050065503,R1_up_calm
2024-07-17,556.94,492.53315000000003,0.09078924603203353,-0.028207706395662058,-0.011006571623514372,R1_up_calm
2024-07-18,552.66,493.15905000000004,0.09549512650120423,-0.02578438823146234,-0.017461006767271026,R1_up_calm
2024-07-19,548.99,493.7674500000001,0.09817970493616734,-0.008287946957139414,-0.029308366272609798,R1_up_calm
2024-07-22,554.65,494.43275,0.10267192749162105,-0.017831064635355554,-0.06719552871180023,R1_up_calm
2024-07-23,553.78,495.07835,0.10193358999550407,-0.02127198526490659,-0.05711654447614578,R1_up_calm
2024-07-24,541.23,495.662,0.13192313659575527,0.017700423110322605,-0.04170130997912169,R1_up_calm
2024-07-25,538.41,496.20635000000004,0.13289227733083422,0.008543674894597064,-0.014412808083059336,R1_up_calm
2024-07-26,544.44,496.76709999999997,0.13920539268622376,-0.021196091396664563,-0.02103078392476676,R1_up_calm
2024-07-29,544.76,497.3182,0.13850698581750426,-0.05026066524708128,-0.02109185696453486,R1_up_calm
2024-07-30,542.0,497.84659999999997,0.1394486788135997,-0.03662361623616239,7.380073800722364e-05,R1_up_calm
2024-07-31,550.81,498.43235,0.14938326651230283,-0.058368584448357796,-0.01281748697372953,R1_up_calm
2024-08-01,543.01,498.9899,0.1568414565818203,-0.02276201174932324,0.018526362313769695,R1_up_calm
2024-08-02,532.9,499.4741999999999,0.16716247369595702,0.0001688872208669423,0.04017639331957201,R1_up_calm
2024-08-05,517.38,499.881,0.1930230314800974,0.03071243573388993,0.08162279175847553,R1_up_calm
2024-08-06,522.15,500.3406999999999,0.19770464595468817,0.03809250215455329,0.06999904242076038,R1_up_calm
2024-08-07,518.66,500.8018499999999,0.19194804917345726,0.048374657771950824,0.08090078278641122,R1_up_calm
2024-08-08,530.65,501.34914999999995,0.21312451421093428,0.04225007066804887,0.048186186752096516,R2_up_vol
2024-08-09,532.99,501.9117999999999,0.21221006577545387,0.04000075048312346,0.054672695547758776,R2_up_vol
2024-08-12,533.27,502.4599999999999,0.21163150811062173,0.049393365462148786,0.05160612822772692,R2_up_vol
2024-08-13,542.04,503.08245000000005,0.22021299756961932,0.030735739059848166,0.03601210242786501,R2_up_vol
2024-08-14,543.75,503.73845,0.21616582041627533,0.03102528735632193,0.026758620689655066,R2_up_vol
2024-08-15,553.07,504.4504,0.22394130499753526,0.00569548158460953,0.009546711989440793,R2_up_vol
2024-08-16,554.31,505.144,0.22263453109349848,0.014107629304901614,0.016903898540527873,R2_up_vol
2024-08-19,559.61,505.85105000000004,0.22221815396680283,0.002108611354336043,-0.013455799574703775,R2_up_vol
2024-08-20,558.7,506.53125,0.2222251833708384,0.005119026311079189,-0.013871487381421188,R2_up_vol
2024-08-21,560.62,507.18055,0.20445285399207375,-0.004138275480717879,-0.019638971139095962,R2_up_vol
2024-08-22,556.22,507.7882,0.20586830120053878,0.003829420013663709,-0.02851389737873511,R2_up_vol
2024-08-23,562.13,508.42040000000003,0.20552979490415335,0.0027573692918008152,-0.027965061462650986,R2_up_vol
2024-08-26,560.79,509.03970000000004,0.20599449914146864,-0.015531660692950866,-0.02139838442197617,R2_up_vol
2024-08-27,561.56,509.66124999999994,0.2045501548083184,-0.018893795854405426,-0.012714580810599063,R2_up_vol
2024-08-28,558.3,510.28354999999993,0.19888370411496303,-0.015565108364678393,0.001415009851334581,R1_up_calm
2024-08-29,558.35,510.87225,0.19095362678204159,-0.03221993373332144,0.006555028208113045,R1_up_calm
2024-08-30,563.68,511.4896999999999,0.17719870948977648,-0.0306379506102753,-0.0014902072097642272,R1_up_calm
2024-09-03,552.08,512.00645,0.15762085045077295,-0.005959281263585137,0.0199065352847414,R1_up_calm
2024-09-04,550.95,512.5128,0.15705391628414794,0.006298212178963425,0.01896723840638881,R1_up_calm
2024-09-05,549.61,513.0097,0.1543755945977809,0.0172485944578884,0.03888211640981787,R1_up_calm
2024-09-06,540.36,513.45755,0.1507818091015154,0.04006588200458938,0.051613738988822266,R1_up_calm
2024-09-09,546.41,513.9183,0.15469499698122374,0.030068995809007903,0.04256876704306278,R1_up_calm
2024-09-10,548.79,514.3959,0.15505391573956193,0.026020882304706783,0.04101751125202724,R1_up_calm
2024-09-11,554.42,514.8928999999999,0.1486672508080044,0.01258973341510039,0.028173586811442553,R1_up_calm
2024-09-12,559.09,515.41185,0.15075954605382758,0.02126670124666874,0.023627680695415654,R1_up_calm
2024-09-13,562.01,515.9495,0.14000114473629435,0.011103005284603507,0.01683244070390222,R1_up_calm
2024-09-16,562.84,516.4890499999999,0.13992334155509362,0.0121348873569751,0.019401606140288408,R1_up_calm
2024-09-17,563.07,517.03135,0.13604843815329418,0.014616299927184828,0.009856678565719923,R1_up_calm
2024-09-18,561.4,517.5563499999998,0.1363849205337932,0.015390096188101055,0.013288208051300376,R1_up_calm
2024-09-19,570.98,518.1157499999999,0.14844226468216046,0.0023118147745979645,-0.0055343444604013525,R1_up_calm
2024-09-20,568.25,518.6735499999999,0.14640708852820908,0.005666520017598042,0.008323801143862664,R1_up_calm
2024-09-23,569.67,519.2388999999998,0.14220386030969293,0.007179595204241052,-0.003282602208296015,R1_up_calm
2024-09-24,571.3,519.8215999999999,0.1419287223749942,-0.004691055487484608,0.003273236478207542,R1_up_calm
2024-09-25,570.04,520.3806499999998,0.14234856946120067,-0.00207003017332108,0.01245526629710203,R1_up_calm
2024-09-26,572.3,520.9411499999999,0.1405822393280729,-0.007828062205136987,0.006692294251266828,R1_up_calm
2024-09-27,571.47,521.4885499999999,0.14085538274807596,0.0026423084326385737,0.014191471118343957,R1_up_calm
2024-09-30,573.76,522.03685,0.13785713052974602,-0.010387618516452979,0.01840490797546024,R1_up_calm
2024-10-01,568.62,522.5274499999999,0.11821319491245075,0.008001828989483206,0.01962646407090851,R1_up_calm
2024-10-02,568.86,523.0116999999999,0.11755957375191729,0.014555426642759217,0.023626199767956768,R1_up_calm
2024-10-03,567.82,523.50415,0.11730342796470619,0.014634919516748113,0.025589095135782447,R1_up_calm
2024-10-04,572.98,524.0092,0.0972142004726293,0.011518726657125944,0.02026248734685332,R1_up_calm
2024-10-07,567.8,524.4739999999999,0.10099942775008361,0.029094751673124586,0.02787953504755203,R1_up_calm
2024-10-08,573.17,524.9985499999999,0.10416558365122314,0.011532355147687356,0.017708533244936264,R1_up_calm
2024-10-09,577.14,525.5207499999999,0.10140971343335474,0.0089406383199917,0.0014727795682156763,R1_up_calm
2024-10-10,576.13,526.03315,0.0993145897967839,0.010796174474511089,0.005398087237255433,R1_up_calm
2024-10-11,579.58,526.5527999999999,0.09972742690442582,0.008644190620794356,-0.0009317091687085499,R1_up_calm
2024-10-14,584.32,527.09185,0.10244403692953868,-0.0011808598028478778,-0.005972754654983592,R1_up_calm
2024-10-15,579.78,527.6073,0.10799346115821148,0.006105764255407431,0.0034323364034634096,R1_up_calm
2024-10-16,582.3,528.14225,0.10712705496125877,-0.007401682981281077,-0.003932680748754858,R1_up_calm
2024-10-17,582.35,528.6907500000001,0.0911438674978604,-0.00534043101227788,-0.02354254314415738,R1_up_calm
2024-10-18,584.59,529.2697499999999,0.08901057837721987,-0.009493833284866415,-0.023178638019808906,R1_up_calm
2024-10-21,583.63,529.8515,0.08955651789654875,-0.0047975600980072475,-0.02367938591230756,R1_up_calm
2024-10-22,583.32,530.4285,0.0895378605690471,-0.002657203593225077,-0.011348830830419043,R1_up_calm
2024-10-23,577.99,530.9454499999999,0.09607405142894508,0.0034948701534627258,0.022578245298361388,R1_up_calm
2024-10-24,579.24,531.47225,0.09547424717739592,-0.01829984117118988,0.02826116980871496,R1_up_calm
2024-10-25,579.04,531.98465,0.09523908636406545,-0.01381597126277978,0.03307198121027932,R1_up_calm
2024-10-28,580.83,532.50705,0.09486880528667352,-0.018972849198560793,0.030869617616169798,R1_up_calm
2024-10-29,581.77,533.0325,0.08782690791887225,-0.008714784193065928,0.02600684119153618,R1_up_calm
2024-10-30,580.01,533.5579,0.08904901765298712,0.01901691350149126,0.029620178962431742,R1_up_calm
2024-10-31,568.64,534.03965,0.11546573780722451,0.04742895329206531,0.04345455824423183,R1_up_calm
2024-11-01,571.04,534.5124,0.1116957926531928,0.04754483048472968,0.025760016811431807,R1_up_calm
2024-11-04,569.81,534.9492999999999,0.1069723697507336,0.050806409153928644,0.03218616731893098,R1_up_calm
2024-11-05,576.7,535.4155499999999,0.1103049648343569,0.035026877059129324,0.023582451881394073,R1_up_calm
2024-11-06,591.04,535.9464499999999,0.13851314119614194,0.01040538711423955,-0.0009136437466160663,R1_up_calm
2024-11-07,595.61,536.4975499999999,0.1399084689055495,-0.003794429240610464,-0.0032571649233559263,R1_up_calm
2024-11-08,598.19,537.0483499999999,0.13935667648026823,-0.02079606813888568,-0.004480181882010825,R1_up_calm
2024-11-11,598.76,537.6050999999999,0.137184544734504,-0.017719954572783747,-0.002054245440577196,R1_up_calm
2024-11-12,596.9,538.13325,0.13406956841534626,-0.011057128497235724,0.0062824593734294165,R1_up_calm
2024-11-13,597.19,538.66475,0.13366791176881307,-0.011202464877174911,0.0027461946784106406,R1_up_calm
2024-11-14,593.35,539.2171,0.13641669734223347,0.0005393106935196457,0.015505182438695364,R1_up_calm
2024-11-15,585.75,539.69985,0.14438771919038684,0.01666239863422958,0.03052496798975679,R1_up_calm
2024-11-18,588.15,540.1688499999999,0.1449029875797847,0.015948312505313256,0.0267958854033834,R1_up_calm
2024-11-19,590.3,540.6576,0.14531125227716798,0.017533457563950527,0.029408775199051274,R1_up_calm
2024-11-20,590.5,541.1401999999999,0.1406736677964306,0.01410668924640146,0.02736663844199816,R1_up_calm
2024-11-21,593.67,541.6180499999999,0.1414563724876316,0.01495780484107323,0.02381794599693432,R1_up_calm
2024-11-22,595.51,542.1039999999999,0.14147516926171602,0.013635371362361592,0.015398565935080821,R1_up_calm
2024-11-25,597.53,542.58565,0.1415264908464484,0.010677288169631538,0.008819640854852429,R1_up_calm
2024-11-26,600.65,543.0839999999998,0.14216624200188735,0.011670690085740398,0.01133771747273804,R1_up_calm
2024-11-27,598.83,543.6077499999999,0.14216832128525034,0.013075497219578125,0.009184576591019233,R1_up_calm
2024-11-29,602.55,544.1276499999999,0.1182083890410598,0.008729566011119294,0.002754958094764115,R1_up_calm
2024-12-02,603.63,544.6357499999999,0.11816339414045707,0.0017394761691764682,0.005234994947235894,R1_up_calm
2024-12-03,603.91,545.15775,0.11707412045802909,-0.001838022221854252,0.000629232832706883,R1_up_calm
2024-12-04,607.66,545.71225,0.112806849825067,-0.00032913142217672053,-0.03518414903070799,R1_up_calm
2024-12-05,606.66,546.2594999999999,0.07824562799299237,-0.003840701546170666,-0.03389048231299241,R1_up_calm
2024-12-06,607.81,546.7610499999998,0.07457659678488353,-0.005922903538934765,-0.027409881377404077,R1_up_calm
2024-12-09,604.68,547.2451999999998,0.07656918845366514,0.0034894489647416815,-0.016521135145862065,R1_up_calm
2024-12-10,602.8,547.7292499999999,0.07763149636204651,0.0024717982747179956,-0.002488387524883895,R1_up_calm
2024-12-11,607.46,548.2319,0.08068986695303719,-0.034866493267046494,-0.010074737431271186,R1_up_calm
2024-12-12,604.33,548.7222499999999,0.08349818722033174,-0.03016563797924976,-0.015422037628448071,R1_up_calm
2024-12-13,604.21,549.2028999999999,0.07934770956790624,-0.02161500140679573,-0.02646430876681949,R1_up_calm
2024-12-16,606.79,549.6726,0.06103257556145883,-0.01994100100528995,-0.034130424034674145,R1_up_calm
2024-12-17,604.29,550.1325499999999,0.06378975941287353,-0.004947955451852559,-0.03251749987588737,R1_up_calm
2024-12-18,586.28,550.5280499999999,0.128411931155502,0.025687384867298935,0.00967114689227011,R1_up_calm
2024-12-19,586.1,550.9097999999999,0.1283870041483788,0.015202183927657265,0.015799351646476723,R1_up_calm
2024-12-20,591.15,551.2914999999998,0.13078368610827393,-0.00495644083565927,-0.004262877442273494,R1_up_calm
2024-12-23,594.69,551.7063499999999,0.13213964375271933,-0.01447813146345156,-0.008744051522642127,R1_up_calm
2024-12-24,601.3,552.15645,0.1374931852871465,-0.027706635622817166,-0.034608348578080705,R1_up_calm
2024-12-26,601.34,552.57925,0.13627202855614579,-0.015615126218112896,-0.03317590714071916,R1_up_calm
2024-12-27,595.01,552.9744499999999,0.14109185267290303,0.0005882254079763172,-0.021545856372161665,R1_up_calm
2024-12-30,588.22,553.3408000000001,0.14418149248227552,0.000697018122471027,0.007752201557240435,R1_up_calm
2024-12-31,586.08,553.72205,0.14397514455585966,0.00581831831831825,0.009486759486759366,R1_up_calm
2025-01-02,584.64,554.08095,0.14382687243632986,-0.0070983853311439304,0.02213327859879599,R1_up_calm
2025-01-03,591.95,554.4621500000001,0.1498939797463618,-0.017839344539234858,0.018751583748627176,R1_up_calm
2025-01-06,595.36,554.83655,0.15195520373678886,-0.022121069604944865,0.01861058855146469,R1_up_calm
2025-01-07,588.63,555.1687,0.1559153535037203,0.007050269269320175,0.035879924570613175,R1_up_calm
2025-01-08,589.49,555.5101,0.155682027660502,0.0036472204787187934,0.031349132300802385,R1_up_calm
2025-01-10,580.49,555.8137000000002,0.16350470801889652,0.029440644972350993,0.032524246757050124,R1_up_calm
2025-01-13,581.39,556.1266,0.16014454964487645,0.0372555427509933,0.03978396601248724,R1_up_calm
2025-01-14,582.19,556.4217000000001,0.1602172727151484,0.041653068585856934,0.03370033837750541,R1_up_calm
2025-01-15,592.78,556.77025,0.17510251203370594,0.028627821451465918,0.020682209251324357,R1_up_calm
2025-01-16,591.64,557.1176500000001,0.17403208331717557,0.02760124399972974,0.017206409302954695,R1_up_calm
2025-01-17,597.58,557.51135,0.17811790892915802,0.0029954148398541047,0.0003179490612135183,R1_up_calm
2025-01-21,603.05,557.9295500000002,0.14226875221312743,0.0024376088218225345,-0.0021059613630710627,R1_up_calm
2025-01-22,606.44,558.3964000000001,0.1428690668106169,-0.007634720664863925,-0.003660708396543755,R1_up_calm
2025-01-23,609.75,558.8530000000002,0.14129289033787626,-0.007724477244772543,-0.005625256252562494,R1_up_calm
2025-01-24,607.97,559.29925,0.1411284306335198,-0.010115630705462397,-0.011842689606395118,R1_up_calm
2025-01-27,599.37,559.6995,0.14596297390167526,-0.0026694696097570025,0.009142933413417431,R1_up_calm
2025-01-28,604.52,560.1515,0.14921256513100553,-0.004532521670085332,0.0013068219413749915,R1_up_calm
2025-01-29,601.81,560.57055,0.144843612859835,0.004004586165068824,0.002575563716123108,R1_up_calm
2025-01-30,605.04,561.0414999999999,0.1384597387077633,0.002115562607430954,0.007751553616289986,R1_up_calm
2025-01-31,601.82,561.5283499999999,0.1394056235731664,-0.0017447077199164163,0.013093616031371491,R1_up_calm
2025-02-03,597.77,561.99955,0.14176403116445474,0.011844020275356915,0.022951971494052925,R1_up_calm
2025-02-04,601.78,562.5057,0.13707399105139426,0.005865931071155517,0.01852836584798423,R1_up_calm
2025-02-05,604.22,563.0292,0.13639650117996596,-0.001423322630829893,0.010194962099897342,R1_up_calm
2025-02-06,606.32,563.5849999999999,0.12889060776474057,0.005624092888243837,-0.010522496371553003,R1_up_calm
2025-02-07,600.77,564.0902500000001,0.13434748964886606,0.01486425753616194,-0.005925728648234707,R1_up_calm
2025-02-10,604.85,564.58625,0.12097522209541953,0.010977928412002846,-0.01754153922460111,R1_up_calm
2025-02-11,605.31,565.08575,0.12105140065531687,0.012588590969916158,-0.01779253605590525,R1_up_calm
2025-02-12,603.36,565.5851,0.12246833060144183,0.011634844868735117,-0.030346725006629605,R1_up_calm
2025-02-13,609.73,566.09245,0.11167072193557036,-0.016056287209092468,-0.025503091532317668,R1_up_calm
2025-02-14,609.7,566.59065,0.11112497503634548,-0.020485484664589104,-0.042529112678366565,R1_up_calm
2025-02-18,611.49,567.1382,0.10671258824927514,-0.02820978266202223,-0.056632160787584374,R1_up_calm
2025-02-19,612.93,567.7010999999999,0.1026437925656203,-0.030003426166120062,-0.04873313428939685,R1_up_calm
2025-02-20,610.38,568.22785,0.10245395026743909,-0.04149873849077634,-0.061715652544316546,R1_up_calm
2025-02-21,599.94,568.6710999999999,0.11791843562618938,-0.009600960096009747,-0.04003733706704016,R1_up_calm
2025-02-24,597.21,569.0742999999999,0.11844952234427031,-0.022504646606721357,-0.06133520872055054,R1_up_calm
2025-02-25,594.24,569.4598000000001,0.10876813112243486,-0.029247442110931554,-0.06448572967151323,R1_up_calm
2025-02-26,594.54,569.84655,0.10357732275203115,-0.019309045648736922,-0.05999596326571799,R1_up_calm
2025-02-27,585.05,570.17095,0.11640112950754329,-0.021092214340654558,-0.05748226647295107,R1_up_calm
2025-02-28,594.18,570.5376499999999,0.12907745621321237,-0.03073142818674479,-0.05279544919048096,R1_up_calm
2025-03-03,583.77,570.8519499999999,0.1415257429079482,-0.03972454905185252,-0.02847011665553212,R1_up_calm
2025-03-04,576.86,571.11975,0.14518794519452372,-0.03629996879658848,-0.027459002184238912,R1_up_calm
2025-03-05,583.06,571.3861499999999,0.14893271290494306,-0.04148801152540038,-0.02732137344355634,R1_up_calm
2025-03-06,572.71,571.60625,0.15804572858584065,-0.0371741369977826,-0.012606729409299744,R1_up_calm
2025-03-07,575.92,571.8385999999999,0.15931332708891446,-0.022763578274760388,-0.020732046117516223,R1_up_calm
2025-03-10,560.58,571.9911999999999,0.18028068166254216,0.01172000428127995,0.024082200577972834,R3_down_calm
2025-03-11,555.92,572.114,0.17685602304665451,0.009173981867894643,0.035148942293855345,R3_down_calm
2025-03-12,558.87,572.2592,0.17926336508346263,0.01477982357256602,0.017392237908637087,R3_down_calm
2025-03-13,551.42,572.3865,0.1823125139644174,0.025515940662290237,0.028399405172101266,R3_down_calm
2025-03-14,562.81,572.5533499999999,0.19606296041010138,0.0020788543202858722,-0.012704109735079294,R3_down_calm
2025-03-17,567.15,572.7400499999999,0.20001178504937614,0.012218989685268467,-0.013682447324340985,R3_down_calm
2025-03-18,561.02,572.9146499999999,0.2000170151061292,0.025738832840183967,-8.912338241051643e-05,R3_down_calm
2025-03-19,567.13,573.13725,0.20593876290041652,0.002574365665720446,-0.004602119443513852,R3_down_calm
2025-03-20,565.49,573.32785,0.20596489983968752,0.002811720808502338,-0.0509115987904295,R3_down_calm
2025-03-21,563.98,573.50875,0.19976203899399778,-0.014752296180715718,-0.10408170502500091,R3_down_calm
2025-03-24,574.08,573.7372,0.21285357835041246,-0.02558876811594213,-0.12141164994425868,R2_up_vol
2025-03-25,575.46,573.94115,0.21308269035806718,-0.02517985611510798,-0.1372467243596427,R2_up_vol
2025-03-26,568.59,574.1107999999999,0.21604875200864357,-0.007158057651383332,-0.03512196837791737,R3_down_calm
2025-03-27,567.08,574.27615,0.20979103261276616,-0.05357268815687377,-0.07494533399167669,R3_down_calm
2025-03-28,555.66,574.37615,0.20973175618882656,-0.09066695461253282,-0.03908865133354911,R3_down_calm
2025-03-31,559.39,574.48835,0.2054502444721807,-0.09833926241084034,-0.03623589981944619,R3_down_calm
2025-04-01,560.97,574.5864,0.2027911160214436,-0.11496158439845272,-0.041642155551990356,R3_down_calm
2025-04-02,564.52,574.6967500000001,0.19990290991445347,-0.028165521150712025,-0.0688372422589103,R3_down_calm
2025-04-03,536.7,574.66635,0.2597606529539666,-0.022582448295137003,-0.01917272219116839,R4_down_vol
2025-04-04,505.28,574.4572499999999,0.3267583230664153,0.05672102596580131,0.0170202659911336,R4_down_vol
2025-04-07,504.38,574.2366999999999,0.31796392916857896,0.06887664062809784,0.0453427970974265,R4_down_vol
2025-04-08,496.48,573.9841,0.320005131627026,0.08284321624234603,0.07843216242346096,R4_down_vol
2025-04-09,548.62,574.0046499999999,0.49249625249071516,-0.04185046115708513,-0.0035179176843715965,R4_down_vol
2025-04-10,524.58,573.9138499999999,0.5151399955125442,0.0034885050897859315,0.04967783750810151,R4_down_vol
2025-04-11,533.94,573.8593999999998,0.5136008088458971,-0.03756976439300308,0.03167022511892714,R4_down_vol
2025-04-14,539.12,573.82745,0.5141737698477092,-0.022017361626354037,0.02819409407924023,R4_down_vol
2025-04-15,537.61,573.78365,0.5132363526552901,-0.004073584940756381,0.03149122970182838,R4_down_vol
2025-04-16,525.66,573.69085,0.5156919693389972,0.04000684853327252,0.062416771297036266,R4_down_vol
2025-04-17,526.41,573.5962000000001,0.5160201550529521,0.046028760851807515,0.07665127942098371,R4_down_vol
2025-04-21,513.88,573.42055,0.5210959548282768,0.07194286603876399,0.09657896785241693,R4_down_vol
2025-04-22,527.25,573.2995000000001,0.526355008599846,0.05134186818397346,0.059838786154575496,R4_down_vol
2025-04-23,535.42,573.2034,0.5305298345627314,0.03571028351574457,0.04805573194875046,R4_down_vol
2025-04-24,546.69,573.16045,0.5364045089894096,0.021547860762040516,0.03360222429530424,R4_down_vol
2025-04-25,550.64,573.13455,0.5373756271288853,0.029275025424960077,0.02488013947406653,R4_down_vol
2025-04-28,550.85,573.0821999999998,0.5327373652773457,0.022982663156939198,0.058346192248343476,R4_down_vol
2025-04-29,554.32,573.0714,0.5326665010979275,0.008081974310867102,0.058666474238706856,R4_down_vol
2025-04-30,554.54,573.0441500000001,0.5325382733473365,0.011919789374977396,0.059598946874887426,R4_down_vol
2025-05-01,558.47,573.02885,0.5326741897157419,0.011800096692749618,0.05728150124447162,R4_down_vol
2025-05-02,566.76,573.0383499999999,0.500854937187187,-0.004269884960124148,0.048415555085044915,R4_down_vol
2025-05-05,563.51,573.0711999999999,0.443966060549045,0.03456904047842979,0.055615694486344625,R4_down_vol
2025-05-06,558.8,573.1019,0.44601059056539977,0.05017895490336444,0.06093414459556201,R4_down_vol
2025-05-07,561.15,573.1626999999999,0.4391731717742795,0.04711752650806389,0.038688407734117414,R4_down_vol
2025-05-08,565.06,573.2147499999999,0.2657236088214018,0.04495097865713382,0.031908115952288485,R4_down_vol
2025-05-09,564.34,573.2675499999999,0.2025826717486773,0.05291136548888975,0.026172165715703244,R3_down_calm
2025-05-12,582.99,573.4763499999999,0.22210191597885062,0.020343402116674403,0.0139968095507641,R2_up_vol
2025-05-13,586.84,573.7185,0.22140342000757054,0.010241292345443354,0.0015165973689590384,R2_up_vol
2025-05-14,587.59,573.9342499999999,0.2201511648565816,-0.0080498306642387,0.004186592692183133,R2_up_vol
2025-05-15,590.46,574.16275,0.1958537084917668,-0.012481793855637968,-0.0018121464620804995,R1_up_calm
2025-05-16,594.2,574.4237499999999,0.1951690384419523,-0.025395489734096333,-0.002507573207674252,R1_up_calm
2025-05-19,594.85,574.64395,0.16106736626165027,-0.0062200554761705495,0.0020845591325544532,R1_up_calm
2025-05-20,592.85,574.89315,0.14973832788270686,-0.00863624862950152,0.0051952433161843725,R1_up_calm
2025-05-21,582.86,575.1429499999999,0.16569842061427062,0.012335723844490776,0.017482757437463414,R1_up_calm
2025-05-22,583.09,575.4715,0.15403620572152266,0.010804507022929455,0.027525767891749098,R1_up_calm
2025-05-23,579.11,575.7563,0.1572643383684645,0.02348431213413682,0.035520022102881965,R1_up_calm
2025-05-27,591.15,576.11875,0.16948541751526364,0.008356593081282337,0.020181003129493558,R1_up_calm
2025-05-28,587.73,576.40415,0.17228877243415378,0.013951984754904334,0.023190921001140063,R1_up_calm
2025-05-29,590.05,576.68945,0.17205771187610072,0.005084314888568864,0.023218371324464027,R1_up_calm
2025-05-30,589.39,576.9700499999999,0.17201198129904444,0.016542527019460795,0.012911654422368857,R1_up_calm
2025-06-02,592.71,577.2234,0.16650353873873486,0.011759545140118899,0.016821042330988023,R1_up_calm
2025-06-03,596.09,577.4851,0.16415779162619176,0.011726417151772361,0.0024157425892061823,R1_up_calm
2025-06-04,595.93,577.6993999999999,0.15926351650862383,0.0091118084338766,0.0025338546473581136,R1_up_calm
2025-06-05,593.05,577.8930999999999,0.16173983333357242,0.01804232358148572,0.0020740241126380177,R1_up_calm
2025-06-06,599.14,578.0907499999998,0.16327146252475547,-0.003571786226925222,0.0016857495743900497,R1_up_calm
2025-06-09,599.68,578.2956499999999,0.16271024519598667,0.005002668089647777,0.01183964781216651,R1_up_calm
2025-06-10,603.08,578.5079499999998,0.1206789112000418,-0.00920275916959623,0.0066989454135437665,R1_up_calm
2025-06-11,601.36,578.7336499999999,0.12025806337491919,-0.006518557935346503,0.017477052015431704,R1_up_calm
2025-06-12,603.75,578.94175,0.12065263345109362,-0.0156853002070394,0.018484472049689282,R1_up_calm
2025-06-13,597.0,579.1227999999999,0.1277748326980292,0.0052763819095476006,0.03492462311557798,R1_up_calm
2025-06-16,602.68,579.3283999999999,0.13013150218850125,0.0068029468374593005,0.024839052233357695,R1_up_calm
2025-06-17,597.53,579.52455,0.13421971148585793,0.01604940337723626,0.03835790671598094,R1_up_calm
2025-06-18,597.44,579.7199999999999,0.13356178211531153,0.024153053026245264,0.046699250133904524,R1_up_calm
2025-06-20,594.28,579.8729999999999,0.11904206805727677,0.034714276098808616,0.04442350407215456,R1_up_calm
2025-06-23,600.15,580.1133499999999,0.12307914201644013,0.02949262684328935,0.03364158960259944,R1_up_calm
2025-06-24,606.78,580.3924999999998,0.12342649717544084,0.01791423580210294,0.02847819638089577,R1_up_calm
2025-06-25,607.12,580.6800499999998,0.1029354549253798,0.021956120701014603,0.030801159573066395,R1_up_calm
2025-06-26,611.87,581.0375999999999,0.10174241688842303,0.022014480200042597,0.019203425564253918,R1_up_calm
2025-06-27,614.91,581.3800999999999,0.10206123161883994,0.00938348701435987,0.016099917061033198,R1_up_calm
2025-06-30,617.85,581.7253999999998,0.10176590272797027,0.0040301043942705395,0.006943432872056343,R1_up_calm
2025-07-01,617.65,582.0415499999998,0.1014267208869041,0.010378045818829396,0.010637092204322851,R1_up_calm
2025-07-02,620.45,582.3483499999999,0.1009581530172313,0.008655008461600389,0.012233056652429575,R1_up_calm
2025-07-03,625.34,582.6649999999998,0.10263519436255249,-0.0027505037259730747,0.00358205136405787,R1_up_calm
2025-07-07,620.68,582.9541999999998,0.10549184173046759,0.0066539923954371805,0.01303409164142555,R1_up_calm
2025-07-08,620.34,583.24055,0.10159437069698067,0.0029016345874841587,0.013734403714092291,R1_up_calm
2025-07-09,624.06,583.5538499999999,0.10263268763453626,0.0002563856039483614,0.016264461750472803,R1_up_calm
2025-07-10,625.82,583.82805,0.10178088650426308,0.0035473458822024018,0.013741970534658421,R1_up_calm
2025-07-11,623.62,584.1048999999999,0.10221553665867726,0.006350020846028093,0.021615727526378192,R1_up_calm
2025-07-14,624.81,584.3806,0.10190216135617393,0.0063379267297258846,0.019413901826155433,R1_up_calm
2025-07-15,622.14,584.6347999999999,0.09274729195755756,0.010801427331468938,0.021088500980486646,R1_up_calm
2025-07-16,624.22,584.9056999999998,0.08871900644484956,0.016003972958251955,0.016404472782032054,R1_up_calm
2025-07-17,628.04,585.1843999999999,0.08100060651933853,0.010158588624928244,0.006432711292274407,R1_up_calm
2025-07-18,627.58,585.4649499999999,0.08127815754236861,0.015169380796073773,-0.009337454985818616,R1_up_calm
2025-07-21,628.77,585.7399999999999,0.07600337040859295,0.012993622469265498,0.0038169760007633613,R1_up_calm
2025-07-22,628.86,586.0412,0.07181890108297552,0.010177145946633548,-0.0014152593582037465,R1_up_calm
2025-07-23,634.21,586.36795,0.0682680994347965,0.0003941911984988167,-0.002254773655413933,R1_up_calm
2025-07-24,634.42,586.7009499999999,0.0683463664480042,-0.003688408309952318,-0.0034204470224771244,R1_up_calm
2025-07-25,637.1,587.02155,0.0655865006757014,-0.024140637262596076,0.000125568984460811,R1_up_calm
2025-07-28,636.94,587.36725,0.06509787151917365,-0.009058938047539988,-0.0016014067259083609,R1_up_calm
2025-07-29,635.26,587.6777000000001,0.06586395422462031,-0.011475616283096679,0.011695998488807868,R1_up_calm
2025-07-30,634.46,587.9643,0.06626960533049042,-0.0026479210667340602,0.016439176622639717,R1_up_calm
2025-07-31,632.08,588.2440499999999,0.06750640953970502,0.0002689532970510111,0.02036134666497902,R1_up_calm
2025-08-01,621.72,588.45475,0.0869965968907211,0.02486649938879215,0.03493534066782478,R1_up_calm
2025-08-04,631.17,588.689,0.09839070922328806,0.0075257062281159914,0.019218277167799558,R1_up_calm
2025-08-05,627.97,588.92995,0.10053145591616289,0.023440610220233582,0.018854403872796244,R1_up_calm
2025-08-06,632.78,589.18235,0.10186316263389998,0.019137773001675074,0.008423148645658962,R1_up_calm
2025-08-07,632.25,589.4318499999999,0.10167899878289893,0.02008699090549637,0.005219454329774553,R1_up_calm
2025-08-08,637.18,589.6948,0.10361829650131918,0.009824539376628527,0.012759345867729754,R1_up_calm
2025-08-11,635.92,589.95625,0.10412187717665666,0.01160523336268704,0.010300037740596402,R1_up_calm
2025-08-12,642.69,590.2530999999999,0.10766219615492344,-0.004481165102926954,0.003843221459801649,R1_up_calm
2025-08-13,644.89,590.5876,0.10767934970705419,-0.010513420893485614,0.0026981345655847644,R1_up_calm
2025-08-14,644.95,590.91615,0.10647499797173474,-0.014574773238235639,0.006155515931467459,R1_up_calm
2025-08-15,643.44,591.2381499999999,0.10704081684949335,0.002906253885365917,0.002502175805047635,R1_up_calm
2025-08-18,643.3,591.5505,0.10713411992458984,-0.0012902222913103722,-0.004710088605627161,R1_up_calm
2025-08-19,639.81,591.8407,0.10962864421014935,0.00836185742642348,0.00614244853941015,R1_up_calm
2025-08-20,638.11,592.1312,0.10645740204962892,0.01335192991803913,0.017254078450423815,R1_up_calm
2025-08-21,635.55,592.46575,0.10755871680098779,0.021036897175674696,0.018393517425851602,R1_up_calm
2025-08-22,645.31,592.8371,0.11961213051182532,-0.0004029071299065379,0.005454742681811897,R1_up_calm
2025-08-25,642.47,593.2004,0.12092731296745197,-0.0034242844023846253,0.01223403427397396,R1_up_calm
2025-08-26,645.16,593.5427000000001,0.12105129321169328,-0.002201004402008766,0.010927521855043754,R1_up_calm
2025-08-27,646.63,593.82065,0.12091417985297236,0.0038507338044941886,0.01701127383511447,R1_up_calm
2025-08-28,648.92,594.0872,0.11991491355623342,-0.0025889169697342895,0.01308327682919308,R1_up_calm
2025-08-29,645.05,594.3215000000001,0.10387653765673757,0.005860010851872044,0.024587241299124152,R1_up_calm
2025-09-02,640.27,594.5290500000001,0.09627995377403795,0.015712121448763883,0.03081512486919591,R1_up_calm
2025-09-03,643.74,594.7632500000001,0.09509244118169134,0.013157485941529323,0.023984838599434566,R1_up_calm
2025-09-04,649.12,595.0229,0.09573900591006897,0.01311005669213694,0.020242790239092923,R1_up_calm
2025-09-05,647.24,595.29235,0.09661853913296843,0.015712873122798232,0.025431061121067966,R1_up_calm
2025-09-08,648.83,595.6077500000001,0.0936014172637945,0.018618128015042368,0.027757656088651883,R1_up_calm
2025-09-09,650.33,595.9186500000001,0.09308451222919645,0.014869374010117786,0.019805329601894517,R1_up_calm
2025-09-10,652.21,596.2282,0.08647232577338683,0.010686742000275862,0.013630579107956065,R1_up_calm
2025-09-11,657.63,596.5638500000001,0.09011417682845241,0.00704043307026736,0.000638656995574971,R1_up_calm
2025-09-12,657.41,596.8825500000002,0.09018264205056546,0.009567849591579192,0.0067081425594379684,R1_up_calm
2025-09-15,660.91,597.2095499999999,0.09055871877269914,0.008972477341846918,0.004191190933712674,R1_up_calm
2025-09-16,660.0,597.5219,0.09091624619988904,0.004863636363636514,0.00936363636363624,R1_up_calm
2025-09-17,659.18,597.8145499999999,0.08797406264201442,0.0029127097302710236,0.01406292666646447,R1_up_calm
2025-09-18,662.26,598.1316999999998,0.08722706242076919,-0.0063570199015492435,0.010509467580708476,R1_up_calm
2025-09-19,663.7,598.4374499999999,0.08441744023912855,-0.002832605092662366,0.008301943649239085,R1_up_calm
2025-09-22,666.84,598.7534999999998,0.06980404929036471,-0.004738767920340781,0.007153140183552287,R1_up_calm
2025-09-23,663.21,599.0499999999998,0.07109593613200157,0.004478219568462283,0.00891120459582928,R1_up_calm
2025-09-24,661.1,599.3172,0.07233355199015537,0.011117833913175001,0.018166691877174346,R1_up_calm
2025-09-25,658.05,599.57415,0.07509221966773857,0.016974394043006047,0.01992249829040338,R1_up_calm
2025-09-26,661.82,599.8442,0.07649981905900519,0.011166178114895287,-0.013296666767399046,R1_up_calm
2025-09-29,663.68,600.1392000000001,0.07212132890791352,0.011948529411764719,-0.0009643201542911539,R1_up_calm
2025-09-30,666.18,600.4560999999999,0.06441443803073409,0.004413221651805799,-0.005929328409739032,R1_up_calm
2025-10-01,668.45,600.76105,0.06338746726036497,0.006971351634377898,-0.004906874111751169,R1_up_calm
2025-10-02,669.22,601.0854999999999,0.058660157023471195,0.0028988972236334565,-0.012820895968440937,R1_up_calm
2025-10-03,669.21,601.4105,0.056632250226846245,-0.0241927048310695,-0.007202522377131371,R1_up_calm
2025-10-06,671.61,601.7345999999999,0.05697926152151139,-0.012760381769181595,-0.0004615774035527931,R1_up_calm
2025-10-07,669.12,602.05875,0.060087623463904026,-0.010297106647537024,0.00324306551889042,R1_up_calm
2025-10-08,673.11,602.4929000000001,0.06202468951941469,-0.011795991739834588,-0.007888755181174045,R1_up_calm
2025-10-09,671.16,602.9182000000001,0.058609297179312396,-0.015674354848322247,0.0008939746111211733,R1_up_calm
2025-10-10,653.02,603.2275500000001,0.11677386422945817,0.017411411595356974,0.03710452972343892,R1_up_calm
2025-10-13,663.04,603.5693000000001,0.12790833493393566,0.012457770270270174,0.033482142857143016,R1_up_calm
2025-10-14,662.23,603.8739499999999,0.12788472091163242,0.013681047370248889,0.037494526071002454,R1_up_calm
2025-10-15,665.17,604.1931,0.12863723086529044,0.003953876452636118,0.033404994212006045,R1_up_calm
2025-10-16,660.64,604.5212500000001,0.1301113872118919,0.01683216275127153,0.029047590215548702,R1_up_calm
2025-10-17,664.39,604.9021,0.13150892408672382,0.019356101085205912,0.026595824741492136,R1_up_calm
2025-10-20,671.3,605.3282,0.13561077319934453,0.020765678534187426,0.017935349322210747,R1_up_calm
2025-10-21,671.29,605.7614500000001,0.13389299445324807,0.023492082408496984,0.00588419312070787,R1_up_calm
2025-10-22,667.8,606.1407,0.13484375011001076,0.029335130278526522,0.014645103324348652,R1_up_calm
2025-10-23,671.76,606.5227,0.13471570573241523,0.012013219006788312,-0.0021585089913065403,R1_up_calm
2025-10-24,677.25,606.9658000000001,0.1361024554247512,0.007102251753414501,-0.009272794389073469,R1_up_calm
2025-10-27,685.24,607.4445499999999,0.14113253985487342,-0.0027727511528806703,-0.005545502305761452,R1_up_calm
2025-10-28,687.06,607.9774,0.14096225739803644,-0.01720373766483263,-0.0059092364567867595,R1_up_calm
2025-10-29,687.39,608.5074000000001,0.14083275607351467,-0.01427137432898351,-0.0058336606584326045,R1_up_calm
2025-10-30,679.83,608.9956000000001,0.14762119623893147,-0.014003500875218955,-0.011458747039701178,R1_up_calm
2025-10-31,682.06,609.442,0.14784602297089167,-0.016259566607043197,-0.014852065800662673,R1_up_calm
2025-11-03,683.34,609.9005,0.14756753099727984,-0.002780460678432406,-0.025858284309421498,R1_up_calm
2025-11-04,675.24,610.2888,0.15369749687222412,0.011492210177122208,-0.022451276583140722,R1_up_calm
2025-11-05,677.58,610.66145,0.15277027512125638,0.008559874848726334,-0.022063815342837856,R1_up_calm
2025-11-06,670.31,610.9807999999999,0.1574753858559738,0.00258089540660289,-0.026525040652832232,R1_up_calm
2025-11-07,670.97,611.2869000000001,0.11986439919069125,0.0014307644156965615,-0.017795132420227566,R1_up_calm
2025-11-10,681.44,611.65425,0.12026046781658063,-0.023142169523362455,-0.01865167879783991,R1_up_calm
2025-11-11,683.0,612.0724000000001,0.11990225165401582,-0.03355783308931182,-0.01168374816983897,R1_up_calm
2025-11-12,683.38,612.4667000000001,0.11945335345574186,-0.030363780034534216,-0.005414264391700119,R1_up_calm
2025-11-13,672.04,612.81785,0.13286482415200263,-0.029031010058925055,0.016888875662163017,R1_up_calm
2025-11-14,671.93,613.1523,0.13167439397046654,-0.019198428407721013,0.012412007203131292,R1_up_calm
2025-11-17,665.67,613.4715500000001,0.13083448423277144,0.004596872324124757,0.023825619300854806,R1_up_calm
2025-11-18,660.08,613.7831,0.13386504553009304,0.022633620167252344,0.036071385286631896,R1_up_calm
2025-11-19,662.63,614.08735,0.13380835200733857,0.025730799993963327,0.03283883917118158,R1_up_calm
2025-11-20,652.53,614.3289,0.14160055274583397,0.04729284477342044,0.05081758693086913,R1_up_calm
2025-11-21,659.03,614.5924500000001,0.1433223827606457,0.0322291853178156,0.037327587514984106,R1_up_calm
2025-11-24,668.73,614.93225,0.1471296325591928,0.019140759349812297,0.021398770804360367,R1_up_calm
2025-11-25,675.02,615.2831,0.15133886179557357,0.013140351396995653,0.01859204171728246,R1_up_calm
2025-11-26,679.68,615.65495,0.1537889995303663,0.006929731638418035,0.013962452919020762,R1_up_calm
2025-11-28,683.39,616.0551,0.14996082102169275,0.003365574562109508,-0.002385168059234055,R1_up_calm
2025-12-01,680.27,616.4078,0.1504567505073509,0.004939215311567491,0.0006762020962265414,R1_up_calm
2025-12-02,681.53,616.7669500000001,0.1504524570923171,0.0022156031282556388,-0.0039029829941454874,R1_up_calm
2025-12-03,683.89,617.1289499999999,0.14424200405402107,0.005380982321718575,-0.018263170977788845,R1_up_calm
2025-12-04,684.39,617.48625,0.14385839628947217,0.006984321804818894,-0.011572349099197798,R1_up_calm
2025-12-05,685.69,617.8628,0.1375669155113905,-0.005731452988960162,-0.007437763420787835,R1_up_calm
2025-12-08,683.63,618.28125,0.1383526141602356,-0.004242060763863464,0.0017553354884953798,R1_up_calm
2025-12-09,683.04,618.7104,0.1272776072595696,-0.0061050597329584955,0.007203092059030247,R1_up_calm
2025-12-10,687.57,619.1770500000001,0.12916627979294612,-0.023517605480169346,0.0040868566109630855,R1_up_calm
2025-12-11,689.17,619.6502,0.12935906232741787,-0.018427964072725067,0.001654163704165823,R1_up_calm
2025-12-12,681.76,620.1337500000001,0.12033494479773182,-0.0017161464444965802,0.008932762262379823,R1_up_calm
2025-12-15,680.73,620.5665,0.1205609193873049,0.006022945955077574,0.009225390389728583,R1_up_calm
2025-12-16,678.87,621.042,0.11545044927931478,0.013389897918600013,0.004492760027692944,R1_up_calm
2025-12-17,671.4,621.5147,0.11863079668270976,0.02826928805481077,0.0175305332141793,R1_up_calm
2025-12-18,676.47,621.9817499999999,0.12056160267501798,0.020459148225346224,0.016630449243868917,R1_up_calm
2025-12-19,680.59,622.52115,0.10489463920623017,0.010667215210332204,0.01648569623414975,R1_up_calm
2025-12-22,684.83,623.0657000000001,0.10202453680542725,0.0031832717608748506,0.006936027919337562,R1_up_calm
2025-12-23,687.96,623.7026000000001,0.09109432815918611,-0.008779580208151727,0.002253037967323568,R1_up_calm
2025-12-24,690.38,624.3749000000001,0.08658259401903404,-0.010443523856426995,0.005344882528462769,R1_up_calm
2025-12-26,690.31,625.0321,0.08393408175309894,-0.0037519375353101125,0.007025828975387949,R1_up_calm
2025-12-29,687.85,625.7142500000001,0.08338216881669823,0.005757069128443648,0.008606527585956147,R1_up_calm
2025-12-30,687.01,626.3352500000001,0.08159824428298032,0.0037408480225906704,0.004876202675361485,R1_up_calm
2025-12-31,681.92,626.9091,0.08608467746296378,0.01113033786954487,0.015133740028155929,R1_up_calm
2026-01-02,683.17,627.51985,0.08541690664186366,0.015955033154266385,0.012427360686212863,R1_up_calm
2026-01-05,687.72,628.1228,0.08864817591703188,0.010818356307799704,-0.014744372709823761,R1_up_calm
2026-01-06,691.81,628.7544,0.09077625784944934,0.0028331478296064194,-0.009265549789682082,R1_up_calm
2026-01-07,689.58,629.3824,0.09089045455309737,0.001131123292438918,-0.0008700948403376207,R1_up_calm
2026-01-08,689.51,629.95955,0.09078646385156335,0.003959333439689017,-0.0004060854809937453,R1_up_calm
2026-01-09,694.07,630.5526,0.09076980528707275,-0.003472272249196884,-0.0019306410016280973,R1_up_calm
2026-01-12,695.16,631.1854500000001,0.09060468042534159,-0.025289142068013026,0.000474710857931937,R1_up_calm
2026-01-13,693.77,631.8189000000001,0.08099269042800626,-0.012064517058967716,0.00237830981449183,R1_up_calm
2026-01-14,690.36,632.4924000000001,0.08320379125083394,-0.001998957065878715,0.005330552175676351,R1_up_calm
2026-01-15,692.24,633.1566500000001,0.08246385412880224,-0.00434820293539806,-0.0003900381370622874,R1_up_calm
2026-01-16,691.66,633.8101000000001,0.06965622187068254,0.0015470028626782817,0.005421739004713322,R1_up_calm
2026-01-20,677.58,634.3754000000001,0.10146901817678347,0.026432303196670448,0.017636293869358388,R1_up_calm
2026-01-21,685.4,635.1189,0.10734191131368083,0.014619200466880589,0.001152611613656429,R1_up_calm
2026-01-22,688.98,636.0374,0.10667409320722468,0.007344189961972614,-0.01648814189091119,R1_up_calm
2026-01-23,689.23,636.9616500000002,0.10548583506613257,0.003975450865458585,0.0020167433222582076,R1_up_calm
2026-01-26,692.73,637.9429000000001,0.1062949315538431,0.003868751172895646,0.0017611479219898918,R1_up_calm
2026-01-27,695.49,638.6772500000002,0.10713905148484021,-0.008569497764166378,-0.00484550460826183,R1_up_calm
2026-01-28,695.42,639.5314500000001,0.10614844962325709,-0.013272554715135998,-0.004975410543268666,R1_up_calm
2026-01-29,694.04,640.33195,0.1063519250448494,-0.023658578756267645,-0.018399515878047334,R1_up_calm
2026-01-30,691.97,641.0962000000001,0.10306495211586962,-0.0019509516308511277,-0.01476942642022061,R1_up_calm
2026-02-02,695.41,641.8852,0.10410036981806242,-0.002099480881781912,-0.01806128758574066,R1_up_calm
2026-02-03,689.53,642.70455,0.10683317394174485,0.0037561817469871084,-0.004698852841790835,R1_up_calm
2026-02-04,686.19,643.50345,0.10592528406883524,0.008408749763185064,-0.0024920211603201015,R1_up_calm
2026-02-05,677.62,644.32215,0.11409633771192285,0.00538649980815209,0.017428647324459146,R1_up_calm
2026-02-06,690.62,645.1389999999999,0.1341964150975968,-0.01284353189887344,-0.011916828357128373,R1_up_calm
2026-02-09,693.95,645.93165,0.1331952552179601,-0.015995388716766423,-0.009510771669428708,R1_up_calm
2026-02-10,692.12,646.6587999999999,0.13337194783366418,-0.008423394787031246,0.0014881812402474104,R1_up_calm
2026-02-11,691.96,647.3653999999999,0.13320609319488827,-0.010809873403086923,-0.003844152841204762,R1_up_calm
2026-02-12,681.27,648.0174999999999,0.1432653823077049,0.01197763001453156,0.0069282369691898715,R1_up_calm
2026-02-13,681.75,648.6546500000001,0.14281224872954995,0.0009387605427209067,0.00679134580124674,R1_up_calm
2026-02-17,682.85,649.2962,0.14305990945913982,0.0065900270923335835,-0.0036904151717067624,R1_up_calm
2026-02-18,686.29,649.9353,0.12325409275597224,0.00999577438109256,-0.0016902475629835267,R1_up_calm
2026-02-19,684.48,650.5238999999999,0.11681024070112896,0.007041841982234676,-0.004631252921926232,R1_up_calm
2026-02-20,689.43,651.1535,0.11821268826363403,-0.004989629113905658,-0.02473057453258487,R1_up_calm
2026-02-23,682.39,651.7714499999998,0.1237094663774594,0.005847096235290783,-0.006037603130174873,R1_up_calm
2026-02-24,687.35,652.4024499999999,0.1252399880667544,-0.010213137411798856,-0.014795955481196055,R1_up_calm
2026-02-25,693.15,653.0429,0.12823650812684442,-0.011570367164394413,-0.024266031883430572,R1_up_calm
2026-02-26,689.3,653.6677000000001,0.1296597401024709,-0.011591469606847538,-0.033715363412157306,R1_up_calm
2026-02-27,685.99,654.1827000000001,0.13049206661114568,-0.01983993935771655,-0.034548608580300066,R1_up_calm
2026-03-02,686.38,654.6804000000001,0.13023348042738353,-0.011815612343016979,-0.025277543051953733,R1_up_calm
2026-03-03,680.33,655.1441,0.1319056220772582,-0.0046301059779814135,-0.014022606676171945,R1_up_calm
2026-03-04,685.13,655.6174500000001,0.1318708867162144,-0.012844277728314313,-0.03459197524557389,R1_up_calm
2026-03-05,681.31,656.0530000000002,0.13223177160327537,-0.022383349723327117,-0.03157153131467316,R1_up_calm
2026-03-06,672.38,656.4406500000001,0.1330146671415809,-0.015006395193194355,-0.03541152324578356,R1_up_calm
2026-03-09,678.27,656.8677500000001,0.11720200584316834,-0.013622893537971636,-0.03374762262815689,R1_up_calm
2026-03-10,677.18,657.3393500000001,0.11525106795746988,-0.009436191263770377,-0.0354410939484332,R1_up_calm
2026-03-11,676.33,657.80555,0.11512994794299058,-0.022030665503526503,-0.028846864696228103,R1_up_calm
2026-03-12,666.06,658.2403000000002,0.12548956259609084,-0.00939855268294143,-0.031483650121610585,R1_up_calm
2026-03-13,662.29,658.596,0.11573906271380557,-0.02071600054356837,-0.042579534644943906,R1_up_calm
2026-03-16,669.03,659.0025000000002,0.12264962477520144,-0.02040267252589567,-0.05539362958312777,R1_up_calm
2026-03-17,670.79,659.4062000000001,0.12298241923852794,-0.026252627498919212,-0.03048644136018719,R1_up_calm
2026-03-18,661.43,659.7664,0.12929218894588512,-0.0069697473655563336,-0.009358511104727518,R1_up_calm
2026-03-19,659.8,660.10185,0.12927948995079722,-0.022294634737799246,-0.006016974840860723,R3_down_calm
2026-03-20,648.57,660.3642500000001,0.13547014011205358,-0.022326040365727717,0.015973603466086672,R3_down_calm
2026-03-23,655.38,660.6615,0.14069713288068875,-0.03571973511550541,0.00585919619152242,R3_down_calm
2026-03-24,653.18,660.96215,0.13640878991752498,-0.004347959214917707,0.034952080590342716,R3_down_calm
2026-03-25,656.82,661.2505500000001,0.13372614060360624,-0.0024055296732743425,0.03515422794677381,R3_down_calm
2026-03-26,645.09,661.4775999999999,0.14417459251244238,0.016648839696786544,0.053279387372304754,R3_down_calm
2026-03-27,634.09,661.6326500000001,0.15235378827204576,0.03917424971218586,0.08202305666388043,R3_down_calm
2026-03-30,631.97,661.7857,0.15145038704175168,0.043119135401996855,0.09888127600993712,R3_down_calm
2026-03-31,650.34,662.0186500000001,0.1896377001225528,0.0394716609773349,0.07626779838238473,R3_down_calm
2026-04-01,655.24,662.30985,0.18995382672741487,0.03765032659788781,0.07084427080153821,R3_down_calm
2026-04-02,655.83,662.5756,0.18982800828503102,0.036030678681975514,0.08281109433847167,R3_down_calm
2026-04-06,658.93,662.8825999999999,0.18631561671472296,0.041233514940889116,0.075561895800768,R3_down_calm
2026-04-07,659.22,663.1914999999999,0.18286530404298443,0.0534571159855588,0.06805011983859721,R3_down_calm
2026-04-08,676.01,663.6001500000001,0.20574557817548722,0.03539888463188423,0.05207023564740165,R2_up_vol
2026-04-09,679.91,663.99895,0.20671895165977427,0.031989528025768044,0.04197614390139881,R2_up_vol
2026-04-10,679.46,664.36235,0.198465579146045,0.0451535042533775,0.05074618079062798,R1_up_calm
2026-04-13,686.1,664.7572500000001,0.19912672925736585,0.03296895496283336,0.04236991692173153,R1_up_calm
2026-04-14,694.46,665.1702,0.20035338674627048,0.013852489704230697,0.02481064424156898,R2_up_vol
2026-04-15,699.94,665.59535,0.2014752148550547,0.01610138011829587,0.016629996856873497,R2_up_vol
2026-04-16,701.66,666.0144,0.19220115535259777,0.009677051563435457,0.02422825870079537,R1_up_calm
2026-04-17,710.14,666.4768500000001,0.19365322000791887,0.005351057537950288,0.014799898611541407,R1_up_calm
2026-04-20,708.72,666.9182000000001,0.17892642197259087,0.009100914324415843,0.013108138616096499,R1_up_calm
2026-04-21,704.08,667.3119,0.1815192869975465,0.010808430860129503,0.027965572094080127,R1_up_calm
2026-04-22,711.21,667.76455,0.1809654824971027,0.0005202401541035684,0.031804952123845265,R1_up_calm
2026-04-23,708.45,668.2050999999999,0.18315717515513297,0.014411743948055555,0.03264874020749531,R1_up_calm
2026-04-24,713.94,668.6545,0.16433920039992145,0.009398548897666448,0.03316805333781536,R1_up_calm
2026-04-27,715.17,669.1012500000002,0.14262257353926489,0.003971083798257835,0.03374022959576051,R1_up_calm
2026-04-28,711.69,669.5416000000001,0.1440502370872624,0.01697368236170238,0.037221262066349015,R1_up_calm
2026-04-29,711.58,669.9754500000001,0.11768751023540192,0.03126844486916447,0.04318558700356934,R1_up_calm
2026-04-30,718.66,670.4580500000001,0.11880038514554427,0.01797790332006799,0.04106253304761642,R1_up_calm
2026-05-01,720.65,670.9402,0.11820891369716993,0.02354818566571848,0.025699021716505843,R1_up_calm
2026-05-04,718.01,671.3900500000001,0.12189629671141732,0.02965139761284652,0.02874611774209268,R1_up_calm
2026-05-05,723.77,671.8709999999999,0.12167677659900607,0.019909639802699663,0.013761277753982615,R1_up_calm
2026-05-06,733.83,672.3962999999999,0.10130800044737628,0.011555809928730065,0.010111333687638835,R1_up_calm
2026-05-07,731.58,672.9098999999999,0.10420304401268639,0.02267694578856716,0.01522731621968898,R1_up_calm
2026-05-08,737.62,673.4269499999998,0.10408498210582663,0.002101353000189654,0.010872807136465878,R1_up_calm
2026-05-11,739.3,673.9513499999998,0.10209153316731838,-0.00087921006357361,0.01527120248884084,R1_up_calm
2026-05-12,738.18,674.4567499999997,0.09866279875878221,-0.006028339971280605,0.016635508954455647,R1_up_calm
2026-05-13,742.31,674.9835999999997,0.09751430733122089,-0.0014279748353113186,0.01655642521318601,R1_up_calm
2026-05-14,748.17,675.5481499999999,0.09903630628077403,-0.007284440701979422,0.011107101327238578,R1_up_calm
2026-05-15,739.17,676.0717,0.10725599854445596,0.008753060865565487,0.026205067846368335,R1_up_calm
2026-05-18,738.65,676.60455,0.10671079690481783,0.016164624653083326,0.02832193867190158,R1_up_calm
2026-05-19,733.73,677.1646000000002,0.10683445678670478,0.0228013029315961,0.02795306175296086,R1_up_calm
2026-05-20,741.25,677.7150000000001,0.1069557040197114,0.01801011804384478,0.021369308600337256,R1_up_calm
2026-05-21,742.72,678.2887500000002,0.1046238966568379,0.01852649719948296,-0.006960900473933718,R1_up_calm
2026-05-22,745.64,678.8530500000002,0.10289933761551269,0.01730057400354057,-0.008610053108738747,R1_up_calm
2026-05-26,750.59,679.4447500000001,0.10407533506603298,0.011963921714917669,-0.01803914254120098,R1_up_calm
2026-05-27,750.46,680.01115,0.10099598729662236,0.005036910694773855,-0.03335287690216682,R1_up_calm
2026-05-28,754.6,680.60455,0.10090669943521861,0.0032997614630267957,,R1_up_calm
2026-05-29,756.48,681.1735000000001,0.09749290241234923,-0.025023794416243694,,R1_up_calm
2026-06-01,758.54,681.74175,0.09749178711402294,-0.02546998180715576,,R1_up_calm
2026-06-02,759.57,682.3148500000002,0.09482621171326813,-0.029648353673789263,,R1_up_calm
2026-06-03,754.24,682.8688500000001,0.09886831679661913,-0.03819739075095463,,R1_up_calm
2026-06-04,757.09,683.4378,0.08898512319358157,,,R1_up_calm
2026-06-05,737.55,683.9264999999999,0.13215011810258548,,,R1_up_calm
2026-06-08,739.22,684.43205,0.12913379270556574,,,R1_up_calm
2026-06-09,737.05,684.9395499999998,0.1292999323937208,,,R1_up_calm
2026-06-10,725.43,685.3401499999999,0.1408622149256953,,,R1_up_calm
