ticker,d,bull_prem,bear_prem,alerts
SPX,2026-05-22,5413630,4905250,32
RIG,2026-05-28,0,26789,7
OKE,2026-05-21,0,0,2
PACS,2026-05-23,12720,0,1
OXY,2026-05-27,81310,281982,6
USO,2026-05-29,116149,1140575,58
SGML,2026-05-20,0,0,1
ADSK,2026-05-22,0,0,1
COP,2026-05-27,59700,55223,3
TTD,2026-05-23,0,0,1
BKSY,2026-05-28,0,62800,1
MSTU,2026-05-29,0,0,1
RUT,2026-05-21,1604538,0,5
GD,2026-05-26,73320,0,1
CMG,2026-05-19,30623,0,7
WDAY,2026-05-29,525611,316281,26
SE,2026-05-20,1475433,67331,15
FCX,2026-05-27,210560,266867,5
SNOW,2026-05-26,1336863,0,7
BRKB,2026-05-27,0,529422,4
YPF,2026-05-20,0,0,2
PNC,2026-05-26,0,0,1
BBBY,2026-05-27,39750,18000,2
PONY,2026-05-28,17490,0,1
LVS,2026-05-20,84238,0,6
EWY,2026-05-23,413719,233080,37
WHR,2026-05-22,253850,98140,9
ASPI,2026-05-20,57460,0,2
STLA,2026-05-23,0,0,1
TCOM,2026-05-21,17000,0,2
COPX,2026-05-21,128075,0,3
NOW,2026-05-21,663395,1887624,34
BTDR,2026-05-19,46500,26730,2
NEE,2026-05-19,176600,0,5
CENX,2026-05-26,1415198,0,2
PAGP,2026-05-27,0,34135,3
GILD,2026-05-21,122220,0,1
LULU,2026-05-29,240885,102908,16
CI,2026-05-27,0,361760,1
TMF,2026-05-28,0,0,11
LAR,2026-05-27,0,0,1
BIDU,2026-05-20,252990,103212,7
VRT,2026-05-27,3783408,105565,9
MTDR,2026-05-26,107969,0,2
RXT,2026-05-23,10800,0,2
WYFI,2026-05-28,12272,0,2
COST,2026-05-23,0,171015,3
MET,2026-05-20,153302,0,1
PAGS,2026-05-21,12600,0,1
AFL,2026-05-22,0,0,1
HYG,2026-05-27,24400,1201850,12
SHOP,2026-05-26,2196778,0,3
PLTR,2026-05-19,1868763,513738,35
AVAV,2026-05-29,24420,0,5
NVAX,2026-05-23,0,16847,1
BTDR,2026-05-28,4324248,495755,77
ROST,2026-05-27,0,66600,1
AZN,2026-05-26,225500,0,2
RUN,2026-05-20,0,15360,5
LAC,2026-05-21,67105,0,2
BC,2026-05-28,11310,0,2
PG,2026-05-22,0,180938,3
WTS,2026-05-22,31360,0,2
GH,2026-05-27,109250,0,1
CPNG,2026-05-23,490512,0,11
BX,2026-05-21,0,51105,2
TSCO,2026-05-23,201187,0,1
GEV,2026-05-22,950600,183990,6
SDGR,2026-05-22,19665,0,1
GDS,2026-05-20,0,0,1
ETN,2026-05-27,126260,0,2
ETHU,2026-05-28,19740,0,1
ZETA,2026-05-21,0,0,6
VNET,2026-05-28,54945,0,1
RKLB,2026-05-21,835612,454070,25
IBIT,2026-05-27,370746,363352,9
ERAS,2026-05-22,0,12320,1
KWEB,2026-05-23,243151,55712,17
RACE,2026-05-21,0,0,1
ETHA,2026-05-28,80053,82697,18
KTOS,2026-05-20,60925,0,5
SFM,2026-05-19,2436539,29073,48
SPIR,2026-05-27,0,0,1
BDX,2026-05-27,576119,0,7
UPS,2026-05-28,80400,372285,5
RKLB,2026-05-20,934224,178522,18
LULU,2026-05-22,32615,118620,12
PLUG,2026-05-22,501265,282744,29
CAVA,2026-05-19,0,0,1
MDB,2026-05-29,2303721,2176083,85
WYFI,2026-05-26,0,0,2
MTSI,2026-05-28,93150,550632,6
BB,2026-05-21,0,90000,3
WRBY,2026-05-28,0,0,1
CLFD,2026-05-28,124036,0,2
MSGS,2026-05-26,0,37450,2
WCN,2026-05-21,37438,0,1
URBN,2026-05-21,70648,0,1
CPNG,2026-05-20,2948089,0,11
UTI,2026-05-23,84126,0,4
TTMI,2026-05-20,0,0,1
FLY,2026-05-26,1010928,0,9
ETSY,2026-05-21,0,0,2
AES,2026-05-27,0,0,1
SPXW,2026-05-28,7130194,11632225,128
TWLO,2026-05-22,0,48723,1
AKAM,2026-05-20,254535,627840,26
GLD,2026-05-20,965958,829699,111
DOV,2026-05-28,65700,0,1
Q,2026-05-23,11200,0,2
ADUR,2026-05-21,0,0,1
ORA,2026-05-26,0,0,1
CAH,2026-05-20,0,0,1
GDX,2026-05-28,594289,31905,33
CLF,2026-05-27,1773397,0,61
ALK,2026-05-22,476149,147203,6
CLSK,2026-05-20,1461815,25200,48
PAYX,2026-05-27,35640,0,1
SCO,2026-05-22,241184,30631,9
ETHU,2026-05-29,0,20000,3
IBM,2026-05-21,2644082,390397,32
CHKP,2026-05-19,104000,0,2
BW,2026-05-22,0,0,1
RGTI,2026-05-26,1245601,71568,31
URA,2026-05-20,0,10503,2
UNIT,2026-05-28,95220,0,1
GT,2026-05-21,0,36000,3
BRUN,2026-05-28,0,131280,6
FUTU,2026-05-27,898540,373688,25
ETR,2026-05-20,14600,0,1
WSM,2026-05-23,0,0,1
SNOU,2026-05-23,0,10620,1
AMPG,2026-05-28,0,0,1
TMDX,2026-05-26,48442,0,3
TDG,2026-05-20,83790,0,1
PM,2026-05-20,61880,0,1
ARM,2026-05-21,5785003,5251052,86
WT,2026-05-26,0,0,1
XOVR,2026-05-28,194694,102635,5
ZBRA,2026-05-22,198642,0,2
TKR,2026-05-20,18620,27350,7
NFLX,2026-05-23,0,0,1
PGR,2026-05-29,310600,0,2
NCLH,2026-05-23,0,70070,2
DOCN,2026-05-21,83630,104270,22
ASO,2026-05-22,25955,0,1
VEEV,2026-05-28,0,10560,7
ASTS,2026-05-20,4202660,415523,154
STUB,2026-05-22,97200,0,2
LITE,2026-05-22,1395520,470948,19
RLAY,2026-05-21,0,280000,2
IBM,2026-05-27,1038527,304874,10
IE,2026-05-28,32000,0,1
FRO,2026-05-21,25575,16650,2
WFC,2026-05-19,72420,0,4
OLLI,2026-05-27,171500,0,1
EXE,2026-05-29,22540,0,6
ALL,2026-05-21,0,0,1
GDXJ,2026-05-19,0,131552,6
U,2026-05-19,0,22509,16
NCLH,2026-05-19,0,23177,2
NOW,2026-05-27,2211453,256834,27
PPL,2026-05-26,0,80000,1
MA,2026-05-27,456302,132020,4
JPM,2026-05-27,279155,0,3
CDE,2026-05-29,82150,0,2
HEI,2026-05-26,0,0,1
IEF,2026-05-26,0,86354,5
IONL,2026-05-21,58004,0,1
VST,2026-05-20,365849,257306,20
PSNL,2026-05-28,19443,0,2
SBET,2026-05-19,0,36616,4
PSX,2026-05-28,55440,0,2
RRC,2026-05-20,383925,0,1
ABCL,2026-05-19,0,0,1
BKKT,2026-05-22,162589,0,6
SCCO,2026-05-19,0,57250,2
ARKG,2026-05-28,0,13500,5
LYFT,2026-05-23,0,0,1
CCL,2026-05-20,271478,140257,17
TXT,2026-05-23,21742,0,1
FAS,2026-05-28,0,0,1
PM,2026-05-21,197010,0,1
ETHU,2026-05-21,0,13225,1
GDXJ,2026-05-27,16800,19320,2
OSCR,2026-05-19,152630,16340,12
BTBT,2026-05-27,81432,0,1
SOXS,2026-05-20,251237,37277,19
UGI,2026-05-21,24030,0,1
SERV,2026-05-22,25689,0,1
CMG,2026-05-21,0,115714,4
L,2026-05-23,10000,0,3
CHYM,2026-05-27,0,444682,5
CIFR,2026-05-22,234374,71112,13
PL,2026-05-27,239280,22790,14
TMDX,2026-05-23,0,141520,1
PANW,2026-05-19,387524,645862,15
NASA,2026-05-22,159345,0,4
ON,2026-05-19,1314616,0,8
UL,2026-05-22,0,181232,2
HUM,2026-05-27,69430,606650,5
TECK,2026-05-22,0,0,1
TIGO,2026-05-27,31027,0,1
XYZ,2026-05-27,225376,92415,21
ALMU,2026-05-23,0,0,1
STRL,2026-05-20,0,111062,1
RJF,2026-05-19,0,13902,1
BCE,2026-05-28,29060,0,1
SMMT,2026-05-20,0,0,4
IMMX,2026-05-21,0,22000,2
SMH,2026-05-20,5000332,2762935,54
TLT,2026-05-27,1783448,1121867,116
IHI,2026-05-28,1480140,0,2
IOVA,2026-05-27,13186,0,4
MA,2026-05-20,68495,0,4
BLZE,2026-05-28,18310,0,1
SCHW,2026-05-28,0,0,3
KR,2026-05-28,145995,0,2
LEU,2026-05-21,0,0,2
EFX,2026-05-28,47834,0,2
AMAT,2026-05-22,2869805,59800,23
OKTA,2026-05-28,290872,280919,19
BLDR,2026-05-19,47750,10394,7
TLT,2026-05-26,826325,151659,73
PLUG,2026-05-23,157985,15249,7
BORR,2026-05-22,0,0,1
IMMX,2026-05-22,13998,28000,2
EOG,2026-05-26,366960,0,2
CRDO,2026-05-23,696006,114023,20
QTUM,2026-05-27,15365,0,3
DIA,2026-05-23,90407,0,16
AOSL,2026-05-28,211204,0,5
IPI,2026-05-29,0,0,3
IONQ,2026-05-23,242727,52419,26
ABNB,2026-05-28,100035,315728,3
RAL,2026-05-28,0,0,1
ASTX,2026-05-28,0,33000,1
UMC,2026-05-29,0,2697075,13
IREN,2026-05-26,5956606,48575,80
PDFS,2026-05-23,13860,0,1
EFA,2026-05-27,72640,124120,2
FLUT,2026-05-21,0,0,2
CDNS,2026-05-19,0,0,1
NEBX,2026-05-21,24000,0,7
LRCX,2026-05-19,51220,897731,12
YUMC,2026-05-21,0,139500,1
TMUS,2026-05-23,0,111280,1
INFQ,2026-05-28,426878,0,34
XHB,2026-05-27,75465,77186,10
PD,2026-05-27,0,34000,1
BKSY,2026-05-20,144801,0,3
INSW,2026-05-20,0,0,2
CRBP,2026-05-20,0,0,1
XE,2026-05-21,19899,0,2
XLE,2026-05-28,486221,546204,55
LEU,2026-05-20,575980,0,6
CLS,2026-05-21,0,354901,1
GT,2026-05-28,0,0,1
DT,2026-05-21,111412,0,2
MFC,2026-05-28,129200,0,2
AMD,2026-05-19,11318998,9380666,138
IRM,2026-05-22,10955,0,1
ZTS,2026-05-21,133860,0,7
NFLX,2026-05-21,0,424528,14
SNX,2026-05-27,77079,0,1
CAPR,2026-05-22,0,12580,1
TLT,2026-05-29,1655905,871390,96
AGI,2026-05-23,0,14850,3
TJX,2026-05-29,294855,329014,3
SOXL,2026-05-28,2797475,1010758,56
BITX,2026-05-23,0,11060,3
ATI,2026-05-26,0,0,3
DHI,2026-05-22,121080,18450,6
SILJ,2026-05-22,10340,31322,11
ZVRA,2026-05-26,15030,0,1
PDD,2026-05-22,88200,0,3
CRBP,2026-05-22,32000,0,2
INSM,2026-05-23,0,0,1
META,2026-05-26,3917906,7366915,20
UCTT,2026-05-20,0,0,1
TEL,2026-05-20,0,0,1
BP,2026-05-29,354252,0,2
TTWO,2026-05-23,345412,64102,10
LAES,2026-05-21,43000,0,2
RPD,2026-05-27,0,0,1
INTR,2026-05-27,12252,0,1
TEAM,2026-05-21,114516,673256,6
XLU,2026-05-20,63271,22050,7
RH,2026-05-28,56326,0,2
COGT,2026-05-21,0,0,1
XRX,2026-05-27,24450,0,2
YELP,2026-05-22,78300,0,2
XRX,2026-05-22,0,0,3
AEP,2026-05-22,0,0,4
GS,2026-05-22,1424484,417835,24
CYRX,2026-05-29,0,0,1
BBAI,2026-05-22,185138,0,6
VLO,2026-05-26,147559,0,3
NCNO,2026-05-27,15000,0,1
MCHP,2026-05-21,490808,0,18
CHTR,2026-05-22,27620,0,4
CANE,2026-05-26,0,0,1
FLR,2026-05-27,0,0,6
WHD,2026-05-26,19220,0,1
VT,2026-05-21,0,0,1
GDX,2026-05-26,1048200,109278,15
ATOM,2026-05-21,73910,0,2
HYMC,2026-05-26,145090,0,2
TSM,2026-05-22,1392601,1162123,16
XLV,2026-05-22,142340,23925,12
LCID,2026-05-21,116920,0,1
GLXY,2026-05-20,0,76040,4
KULR,2026-05-28,28750,0,1
TTD,2026-05-28,65882,0,8
AMC,2026-05-23,0,0,1
CLSK,2026-05-23,382725,0,19
CTSH,2026-05-22,0,18331,2
CXW,2026-05-21,0,0,1
CCJ,2026-05-26,1082034,10000,9
BLSH,2026-05-27,0,0,2
HIMX,2026-05-22,0,0,1
WING,2026-05-23,0,0,1
PRCT,2026-05-27,29525,0,1
ENVX,2026-05-19,0,0,2
SNOW,2026-05-21,293094,0,7
DGXX,2026-05-20,183390,0,7
PWR,2026-05-20,217728,296270,3
KLAC,2026-05-28,0,3384454,2
MPC,2026-05-23,0,0,1
CART,2026-05-19,11840,0,4
APPS,2026-05-27,278838,0,14
LEU,2026-05-29,0,0,3
ATKR,2026-05-27,0,0,1
GO,2026-05-19,118461,29501,3
RVTY,2026-05-21,0,45602,1
TWLO,2026-05-27,25030,0,7
QLD,2026-05-23,0,0,1
AEO,2026-05-28,51440,0,4
RIG,2026-05-27,20000,27025,5
LEN,2026-05-20,0,0,2
GILT,2026-05-28,0,0,1
CORZ,2026-05-23,926232,10695,15
ONTO,2026-05-28,0,0,5
KTOS,2026-05-27,30000,0,4
KEYS,2026-05-21,0,0,2
VST,2026-05-19,6801503,1405746,42
APLX,2026-05-28,45200,30000,3
DOW,2026-05-22,11455,10143,11
CWEN,2026-05-26,10233,0,2
MPC,2026-05-20,136890,166950,3
PLAY,2026-05-20,0,58397,2
KPTI,2026-05-20,47592,0,1
BLDR,2026-05-27,12730,0,4
COPX,2026-05-19,30844,32644,6
SRAD,2026-05-21,0,0,1
HD,2026-05-28,232249,54870,4
KRE,2026-05-26,379607,147892,16
GILD,2026-05-22,0,0,3
ADTN,2026-05-26,202700,0,2
BULL,2026-05-21,0,35597,4
MARA,2026-05-21,354649,264484,27
FICO,2026-05-22,89700,136350,2
SEI,2026-05-27,0,0,1
SIMO,2026-05-21,76839,16010,4
AMPX,2026-05-20,317950,71371,12
SPMO,2026-05-27,0,0,1
RCAT,2026-05-29,276898,545504,18
SPOT,2026-05-27,0,71511,2
AAOI,2026-05-19,141010,0,11
CCL,2026-05-28,215222,119344,21
XOM,2026-05-26,104720,1985872,2
FICO,2026-05-21,0,10403,1
COIN,2026-05-22,1080464,1337217,77
CELC,2026-05-26,0,0,4
INTU,2026-05-22,858291,200680,13
GM,2026-05-20,0,0,1
PSKY,2026-05-23,0,0,4
IBIT,2026-05-28,612194,1491230,25
COPX,2026-05-23,83520,0,1
LPTH,2026-05-21,14893,0,1
CANE,2026-05-27,0,0,1
JPM,2026-05-28,0,2807832,4
DIA,2026-05-28,1068483,159406,24
CAT,2026-05-20,378570,547108,18
DIA,2026-05-29,152646,628365,24
BAX,2026-05-26,19000,15000,2
AMTX,2026-05-23,10000,0,1
DXJ,2026-05-22,23634,0,2
PL,2026-05-21,1331450,30550,7
CVS,2026-05-27,59942,319482,6
LYFT,2026-05-26,31006,0,2
UNH,2026-05-23,248005,0,5
NCLH,2026-05-29,34308,10101,4
YETI,2026-05-21,0,0,1
MRK,2026-05-21,179460,387974,7
WRBY,2026-05-22,0,0,2
IBM,2026-05-19,0,0,4
BWA,2026-05-23,11700,0,1
MDY,2026-05-26,80190,0,2
WFRD,2026-05-22,0,0,1
FIS,2026-05-27,0,107512,1
SLS,2026-05-27,24500,0,7
TXRH,2026-05-28,10340,0,1
ZVRA,2026-05-28,0,0,2
MVLL,2026-05-28,0,89600,1
ALL,2026-05-22,124763,54000,3
SO,2026-05-22,0,76228,1
IP,2026-05-21,0,0,1
CONL,2026-05-27,0,0,1
SLV,2026-05-23,2115851,0,43
Z,2026-05-23,72245,0,1
COHX,2026-05-23,0,0,1
TIGR,2026-05-22,17229,145155,13
ACGL,2026-05-20,11473,0,1
FDX,2026-05-26,0,158400,2
HIVE,2026-05-29,202619,0,12
COST,2026-05-27,865135,504365,17
RKLX,2026-05-27,19200,0,1
PHM,2026-05-20,50350,0,3
HQY,2026-05-29,19888,0,1
UNIT,2026-05-23,205000,0,2
SBSW,2026-05-21,151480,0,8
RVMD,2026-05-27,0,86030,6
XPOF,2026-05-22,0,0,1
WY,2026-05-20,11095,0,1
IREN,2026-05-28,8915298,737005,362
NVT,2026-05-20,0,0,1
ODFL,2026-05-23,0,10615,1
XSD,2026-05-28,0,33896,1
MDGL,2026-05-26,0,0,1
BULL,2026-05-28,21266,0,1
ARES,2026-05-21,0,0,2
UCO,2026-05-22,0,0,3
CLOV,2026-05-22,0,0,2
PESI,2026-05-27,13325,0,1
CCL,2026-05-22,117284,122035,23
ICE,2026-05-27,51942,0,1
PLTR,2026-05-22,498034,512906,19
SYRE,2026-05-19,12800,0,2
DXCM,2026-05-20,0,0,2
WFC,2026-05-23,0,0,1
XOVR,2026-05-21,0,0,1
SCHW,2026-05-26,0,0,2
ERO,2026-05-26,0,0,1
IBM,2026-05-29,7191182,921347,90
DPST,2026-05-21,0,0,3
CELH,2026-05-21,0,44168,8
GOOGL,2026-05-21,5007078,1138403,47
CASY,2026-05-28,0,0,2
GLD,2026-05-21,1408192,803576,101
KMB,2026-05-22,0,21388,1
CING,2026-05-28,0,0,1
AMZU,2026-05-21,0,0,1
STM,2026-05-21,52452,0,5
ALC,2026-05-27,0,34780,1
DDOG,2026-05-28,120050,336636,6
UHS,2026-05-23,0,0,2
JOBY,2026-05-20,0,33600,5
KVYO,2026-05-27,0,0,1
AJG,2026-05-28,187615,0,1
XRT,2026-05-27,0,0,5
PLG,2026-05-26,0,0,1
MGM,2026-05-20,34080,0,5
BA,2026-05-27,854172,863964,15
BTU,2026-05-21,159510,11976,18
URGN,2026-05-27,0,0,1
LKQ,2026-05-28,0,0,2
QURE,2026-05-20,38650,0,2
WEX,2026-05-23,0,0,1
RARE,2026-05-20,0,0,1
XME,2026-05-21,61742,0,1
RBRK,2026-05-23,0,25380,2
UAL,2026-05-29,160028,503610,28
CRWV,2026-05-29,2986447,2588777,77
AMBA,2026-05-29,447088,15000,20
PANW,2026-05-20,1276515,347695,18
NAK,2026-05-21,16340,0,1
TMV,2026-05-20,10700,0,2
MSFT,2026-05-28,7747251,2095251,73
URBN,2026-05-28,0,30750,1
NET,2026-05-20,171779,0,3
MAT,2026-05-22,11475,0,3
QUBT,2026-05-20,27411,84767,8
CRS,2026-05-26,368640,0,1
TQQQ,2026-05-23,1375532,185758,54
CAPR,2026-05-28,10539,22090,2
EWZ,2026-05-19,582968,362897,14
CORN,2026-05-21,17980,0,1
APPX,2026-05-20,14000,0,1
UPRO,2026-05-19,0,85320,2
BTU,2026-05-29,166461,0,8
AMRZ,2026-05-26,0,61358,2
SIMO,2026-05-28,11400,556863,5
BUD,2026-05-27,328250,0,3
INOD,2026-05-22,0,0,5
CCL,2026-05-21,493347,202368,21
RR,2026-05-27,178364,0,10
NKE,2026-05-28,4392475,124081,13
BUR,2026-05-21,0,0,1
AIG,2026-05-21,0,0,2
IWM,2026-05-19,350302,8885310,71
DRI,2026-05-22,0,0,4
BBAI,2026-05-23,16598,0,4
MOS,2026-05-21,0,0,2
LNG,2026-05-29,0,0,5
FROG,2026-05-27,12250,24330,3
XYZ,2026-05-20,422862,17750,19
IREN,2026-05-23,540822,249226,67
SHLS,2026-05-22,59820,0,1
OCS,2026-05-21,125000,0,1
FUTU,2026-05-23,680860,1558749,38
DBA,2026-05-21,413754,0,2
LUNR,2026-05-20,194485,134314,13
APH,2026-05-21,0,0,6
ASHR,2026-05-19,0,37935,5
BSX,2026-05-26,78820,0,1
NVDL,2026-05-29,115626,0,2
AMGN,2026-05-22,430735,280697,9
KKR,2026-05-28,145440,0,1
NXT,2026-05-23,10430,0,3
VPG,2026-05-28,0,0,1
VITL,2026-05-20,0,0,1
EQT,2026-05-21,153300,168724,9
CPER,2026-05-28,0,0,1
AS,2026-05-26,0,0,1
XOM,2026-05-22,0,419148,8
AMZN,2026-05-22,8585882,12792123,66
ACI,2026-05-26,21745,0,1
BL,2026-05-20,2561098,0,5
MP,2026-05-20,29250,0,5
IOT,2026-05-28,728635,0,2
ARXS,2026-05-28,107074,11415,5
XRT,2026-05-21,119799,0,3
AFRM,2026-05-27,269200,54227,32
XIFR,2026-05-27,18000,0,1
MRK,2026-05-23,294170,179460,8
DGXX,2026-05-28,0,321150,4
TECL,2026-05-21,0,0,3
WM,2026-05-28,0,258213,1
CEVA,2026-05-27,0,0,2
SIL,2026-05-27,0,0,1
SMH,2026-05-27,2041661,1319719,40
ASHR,2026-05-21,32555,0,4
FLNC,2026-05-28,397752,0,7
SQQQ,2026-05-26,70122,47080,8
AXTI,2026-05-19,3488470,214921,24
IBM,2026-05-26,191978,472821,6
CMCSA,2026-05-23,205103,0,2
BLDP,2026-05-27,112613,0,3
UGL,2026-05-20,18240,0,1
AMKR,2026-05-28,0,32250,5
IBB,2026-05-23,56800,0,1
ELV,2026-05-27,0,269670,2
BITO,2026-05-22,0,0,1
PWR,2026-05-22,0,408000,1
QDEL,2026-05-21,0,17507,1
MA,2026-05-28,132320,0,3
BTBT,2026-05-21,0,0,1
VIX,2026-05-27,1864641,0,5
AMKR,2026-05-21,770100,115620,9
SBET,2026-05-21,0,116200,4
SVM,2026-05-22,0,110000,1
VIX,2026-05-19,5944625,0,11
LFVN,2026-05-27,0,0,1
GRAL,2026-05-27,82038,99360,7
C,2026-05-26,170016,92185,3
NVS,2026-05-22,0,0,1
VZ,2026-05-26,0,0,1
MSTR,2026-05-26,1606040,302260,24
SMR,2026-05-23,27840,0,3
USO,2026-05-23,38341,341737,26
SIRI,2026-05-20,41256,0,2
QQQ,2026-05-28,18445158,9796644,226
CNA,2026-05-27,0,0,1
BG,2026-05-23,0,0,1
ASPI,2026-05-28,320570,0,10
DDOG,2026-05-23,201479,0,1
OWL,2026-05-27,16886,0,4
CPRT,2026-05-20,0,22360,1
SION,2026-05-27,0,41800,1
ZM,2026-05-21,39887,1401069,17
LPTH,2026-05-23,18334,0,1
VISN,2026-05-23,13000,0,1
CAG,2026-05-27,0,14001,1
TTMI,2026-05-22,3376915,0,6
METC,2026-05-20,0,0,1
SHEL,2026-05-23,0,249660,3
URI,2026-05-27,0,189880,5
PCG,2026-05-26,2070000,16677,4
BLZE,2026-05-26,33066,0,2
CRI,2026-05-27,18350,0,1
ADM,2026-05-22,304660,0,13
HOOD,2026-05-26,647929,0,3
LTH,2026-05-27,12000,0,2
RIO,2026-05-22,800567,323871,4
FAS,2026-05-19,0,0,3
AYI,2026-05-26,154880,0,3
BLSH,2026-05-21,0,0,1
CLSK,2026-05-27,158104,0,11
DNTH,2026-05-20,0,435000,1
GTLB,2026-05-23,158660,0,11
INSM,2026-05-26,28786,0,3
IBKR,2026-05-19,48880,238047,7
KVUE,2026-05-27,0,0,1
NBIS,2026-05-27,2002177,1290141,81
DOCN,2026-05-27,0,0,2
DGXX,2026-05-27,273932,0,7
IWM,2026-05-23,2926959,1079957,55
CRL,2026-05-28,240270,0,10
UBER,2026-05-26,1944515,209950,10
MRNA,2026-05-28,0,92366,7
ARKK,2026-05-27,208592,59504,8
IEF,2026-05-22,0,0,2
CMCSA,2026-05-19,206500,0,3
BMY,2026-05-20,245610,0,5
SLAB,2026-05-20,0,0,1
NVO,2026-05-19,163043,78635,15
CZR,2026-05-21,36720,0,2
XOP,2026-05-26,106311,10770,5
SMG,2026-05-21,40145,0,1
WSM,2026-05-28,0,0,1
NTNX,2026-05-27,15856,0,2
BWA,2026-05-21,0,59540,3
LMB,2026-05-20,0,20790,2
TXG,2026-05-28,165500,0,1
KMB,2026-05-29,0,45080,2
AGX,2026-05-21,0,0,1
GE,2026-05-29,217711,371250,5
NRG,2026-05-20,560911,27900,2
POWI,2026-05-28,133500,11550,6
RCL,2026-05-22,59400,379452,6
SANM,2026-05-29,0,0,1
AR,2026-05-22,141590,76500,3
P,2026-05-22,680015,48810,32
ARWR,2026-05-20,0,10875,1
DPZ,2026-05-23,0,67680,1
ASH,2026-05-27,0,0,1
MNDY,2026-05-22,15120,15112,2
AGNC,2026-05-22,0,0,1
INFQ,2026-05-29,222110,1653327,25
AVAV,2026-05-23,160897,0,5
EXPE,2026-05-22,20090,37260,3
USO,2026-05-22,962655,1283839,84
JXN,2026-05-20,0,0,1
AU,2026-05-28,0,12840,3
OMER,2026-05-23,11220,17479,2
LRCX,2026-05-27,3246821,376312,24
XLI,2026-05-27,31768,36135,7
MGM,2026-05-19,15330,0,3
GEHC,2026-05-28,257672,126100,9
META,2026-05-27,4343070,1065586,42
KWEB,2026-05-29,1577487,216649,23
ON,2026-05-26,1302752,0,19
CORT,2026-05-20,44446,0,6
CAH,2026-05-26,173543,0,1
SPCE,2026-05-28,58303,0,5
SEDG,2026-05-26,0,35390,8
COF,2026-05-28,0,0,1
BUD,2026-05-19,0,0,1
PLAB,2026-05-28,45600,104790,5
NVDA,2026-05-23,17933383,2236496,97
PENG,2026-05-21,212450,0,7
GSG,2026-05-22,0,29565,3
AAON,2026-05-26,16000,0,1
MOD,2026-05-26,14096,35350,6
HON,2026-05-26,462549,0,8
SGI,2026-05-28,17600,0,3
AS,2026-05-20,784427,0,2
CB,2026-05-27,68080,0,1
NET,2026-05-26,235348,0,4
UMAC,2026-05-23,552685,0,3
BAND,2026-05-21,0,0,1
VIK,2026-05-22,0,0,3
VIXY,2026-05-20,15400,0,2
GRPN,2026-05-28,174050,0,7
AVGO,2026-05-21,5309143,516122,22
CALM,2026-05-28,14550,0,1
VIST,2026-05-20,63200,0,2
ANGI,2026-05-20,0,0,1
IOT,2026-05-22,90998,12000,5
IQV,2026-05-20,0,0,1
BAC,2026-05-22,63994,291993,8
ATEN,2026-05-23,0,0,1
DIA,2026-05-27,301969,438148,27
PDD,2026-05-21,0,0,1
INTC,2026-05-28,2925384,2164132,36
MTUM,2026-05-21,0,281890,4
VRT,2026-05-29,912835,0,7
AXTI,2026-05-27,0,1716737,26
ROKU,2026-05-28,442816,301944,17
ALAB,2026-05-20,11225510,1215323,158
IRDM,2026-05-21,72480,0,3
DASH,2026-05-28,0,0,1
QCOM,2026-05-28,2915486,4621590,69
TE,2026-05-21,922071,87330,54
GILD,2026-05-26,0,0,2
HYG,2026-05-20,12000,64548,2
SLB,2026-05-21,0,113508,4
UTI,2026-05-27,0,0,2
SHAK,2026-05-28,118995,0,5
MNDY,2026-05-26,202760,0,2
MXL,2026-05-19,1789180,422980,7
AXP,2026-05-29,0,0,2
BAX,2026-05-23,10120,0,1
TROW,2026-05-21,0,0,1
RDW,2026-05-22,344628,0,27
IYW,2026-05-20,0,0,1
WWD,2026-05-20,0,0,1
GVA,2026-05-20,61250,0,5
ALK,2026-05-19,85125,0,2
VEEV,2026-05-29,0,0,2
POWL,2026-05-23,0,301840,3
BFLY,2026-05-27,0,0,1
GLL,2026-05-27,30000,0,2
B,2026-05-22,198173,1237290,4
MTZ,2026-05-21,0,10200,1
KORU,2026-05-21,0,52000,1
GRAB,2026-05-22,16378,0,2
CIA,2026-05-26,0,22610,3
AEHR,2026-05-19,43010,71400,5
GSIT,2026-05-21,0,0,1
KOLD,2026-05-20,11550,0,2
INTC,2026-05-21,3209960,4992394,45
PONY,2026-05-20,0,0,3
CLX,2026-05-19,164492,0,9
KLAR,2026-05-20,123632,0,7
VICR,2026-05-27,1059668,0,5
COST,2026-05-22,133540,959000,9
COP,2026-05-21,298742,0,2
UVIX,2026-05-22,34371,29800,4
VRT,2026-05-23,0,0,1
AFRM,2026-05-19,12600,104745,7
PPLT,2026-05-27,0,0,1
MXL,2026-05-26,1131612,0,13
DNN,2026-05-26,21750,0,1
UPS,2026-05-26,0,0,1
PEW,2026-05-21,32084,0,1
FLG,2026-05-20,0,0,1
INFQ,2026-05-26,537399,0,8
MU,2026-05-26,24114198,5126168,164
WPM,2026-05-28,0,0,2
ICLR,2026-05-28,107600,0,3
BEKE,2026-05-29,16875,0,1
VLO,2026-05-27,363200,181200,6
KTOS,2026-05-26,340844,0,7
HOG,2026-05-22,17885,0,1
ACHR,2026-05-28,125080,0,3
PATH,2026-05-23,0,0,2
LI,2026-05-26,0,0,1
BSX,2026-05-19,522030,240005,8
STUB,2026-05-23,0,37504,2
MRNA,2026-05-22,0,44439,5
NEM,2026-05-19,370520,231179,2
XBI,2026-05-22,418186,149142,17
UFO,2026-05-19,0,0,1
XERS,2026-05-22,0,0,1
GOOG,2026-05-20,2243680,4035760,53
ALTO,2026-05-27,11391,0,1
IRDM,2026-05-28,0,11380,3
ONDS,2026-05-28,4316700,119627,200
AMBA,2026-05-23,0,0,2
CRSP,2026-05-20,0,32972,1
CG,2026-05-26,0,0,2
TMO,2026-05-22,0,177082,3
SIG,2026-05-21,0,0,1
GNRC,2026-05-20,0,11806,4
RDW,2026-05-26,824733,0,41
PBW,2026-05-23,0,0,1
MAR,2026-05-26,0,0,1
LFUS,2026-05-27,0,0,1
SMCI,2026-05-26,708112,2103994,46
MT,2026-05-20,0,0,1
NCLH,2026-05-26,43983,0,3
TDG,2026-05-21,0,268340,1
BTU,2026-05-27,132889,0,3
FLYW,2026-05-26,26541,0,3
EDZ,2026-05-23,0,0,3
HUT,2026-05-26,2337895,12136,10
HSBC,2026-05-28,0,0,1
AMBQ,2026-05-27,0,0,1
CELH,2026-05-28,102250,332829,4
RIG,2026-05-22,0,126000,6
LQD,2026-05-20,208200,43636,3
ZETA,2026-05-26,806810,0,4
HAS,2026-05-20,14982,0,1
NTR,2026-05-22,11180,0,4
ALOY,2026-05-27,0,0,1
WDAY,2026-05-20,382266,37780,16
EXC,2026-05-27,45355,0,2
ZS,2026-05-27,1794644,1090453,176
ARRY,2026-05-22,62500,0,3
DJT,2026-05-20,0,0,2
LITX,2026-05-27,11520,0,1
ACGL,2026-05-28,16275,0,2
CPRI,2026-05-26,0,0,3
GDXJ,2026-05-26,0,0,1
RH,2026-05-21,170709,12220,7
UBER,2026-05-29,74000,0,4
KELYA,2026-05-20,10250,0,1
VOYG,2026-05-20,86656,0,1
GMED,2026-05-28,10455,0,2
LCID,2026-05-28,227586,0,7
YPF,2026-05-28,0,0,2
TOST,2026-05-23,10314,29464,4
BEAM,2026-05-27,12600,0,2
GLNG,2026-05-20,53240,0,4
FCEL,2026-05-21,942501,0,28
PSKY,2026-05-27,108933,0,2
SBSW,2026-05-20,10500,0,1
PLNT,2026-05-26,0,0,3
IHI,2026-05-29,417782,0,9
RIO,2026-05-28,212936,0,1
UPS,2026-05-27,515710,199435,5
ARES,2026-05-26,107660,0,5
XPEV,2026-05-21,999588,0,3
HUT,2026-05-29,76705,0,15
FTNT,2026-05-28,0,60370,3
BIRK,2026-05-27,95598,46060,5
COLO,2026-05-21,21420,0,4
FTAI,2026-05-27,116400,0,2
ZM,2026-05-19,319526,0,8
SNOW,2026-05-28,9014262,1095165,60
JKHY,2026-05-27,28490,0,1
GLBE,2026-05-20,77350,0,2
CPNG,2026-05-26,361350,0,4
BJ,2026-05-22,0,0,4
ITA,2026-05-28,19558,715040,2
BA,2026-05-28,154900,495571,14
UMC,2026-05-26,11000,0,5
XRAY,2026-05-23,0,0,2
CMCSA,2026-05-20,313134,0,2
IEP,2026-05-23,0,0,1
VTR,2026-05-20,11700,0,1
WOLF,2026-05-19,344985,11080,8
EC,2026-05-26,43950,0,3
RKT,2026-05-26,125861,160000,8
SNPS,2026-05-20,394240,0,2
EBAY,2026-05-27,0,64440,1
FEZ,2026-05-21,0,0,1
BURL,2026-05-22,0,1424545,2
CRM,2026-05-23,349305,0,7
KURA,2026-05-22,19565,0,1
ASST,2026-05-22,49445,0,5
BMNR,2026-05-19,643698,68219,32
KKR,2026-05-23,0,0,1
LSCC,2026-05-21,402064,0,9
VITL,2026-05-23,46136,0,3
VFC,2026-05-23,37500,0,1
ADI,2026-05-28,0,184240,1
AMR,2026-05-27,30820,0,1
IYR,2026-05-20,0,0,1
COMP,2026-05-19,0,0,1
INSM,2026-05-27,0,0,1
ALK,2026-05-23,0,16750,2
OXY,2026-05-28,228664,504967,11
MCHP,2026-05-26,784157,0,4
CPER,2026-05-22,34924,0,4
OCS,2026-05-22,0,17500,1
PBR,2026-05-27,55000,598320,4
GEMI,2026-05-19,0,0,1
TAN,2026-05-27,101829,0,5
ASM,2026-05-28,11036,0,1
RTX,2026-05-28,0,235879,2
NDSN,2026-05-22,0,0,1
NFLX,2026-05-20,675160,355788,12
MBLY,2026-05-29,43934,0,3
AJG,2026-05-27,0,0,1
WOLF,2026-05-20,152785,165437,12
SU,2026-05-27,0,0,1
NBIS,2026-05-23,239340,2108516,67
GME,2026-05-20,25416,0,6
ALNY,2026-05-20,51350,0,2
UAL,2026-05-26,959832,0,6
RNG,2026-05-21,0,0,2
TRIN,2026-05-28,0,0,1
LQD,2026-05-27,105068,0,5
DVA,2026-05-19,13204,0,1
CBOE,2026-05-20,0,34500,3
ALGN,2026-05-19,0,0,2
TRN,2026-05-27,0,0,1
SLS,2026-05-26,0,1315332,5
SU,2026-05-22,53500,0,2
TBCH,2026-05-19,0,0,1
KMB,2026-05-23,11275,127345,3
BIZD,2026-05-20,0,19485,1
U,2026-05-28,382367,39598,27
INSM,2026-05-21,0,454000,1
DASH,2026-05-23,0,0,1
XOM,2026-05-23,0,0,1
TTWO,2026-05-26,522720,0,7
LYFT,2026-05-22,98175,11448,3
SMH,2026-05-29,504877,1757654,96
XLF,2026-05-26,966223,321408,14
MULL,2026-05-22,0,0,1
TDG,2026-05-27,0,0,1
OKTA,2026-05-27,583975,99090,23
UPST,2026-05-29,485699,86105,8
CMPS,2026-05-28,0,0,1
RACE,2026-05-22,0,0,2
ISRG,2026-05-20,52750,64120,3
FITB,2026-05-27,0,0,1
VRSN,2026-05-26,0,0,1
KKR,2026-05-22,0,143969,1
ORKA,2026-05-21,0,51560,3
Q,2026-05-21,13250,0,3
RH,2026-05-23,21168,0,2
EDIT,2026-05-27,218790,0,1
BILI,2026-05-20,206140,0,2
ADEA,2026-05-26,57200,0,2
GS,2026-05-21,2982545,354731,35
CROX,2026-05-29,390980,11610,5
HLIT,2026-05-22,150392,0,6
APO,2026-05-22,0,488400,4
THC,2026-05-22,114495,33840,12
IONQ,2026-05-26,370467,0,15
GRPN,2026-05-22,37800,0,2
UVIX,2026-05-20,0,45360,4
CLF,2026-05-21,51119,0,1
AMG,2026-05-28,111020,0,1
SYY,2026-05-28,19190,0,7
C,2026-05-23,0,0,2
ORCL,2026-05-26,1134511,500725,17
AAOX,2026-05-27,0,782624,2
DLTR,2026-05-21,0,11700,2
LNG,2026-05-21,0,0,1
TMF,2026-05-21,37450,12180,8
NIO,2026-05-26,24999,0,6
HON,2026-05-20,511763,0,4
MRNA,2026-05-29,138578,164236,27
AUR,2026-05-22,0,0,1
YETI,2026-05-20,27360,0,2
ENTG,2026-05-22,53125,22490,8
W,2026-05-21,5328845,0,15
ARM,2026-05-26,837342,1135537,32
GOOG,2026-05-22,2589097,1567814,20
ANF,2026-05-26,0,159337,7
WTW,2026-05-21,0,0,1
VOO,2026-05-29,241230,0,3
SOLS,2026-05-22,0,87500,1
PUBM,2026-05-23,0,0,1
DE,2026-05-28,54700,0,3
MARS,2026-05-23,0,0,1
EFA,2026-05-26,86480,0,1
AM,2026-05-28,15878,0,1
BE,2026-05-29,6735680,2847686,47
TLRY,2026-05-21,18962,0,1
KLIC,2026-05-21,0,0,1
MU,2026-05-21,26140093,6625752,179
HOOD,2026-05-29,11741802,8150192,108
DRAM,2026-05-27,4815243,342665,88
SOC,2026-05-23,253080,0,2
GPC,2026-05-22,100000,0,1
SOLS,2026-05-28,292143,0,2
TSEM,2026-05-22,0,54273,2
PI,2026-05-26,0,0,1
SPXL,2026-05-27,0,12985,2
AVGO,2026-05-23,368680,0,8
NBIS,2026-05-21,3018371,3951094,184
NOV,2026-05-27,55000,0,1
CRH,2026-05-22,62320,0,1
SGHC,2026-05-19,500573,0,8
SYK,2026-05-27,175200,0,1
DVY,2026-05-23,14700,0,3
DVN,2026-05-20,80835,187000,13
ALGN,2026-05-22,128468,0,4
AMAT,2026-05-27,416355,279739,14
XNDU,2026-05-28,0,0,2
UVXY,2026-05-26,32828,0,1
FLYW,2026-05-27,26786,0,5
ERIC,2026-05-27,32480,30177,4
AMN,2026-05-20,0,0,1
NET,2026-05-28,271247,184306,6
BTDR,2026-05-21,48050,78125,7
B,2026-05-23,0,210001,3
FLEX,2026-05-21,10250,0,4
HUM,2026-05-26,0,299770,3
CF,2026-05-22,43010,710333,15
SARO,2026-05-19,0,0,2
SHLS,2026-05-26,30000,0,1
SMR,2026-05-29,266001,21337,13
GLNG,2026-05-26,71790,0,5
HIMS,2026-05-26,2354257,0,13
UMC,2026-05-20,0,0,3
TDY,2026-05-21,0,0,2
GOOGL,2026-05-29,358589,4863613,19
CNC,2026-05-22,220320,384780,6
MTZ,2026-05-26,0,0,1
CENX,2026-05-23,0,0,3
FWDI,2026-05-20,22303,0,2
VSCO,2026-05-27,0,0,1
QBTS,2026-05-28,2489488,294717,57
COHR,2026-05-26,0,0,4
SLS,2026-05-22,53925,25791,12
IFF,2026-05-27,34660,0,1
FRPT,2026-05-20,0,0,1
ALGN,2026-05-28,10133,11900,8
ADP,2026-05-20,0,0,1
BAND,2026-05-22,0,0,2
INV,2026-05-22,33504,0,4
ASTS,2026-05-28,3636693,1083451,132
GPN,2026-05-26,0,0,1
GLD,2026-05-27,1761369,4924011,103
COLM,2026-05-27,11340,0,1
SJM,2026-05-22,0,0,1
IEF,2026-05-20,20995,6043753,5
TSEM,2026-05-21,166084,0,4
BRO,2026-05-26,0,0,3
KNSL,2026-05-22,53961,0,1
ARQQ,2026-05-21,33980,0,1
FIVN,2026-05-21,47405,0,6
TWST,2026-05-27,17940,0,1
ALLY,2026-05-28,36750,0,1
KYIV,2026-05-23,0,0,1
HLT,2026-05-29,0,0,2
UVXY,2026-05-20,10746,0,2
SMTC,2026-05-28,214030,112021,9
LRCX,2026-05-22,1265210,232040,19
AMC,2026-05-27,42340,0,3
PM,2026-05-28,0,0,1
YINN,2026-05-22,81906,0,7
DVA,2026-05-26,0,0,2
DJT,2026-05-28,10125,0,1
BLZE,2026-05-23,18330,0,1
UEC,2026-05-21,99750,135314,7
MOV,2026-05-28,57139,0,2
GWW,2026-05-21,292990,0,1
ACN,2026-05-27,97180,0,3
AAP,2026-05-23,142160,148195,8
MCHP,2026-05-20,1352218,0,13
CELH,2026-05-26,33660,0,8
NICE,2026-05-27,18250,0,1
PONY,2026-05-26,29717,0,2
PINS,2026-05-19,209035,91954,4
NTAP,2026-05-26,583314,0,4
USAR,2026-05-19,54272,0,9
ADBE,2026-05-23,78755,0,6
COHR,2026-05-20,154740,58400,7
LI,2026-05-21,13800,24600,7
BRUN,2026-05-20,0,85250,1
LLY,2026-05-28,3184269,1280405,15
FSLR,2026-05-26,2324272,98213,16
RH,2026-05-20,76502,0,4
ALGN,2026-05-23,0,78855,5
XLP,2026-05-28,0,0,1
ETHA,2026-05-23,98047,28886,19
ADI,2026-05-26,369450,0,4
GBTC,2026-05-28,0,0,1
SMH,2026-05-28,1097282,2748388,44
REPL,2026-05-20,29001,0,1
BCE,2026-05-21,0,105650,7
SQQQ,2026-05-28,32242,0,8
PTC,2026-05-28,0,0,1
F,2026-05-28,573737,54990,20
PZZA,2026-05-23,0,0,1
ACHR,2026-05-29,0,0,3
TSEM,2026-05-23,0,24400,1
BABA,2026-05-19,1591234,53200,17
GSIT,2026-05-26,0,0,2
UCTT,2026-05-22,0,0,1
UFO,2026-05-27,60250,25560,8
DUOT,2026-05-28,23995,0,3
CRDO,2026-05-29,752363,0,20
IYJ,2026-05-27,0,11701,1
OIH,2026-05-21,14420,0,1
DLTR,2026-05-22,0,0,4
MANU,2026-05-27,0,0,1
DHR,2026-05-22,0,308081,4
QCOM,2026-05-21,6362780,1154949,57
MOH,2026-05-20,11200,0,3
LRCX,2026-05-20,3247829,375805,19
COIN,2026-05-23,369595,780981,61
CSIQ,2026-05-21,0,29834,1
AEHR,2026-05-28,0,65520,3
CP,2026-05-27,112686,0,1
RCL,2026-05-26,0,53070,4
LTRX,2026-05-29,30371,0,3
UNM,2026-05-22,11210,0,1
DDOG,2026-05-22,655063,308556,12
UAL,2026-05-20,1453374,1094238,36
CIBR,2026-05-20,22049,0,1
FTAI,2026-05-22,75380,114860,5
IMUX,2026-05-20,0,0,1
AVEX,2026-05-21,0,0,1
DELL,2026-05-21,1166314,218020,12
APA,2026-05-19,0,0,3
PTON,2026-05-28,14756,0,2
NEM,2026-05-28,121824,0,5
HUMA,2026-05-21,30500,0,3
PR,2026-05-22,0,0,4
TRGP,2026-05-27,0,105490,1
CRSR,2026-05-26,0,36540,1
FMS,2026-05-20,0,0,1
AMRC,2026-05-28,46200,0,1
KNX,2026-05-22,84240,0,2
DVN,2026-05-21,559110,0,8
WRD,2026-05-22,0,0,1
OSCR,2026-05-23,51445,0,2
WGS,2026-05-29,55000,0,1
OZK,2026-05-22,0,32320,1
BTDR,2026-05-22,147032,0,7
SPGI,2026-05-28,0,52410,1
DLTR,2026-05-28,146969,230935,11
WYY,2026-05-26,0,16150,1
ACM,2026-05-27,60420,0,1
TSCO,2026-05-22,53239,35600,4
PAAS,2026-05-22,24300,0,3
CMTL,2026-05-27,19000,0,1
ANET,2026-05-23,0,0,3
HPQ,2026-05-23,181535,26125,8
FCX,2026-05-22,276912,0,12
SPIR,2026-05-28,205050,0,2
FRVO,2026-05-28,0,0,1
AMKR,2026-05-26,931143,0,13
P,2026-05-20,234000,0,2
UVXY,2026-05-21,16200,0,6
BIDU,2026-05-26,218623,24070,10
UBER,2026-05-22,186956,210636,7
FCEL,2026-05-19,500033,0,10
BNO,2026-05-19,213466,0,6
ONON,2026-05-26,220280,0,2
W,2026-05-26,516280,0,8
ZIM,2026-05-23,0,13301,2
BURL,2026-05-20,45440,0,11
APTV,2026-05-26,43325,0,1
XOP,2026-05-19,0,171111,8
BTQ,2026-05-22,32500,0,2
MSTR,2026-05-20,1001035,1375840,39
AEM,2026-05-26,0,84260,3
HSY,2026-05-22,0,105708,4
MCD,2026-05-20,364147,0,8
BKSY,2026-05-26,468350,0,3
RL,2026-05-28,168180,59365,3
CNC,2026-05-26,69886,0,2
ABT,2026-05-28,0,74670,1
SE,2026-05-28,0,0,2
FRVO,2026-05-29,0,0,3
XLV,2026-05-27,41349,69046,5
SHAK,2026-05-20,0,0,1
SLS,2026-05-19,112153,0,4
S,2026-05-29,792012,452737,45
MRCY,2026-05-20,0,56160,1
AUR,2026-05-27,0,0,1
RDDT,2026-05-27,953901,164420,52
NEXT,2026-05-20,29520,0,3
LEN,2026-05-26,0,0,2
PGY,2026-05-21,0,201930,3
NUE,2026-05-21,0,0,3
EL,2026-05-20,0,15930,4
BLLN,2026-05-22,10000,23000,2
RFIL,2026-05-20,0,0,1
MRAM,2026-05-20,0,68882,8
VELO,2026-05-20,109906,0,3
PCT,2026-05-22,0,0,26
URA,2026-05-28,36550,127546,5
UTI,2026-05-21,14439,0,1
QCOM,2026-05-23,4757471,862365,42
CVE,2026-05-26,0,0,1
JBL,2026-05-28,137800,0,1
AR,2026-05-26,170654,500000,6
GAP,2026-05-21,0,91427,5
HNRG,2026-05-22,62400,0,1
TSSI,2026-05-22,0,0,1
HOG,2026-05-19,0,16755,1
NTAP,2026-05-27,64200,0,2
SKM,2026-05-26,20801,0,4
OUST,2026-05-26,588197,0,17
IAU,2026-05-27,307920,0,1
DDOG,2026-05-21,410465,1950515,12
BCRX,2026-05-27,42079,0,3
XYL,2026-05-28,0,0,2
PJT,2026-05-20,0,197750,1
BLX,2026-05-22,12000,0,1
BIDU,2026-05-21,143562,0,11
CLSK,2026-05-26,836267,20832,27
AFRM,2026-05-29,264100,1051146,9
SMH,2026-05-22,3102503,2550980,87
PSKY,2026-05-20,568323,0,5
LPTH,2026-05-22,82157,0,5
RBLX,2026-05-28,0,95552,6
JBL,2026-05-20,248820,0,4
MTUM,2026-05-19,0,999431,7
PANW,2026-05-27,359895,198360,14
NOC,2026-05-19,311162,0,3
VTI,2026-05-20,195138,0,2
SMTC,2026-05-19,172902,0,3
MP,2026-05-26,284499,0,3
THC,2026-05-27,54180,0,1
TMUS,2026-05-20,0,100320,1
AAOI,2026-05-29,314238,228784,30
GEV,2026-05-27,0,82550,2
RILY,2026-05-26,0,0,1
SMCX,2026-05-26,19200,0,3
TUR,2026-05-22,180000,11605,4
GSIT,2026-05-22,10000,0,2
NASA,2026-05-20,10640,0,2
IGV,2026-05-20,109745,17020,28
JPM,2026-05-19,0,299445,2
ALM,2026-05-22,11288,0,2
FIG,2026-05-19,150728,80000,23
ASST,2026-05-28,13350,0,4
CRWD,2026-05-29,6361681,961712,37
WULF,2026-05-22,40171,156909,16
TECL,2026-05-28,76160,0,2
TPR,2026-05-20,48590,11730,3
ARKK,2026-05-23,0,314126,5
WULF,2026-05-27,788977,95630,28
FE,2026-05-23,35800,0,2
U,2026-05-22,102554,13650,10
TSEM,2026-05-20,255276,43790,13
AGNC,2026-05-21,0,0,2
PAGP,2026-05-22,142448,77815,4
PENG,2026-05-22,319830,0,6
XLF,2026-05-20,837895,0,22
TKO,2026-05-21,560231,0,1
XRT,2026-05-28,0,48470,8
CHDN,2026-05-26,0,0,4
IRDM,2026-05-22,0,0,2
BNY,2026-05-27,59250,0,4
BAC,2026-05-27,122022,247932,6
TXRH,2026-05-23,49050,0,2
ZTS,2026-05-20,250315,0,7
ARES,2026-05-20,85150,0,2
AMGN,2026-05-28,0,0,1
HL,2026-05-20,46377,0,6
EC,2026-05-27,130000,0,4
NOC,2026-05-26,81419,0,2
OIH,2026-05-23,0,0,2
LQDA,2026-05-21,119440,0,4
DAL,2026-05-19,214900,81573,16
AA,2026-05-28,205345,258630,8
GEHC,2026-05-27,290050,0,1
PODD,2026-05-22,0,0,3
INTU,2026-05-29,252840,86400,4
LAD,2026-05-28,34000,0,1
BROS,2026-05-22,0,0,2
UMAC,2026-05-28,453357,366544,34
ENS,2026-05-21,0,0,1
DT,2026-05-19,0,0,2
FJET,2026-05-28,0,0,1
ON,2026-05-22,309619,7587625,34
TAN,2026-05-26,220180,0,4
KSS,2026-05-19,0,14340,1
SLB,2026-05-23,64000,0,2
T,2026-05-22,0,85725,3
RIG,2026-05-19,130128,95535,14
HL,2026-05-21,51030,75301,6
HYLN,2026-05-26,93765,0,3
INTU,2026-05-28,0,283970,4
DVN,2026-05-28,489311,0,19
NTAP,2026-05-29,168416,206950,15
LHX,2026-05-27,0,0,1
SOLS,2026-05-23,598680,0,10
PINS,2026-05-28,27170,35584,5
TTAN,2026-05-27,0,0,3
TNA,2026-05-20,0,0,2
CR,2026-05-22,284000,0,2
TTWO,2026-05-27,560469,728156,13
BTU,2026-05-22,485297,0,11
LVS,2026-05-21,41085,0,2
LNG,2026-05-20,52920,0,1
RKLB,2026-05-22,3997922,378465,48
MS,2026-05-27,0,0,2
ARCC,2026-05-22,39716,0,2
DAC,2026-05-28,15400,0,2
LLY,2026-05-23,321385,1353265,6
AVGO,2026-05-20,4679386,750001,27
CMG,2026-05-26,0,744668,6
KR,2026-05-23,16660,24499,6
MRVL,2026-05-28,4246442,2054479,91
HIMS,2026-05-23,12501,28630,5
AMPG,2026-05-23,0,0,2
KTB,2026-05-22,13948,0,1
UNP,2026-05-28,968047,233505,9
CRWD,2026-05-21,11219646,166004,23
VGT,2026-05-27,73500,0,1
GLXY,2026-05-26,759720,0,7
LMT,2026-05-20,728357,0,3
ASHR,2026-05-27,0,12544,1
AMKR,2026-05-19,12600,567311,12
AXON,2026-05-27,0,130200,4
FTXL,2026-05-20,0,0,1
STZ,2026-05-22,18150,107900,4
SMH,2026-05-21,3078837,961243,54
DKS,2026-05-20,285600,0,1
GRAB,2026-05-28,11200,0,1
WAL,2026-05-22,0,0,1
RXT,2026-05-21,18810,0,2
TTD,2026-05-26,61900,0,5
RIG,2026-05-26,14022,158484,5
RELL,2026-05-20,10295,0,3
NUE,2026-05-20,122760,0,4
HIMX,2026-05-26,206295,0,4
ELAN,2026-05-26,212443,0,6
GOOGL,2026-05-23,2904758,3389726,20
TQQQ,2026-05-29,2936531,403820,68
MSTR,2026-05-22,1823846,2834698,47
LVS,2026-05-23,0,18750,1
A,2026-05-29,121080,0,7
GE,2026-05-26,150480,0,3
TEVA,2026-05-26,286744,0,2
FN,2026-05-21,0,0,1
EAT,2026-05-20,14300,10710,3
HSY,2026-05-21,26970,0,4
SLV,2026-05-20,4246517,3487858,207
TFIN,2026-05-27,0,0,1
GRPN,2026-05-26,449007,0,7
CLX,2026-05-20,67716,11800,4
SERV,2026-05-26,12600,0,1
BSOL,2026-05-22,12500,0,1
AVAV,2026-05-26,150440,0,2
DHR,2026-05-20,293984,61881,5
DUK,2026-05-27,0,54560,1
ASND,2026-05-29,0,220611,40
BTG,2026-05-28,0,0,1
GWW,2026-05-28,0,121550,1
MEI,2026-05-23,10415,0,1
BMRN,2026-05-22,133049,0,7
PSFE,2026-05-21,0,13078,1
TLN,2026-05-23,264860,323400,3
MTUM,2026-05-26,195389,0,13
EWZ,2026-05-26,325544,0,4
OII,2026-05-21,0,55800,1
CPER,2026-05-20,252470,242350,5
ARM,2026-05-20,4076239,1904048,82
ADI,2026-05-19,0,78700,5
SN,2026-05-21,714960,0,7
NVDA,2026-05-20,43336493,13167887,274
PAYX,2026-05-19,0,22750,4
ARKK,2026-05-29,432369,253345,16
RXT,2026-05-27,58158,0,3
AES,2026-05-22,0,0,1
SHOP,2026-05-27,0,685125,1
QS,2026-05-21,194873,0,6
ALLT,2026-05-28,0,0,1
NTSK,2026-05-28,0,0,1
MCHP,2026-05-23,0,0,2
SKM,2026-05-21,51460,0,1
AMZN,2026-05-23,459570,710605,15
VG,2026-05-27,656676,0,4
STUB,2026-05-21,25408,0,2
ATKR,2026-05-22,66659,0,2
NCLH,2026-05-21,39640,25373,5
EMR,2026-05-28,123978,103210,2
GT,2026-05-20,0,0,1
OWL,2026-05-28,0,61320,2
DDOG,2026-05-27,212040,384796,5
S,2026-05-19,85772,0,4
IOT,2026-05-19,0,145042,2
XMTR,2026-05-20,96307,0,1
VSAT,2026-05-26,676189,0,2
WYFI,2026-05-22,343821,0,6
FIVN,2026-05-22,30019,0,4
TSSI,2026-05-29,10140,0,1
DAVA,2026-05-21,0,0,1
MVST,2026-05-23,11200,0,1
XBI,2026-05-29,0,78064,7
UUUU,2026-05-26,348876,0,6
EAT,2026-05-28,84452,0,1
BLDP,2026-05-20,244831,0,8
TFC,2026-05-22,0,99480,1
MOS,2026-05-19,24310,0,4
EMN,2026-05-27,707810,0,3
FCEL,2026-05-29,121958,131535,4
VEEV,2026-05-27,0,131200,2
UAMY,2026-05-26,1299850,0,2
EXC,2026-05-21,0,0,1
ESI,2026-05-21,0,1274910,1
MS,2026-05-23,0,104451,4
UNH,2026-05-28,746193,694683,10
LULU,2026-05-28,45115,108410,14
GLW,2026-05-20,943047,55170,10
CPER,2026-05-21,122201,0,2
AGI,2026-05-22,0,0,1
LWLG,2026-05-21,64181,14700,4
TSCO,2026-05-28,0,12540,3
NKE,2026-05-23,147384,370696,3
MRK,2026-05-28,0,316895,3
DAR,2026-05-19,0,0,2
SYM,2026-05-21,36356,0,2
PEP,2026-05-20,290880,0,1
CCEP,2026-05-28,30135,0,1
MEOH,2026-05-29,0,336000,1
KHC,2026-05-22,58824,0,1
UPWK,2026-05-26,0,14850,1
SE,2026-05-21,169915,127217,28
TOL,2026-05-20,286439,0,5
ETSY,2026-05-20,32134,30184,4
SPXL,2026-05-28,11760,100800,5
BAND,2026-05-23,29600,0,1
VLTO,2026-05-20,0,155545,6
OLLI,2026-05-28,27600,0,2
PBR,2026-05-23,0,136395,1
BTG,2026-05-27,10780,0,1
DLLL,2026-05-26,0,0,1
LYB,2026-05-28,0,85680,2
NTLA,2026-05-28,0,0,1
GO,2026-05-21,0,0,1
AMD,2026-05-21,13466548,2844470,120
JBS,2026-05-21,0,46087,4
MRLN,2026-05-28,0,0,1
PAAS,2026-05-27,0,26000,4
CRVS,2026-05-22,13305,0,1
AIG,2026-05-19,10405,0,1
WWD,2026-05-23,0,0,1
LEU,2026-05-22,255939,165886,6
SM,2026-05-22,16839,0,1
HUMA,2026-05-23,12300,0,1
JETS,2026-05-23,64818,0,5
CVS,2026-05-29,99760,106050,8
UAA,2026-05-26,0,13500,1
DRIP,2026-05-27,0,13000,1
UHS,2026-05-22,17000,0,2
TT,2026-05-26,0,0,1
WPM,2026-05-22,0,54000,1
TKR,2026-05-28,0,108000,1
JD,2026-05-27,152296,0,3
HYLN,2026-05-29,22550,0,3
CHH,2026-05-21,104759,0,1
NVDL,2026-05-20,282678,0,6
ARW,2026-05-26,0,0,1
KRE,2026-05-21,620345,306306,27
PLNT,2026-05-28,32565,0,3
DOW,2026-05-27,56048,39860,4
ELAN,2026-05-28,0,0,4
HLIT,2026-05-27,122760,0,8
OSS,2026-05-26,15653,0,1
IESC,2026-05-27,259350,0,1
CL,2026-05-26,71665,0,1
INV,2026-05-19,14280,33041,3
AMC,2026-05-22,11700,0,2
BKSY,2026-05-23,0,0,2
L,2026-05-22,46745,0,3
VUZI,2026-05-22,16840,0,2
COR,2026-05-28,0,0,1
KEEL,2026-05-21,377353,101616,13
VRRM,2026-05-28,11250,0,1
CLBT,2026-05-26,15995,0,2
ABVX,2026-05-28,277520,10100,12
AAPL,2026-05-21,4886421,7262651,60
HUM,2026-05-19,104000,43660,11
PENG,2026-05-23,125936,0,4
VSCO,2026-05-28,0,0,1
NBIS,2026-05-22,877208,2383340,147
BLK,2026-05-26,82820,0,1
EXE,2026-05-21,79200,345800,3
RMD,2026-05-28,0,0,1
SMCI,2026-05-29,2673968,201349,95
ACLS,2026-05-27,0,0,2
KDP,2026-05-20,53475,0,2
SILJ,2026-05-23,0,0,2
LION,2026-05-22,0,0,1
EQX,2026-05-21,0,0,2
AA,2026-05-20,178664,0,6
VELO,2026-05-26,66000,0,1
IRM,2026-05-28,114150,0,2
EWG,2026-05-21,0,0,2
NXDR,2026-05-27,0,0,1
VSH,2026-05-22,0,0,1
ESLT,2026-05-27,130000,0,2
SVIX,2026-05-29,0,0,3
GFS,2026-05-27,1054418,68435,13
SOLT,2026-05-23,0,0,1
DE,2026-05-19,151990,123960,3
STLA,2026-05-27,0,24750,4
LPLA,2026-05-28,12000,0,1
SEZL,2026-05-28,214899,0,9
LIN,2026-05-28,218911,516508,6
CRMG,2026-05-28,0,0,1
XLE,2026-05-26,1574882,326089,31
BRUN,2026-05-21,0,248270,7
LITX,2026-05-21,12000,0,1
EWJ,2026-05-28,11250,0,2
FIG,2026-05-23,318356,0,4
VICR,2026-05-19,21840,22960,7
CNR,2026-05-23,0,187500,1
BELFB,2026-05-26,0,0,1
WYNN,2026-05-23,0,0,6
GILT,2026-05-23,88070,0,3
AMPG,2026-05-22,111781,0,10
META,2026-05-19,1029420,1722225,37
AMZN,2026-05-21,4943170,11235931,43
DELL,2026-05-23,823708,441594,23
ROIV,2026-05-20,26122,34354,5
BL,2026-05-22,603359,0,3
XNDU,2026-05-26,46670,15990,5
DKNG,2026-05-19,35860,0,5
INTC,2026-05-29,9029737,347422,21
MCK,2026-05-26,0,0,1
NVTS,2026-05-29,102449,11440,12
POET,2026-05-29,1187787,110116,26
DOCN,2026-05-28,0,125580,2
CRML,2026-05-27,65313,0,7
ALK,2026-05-27,69840,14260,7
RBA,2026-05-29,28229,0,2
WING,2026-05-19,0,0,2
CXDO,2026-05-27,20189,0,1
TOST,2026-05-22,0,21242,2
ARRY,2026-05-19,0,37500,1
MSTR,2026-05-28,3137046,726579,22
DOCN,2026-05-22,50235,0,3
VSH,2026-05-28,694718,0,5
PFE,2026-05-26,57015,0,1
TLN,2026-05-22,18200,0,3
KOPN,2026-05-21,0,0,1
PAR,2026-05-20,25950,0,3
MTZ,2026-05-20,189280,0,4
ROKU,2026-05-21,15538,57675,6
GETY,2026-05-20,75000,0,3
ANF,2026-05-21,34050,22000,4
SQQQ,2026-05-29,213131,48089,14
UMC,2026-05-19,247400,63210,3
MDLZ,2026-05-27,0,0,1
DPRO,2026-05-28,85010,0,3
PPL,2026-05-28,0,0,1
TLN,2026-05-21,0,0,2
TTD,2026-05-22,65575,219145,5
DG,2026-05-21,59423,0,6
PEN,2026-05-28,0,84330,6
DIS,2026-05-20,742401,0,2
FIS,2026-05-19,0,0,2
DAVE,2026-05-23,872049,83235,4
RBRK,2026-05-26,225667,0,11
SATS,2026-05-20,202005,25841,21
BOX,2026-05-27,0,71121,5
TYRA,2026-05-20,14500,0,1
ASTX,2026-05-22,0,0,2
BZAI,2026-05-20,16875,0,1
XOVR,2026-05-26,0,0,2
PDD,2026-05-26,204663,149048,9
WFC,2026-05-22,142596,52523,4
ELAN,2026-05-21,15707,0,1
DT,2026-05-27,0,20305,1
ADSK,2026-05-21,0,0,1
WFC,2026-05-27,50698,737835,7
EFX,2026-05-26,109889,0,1
DIS,2026-05-27,0,0,1
AVEX,2026-05-20,0,0,1
APPF,2026-05-19,48993,0,2
CVLT,2026-05-27,14720,0,1
NEXT,2026-05-23,10000,0,1
CVS,2026-05-23,0,67166,2
BMNR,2026-05-26,1037539,45274,14
VIK,2026-05-23,0,63660,1
PR,2026-05-19,23629,0,1
ETHA,2026-05-29,32240,493452,18
EFX,2026-05-27,32370,0,1
BRZE,2026-05-27,0,51780,5
FUTU,2026-05-21,0,269616,27
ANET,2026-05-20,246154,0,5
TROX,2026-05-23,0,0,1
MSFT,2026-05-20,2367336,1727955,44
QTUM,2026-05-21,128470,0,12
SAIL,2026-05-27,0,0,1
INV,2026-05-20,145462,0,3
CLS,2026-05-27,0,16800,3
PAGP,2026-05-21,0,0,1
KRP,2026-05-22,0,17625,1
ALLY,2026-05-20,20720,0,2
AAOI,2026-05-20,266456,48698,27
FLUT,2026-05-19,0,0,3
LEVI,2026-05-22,0,34255,1
MT,2026-05-22,11475,0,1
CRM,2026-05-21,963961,693855,28
WGS,2026-05-20,73670,0,2
WING,2026-05-28,21830,0,1
ISRG,2026-05-27,117250,80490,3
SMCI,2026-05-28,4326497,171308,177
HCC,2026-05-26,171607,0,4
GWW,2026-05-27,0,86500,1
ARCT,2026-05-27,0,0,1
CRML,2026-05-28,1414810,183600,13
AR,2026-05-27,0,132000,1
ONTO,2026-05-26,0,0,1
USAR,2026-05-21,321996,65250,20
BX,2026-05-19,1105319,186606,5
IAG,2026-05-20,33988,0,1
URBN,2026-05-23,30800,82030,2
DKS,2026-05-28,0,152560,3
EXK,2026-05-23,56960,0,1
XLU,2026-05-22,0,0,2
BALL,2026-05-28,26255,0,2
UAL,2026-05-28,5624201,97460,29
GTES,2026-05-28,0,0,1
AAL,2026-05-19,126132,275561,15
OSCR,2026-05-27,0,42630,1
SNPS,2026-05-27,1002938,252925,6
CPSH,2026-05-28,153620,0,4
LULU,2026-05-27,580708,184529,38
NXPI,2026-05-19,344439,0,3
TD,2026-05-28,83085,0,1
FDX,2026-05-22,0,544705,3
GOOGL,2026-05-22,1889284,2091825,25
SYM,2026-05-20,16100,0,1
TSCO,2026-05-20,80004,0,3
APO,2026-05-29,219838,0,2
RIVN,2026-05-20,742247,145444,15
ALB,2026-05-23,0,38315,3
XNET,2026-05-27,18699,0,1
SU,2026-05-21,0,0,1
ZETA,2026-05-27,495858,48790,6
ASTS,2026-05-26,5637796,323393,194
CBRS,2026-05-19,2044051,145170,32
UMAC,2026-05-21,37360,0,2
SPX,2026-05-26,19801278,2647170,34
ESLT,2026-05-29,366159,0,2
DASH,2026-05-20,192592,0,4
FIGR,2026-05-28,21740,105725,8
GSAT,2026-05-28,1173027,0,41
DOCU,2026-05-20,96594,0,4
DT,2026-05-22,134830,0,2
MPWR,2026-05-27,0,260630,2
GFS,2026-05-29,178976,0,23
AXP,2026-05-22,62405,168002,2
STUB,2026-05-26,0,0,1
BNY,2026-05-28,43314,0,3
MPC,2026-05-26,171578,0,3
GRMN,2026-05-27,77970,0,1
SBSW,2026-05-19,0,0,2
CZR,2026-05-22,16910,0,2
SNDU,2026-05-29,0,0,1
CCOI,2026-05-21,11000,0,1
TCOM,2026-05-23,23554,77620,13
BWXT,2026-05-26,91350,0,1
HIMX,2026-05-20,130000,0,3
USB,2026-05-26,0,0,1
SPGI,2026-05-27,192510,0,1
ADI,2026-05-27,55480,0,1
BHC,2026-05-23,43550,0,1
UUUU,2026-05-28,0,14982,2
PSNL,2026-05-26,0,0,1
RVMD,2026-05-28,32420,83375,3
ULTA,2026-05-21,25330,21800,4
VECO,2026-05-22,44700,36877,5
XLY,2026-05-19,23356,35050,3
WFC,2026-05-26,0,0,9
BW,2026-05-26,14402,55550,3
VZ,2026-05-22,59908,285510,4
CRDO,2026-05-27,188853,128860,31
GENI,2026-05-19,12000,0,3
HLIT,2026-05-23,97586,0,9
KLAC,2026-05-22,0,0,1
CMG,2026-05-29,69784,14715,9
BTU,2026-05-28,0,0,5
RIO,2026-05-27,0,0,3
UBS,2026-05-26,0,135112,1
HUBB,2026-05-26,0,0,1
SMTC,2026-05-26,1549256,280040,24
DT,2026-05-23,234082,0,4
TNA,2026-05-23,0,28090,1
ZM,2026-05-27,943225,107580,28
BABA,2026-05-28,444237,538760,62
MDB,2026-05-19,97630,130235,23
ARKG,2026-05-27,61969,0,4
LIN,2026-05-22,237550,484522,10
ASAN,2026-05-21,0,19695,1
NVDA,2026-05-26,18822671,3533625,134
TLN,2026-05-19,15060,0,4
TOL,2026-05-19,21000,0,1
FDX,2026-05-27,80970,0,3
PPSI,2026-05-21,11994,0,1
SBET,2026-05-20,16500,0,1
WGO,2026-05-28,0,25848,2
TECL,2026-05-19,12330,0,2
KBWB,2026-05-26,0,0,2
CB,2026-05-28,69760,99000,3
VCTR,2026-05-20,0,0,1
SG,2026-05-28,72500,20250,3
TECL,2026-05-27,335100,0,5
HYG,2026-05-23,0,17394,1
NMAX,2026-05-22,0,0,1
AUR,2026-05-28,0,0,1
CRCL,2026-05-29,2833717,375257,65
RKLX,2026-05-23,0,46000,1
OILK,2026-05-21,0,0,1
XLK,2026-05-19,10689372,247943,21
CAVA,2026-05-29,27520,0,4
POET,2026-05-26,777903,46690,43
INTU,2026-05-26,916647,50492,9
SKLZ,2026-05-20,19125,0,1
TGT,2026-05-20,198151,440867,21
VIAV,2026-05-22,376238,124720,10
RIO,2026-05-23,0,0,1
EXPD,2026-05-22,10340,0,3
CAR,2026-05-22,982770,28200,38
ADP,2026-05-22,0,164220,2
MDB,2026-05-20,44845,0,10
MRVL,2026-05-27,5562233,2437770,44
GIS,2026-05-20,57760,0,1
XOMA,2026-05-21,0,0,1
IBIT,2026-05-23,73086,785901,18
PCT,2026-05-21,0,0,2
SQQQ,2026-05-21,929909,37023,31
CSCO,2026-05-23,1874105,0,9
AA,2026-05-21,33350,19866,4
MRVL,2026-05-20,6047187,3125219,77
MNDY,2026-05-20,0,0,1
MCD,2026-05-26,436316,0,2
RUN,2026-05-22,109057,155164,9
EL,2026-05-27,27823,42057,3
ZETA,2026-05-22,0,258216,4
LASR,2026-05-23,0,0,2
NVTS,2026-05-21,1479200,46541,44
LOGI,2026-05-19,0,0,1
OWL,2026-05-21,39845,0,3
AUR,2026-05-21,16115,0,1
AMCR,2026-05-21,0,33625,2
PURR,2026-05-21,237029,0,8
NLY,2026-05-20,24822,0,2
BLK,2026-05-27,0,96760,3
SVIX,2026-05-23,0,0,2
HUM,2026-05-21,399436,111550,15
ASTS,2026-05-19,1308748,782083,92
APA,2026-05-20,71283,0,5
RITM,2026-05-20,0,12949,1
ZG,2026-05-28,0,10370,1
ETOR,2026-05-23,87230,0,1
GMAB,2026-05-23,11000,0,1
VST,2026-05-28,81855,0,4
ALKT,2026-05-20,0,37665,1
APD,2026-05-21,202497.5,0,2
GLXY,2026-05-28,0,204510,5
ARHS,2026-05-22,36521,0,3
MDB,2026-05-27,70500,90919,10
SYF,2026-05-20,0,52654,3
RYAM,2026-05-21,0,12500,1
ASPN,2026-05-27,0,0,1
SATS,2026-05-26,322404,144060,16
HLT,2026-05-28,0,0,2
SKY,2026-05-27,0,0,1
PGY,2026-05-29,0,18620,3
BTU,2026-05-19,0,0,1
TDOC,2026-05-19,76320,0,3
GME,2026-05-19,34118,83952,7
SEDG,2026-05-23,0,23000,4
KO,2026-05-26,54860,235960,2
TNL,2026-05-28,34560,0,1
APO,2026-05-23,0,0,1
HOOD,2026-05-27,465090,1154820,7
CEVA,2026-05-22,0,0,1
HUM,2026-05-20,42480,0,5
MP,2026-05-19,0,0,6
XLK,2026-05-26,885574,120000,16
UCO,2026-05-19,123530,36490,11
FRMI,2026-05-19,147000,222020,5
KNX,2026-05-28,220000,0,1
GLD,2026-05-22,2182662,626157,105
ZS,2026-05-23,583258,414642,23
MXL,2026-05-29,392670,150483,18
PS,2026-05-28,0,0,3
CBRE,2026-05-20,65360,0,3
MOS,2026-05-22,0,0,4
MNRO,2026-05-28,10395,0,2
HYG,2026-05-29,0,343335,9
EEM,2026-05-27,1149962,139400,19
QCOM,2026-05-22,12854382,1675329,144
CRM,2026-05-26,653692,0,10
CNNE,2026-05-27,76243,0,2
CRH,2026-05-26,0,0,1
GRAB,2026-05-20,0,0,1
AGQ,2026-05-23,49210,0,1
CVS,2026-05-22,0,582801,10
NTR,2026-05-21,0,51940,1
EQNR,2026-05-19,0,0,3
CRDO,2026-05-26,917795,122250,16
IGV,2026-05-26,490161,0,14
CRCL,2026-05-26,1184019,199404,30
XRX,2026-05-19,11862,0,3
MELI,2026-05-20,0,253100,2
NASA,2026-05-29,272235,45890,15
CRWD,2026-05-28,3524510,358000,11
HUM,2026-05-22,16900,0,1
KO,2026-05-19,61000,193645,6
AMZU,2026-05-27,0,11114,1
CORZ,2026-05-29,107505,11340,19
SIRI,2026-05-26,117859,0,5
NXT,2026-05-21,15930,33820,3
VTIP,2026-05-21,0,0,1
BROS,2026-05-28,0,0,3
OUST,2026-05-27,527124,0,7
TQQQ,2026-05-21,3025318,430599,74
PGR,2026-05-22,61440,97200,2
VNO,2026-05-21,0,0,1
ANF,2026-05-22,27300,72447,6
TBT,2026-05-22,0,0,1
ORCL,2026-05-20,317905,4242094,14
V,2026-05-28,171897,882232,4
FLR,2026-05-20,916303,0,2
KEEL,2026-05-29,94050,0,7
COPX,2026-05-28,0,0,1
MAGS,2026-05-27,163820,0,4
CCL,2026-05-29,108381,51757,12
AZO,2026-05-27,0,0,3
HUBS,2026-05-20,799826,0,11
BBWI,2026-05-26,0,41890,1
CRDO,2026-05-20,2733738,77815,13
EUV,2026-05-22,21650,0,2
CAT,2026-05-22,0,208095,8
HYMC,2026-05-20,296571,0,4
VTI,2026-05-26,83740,0,2
MESO,2026-05-27,0,0,1
SMCI,2026-05-23,1398450,371505,57
FTI,2026-05-27,0,400000,2
STZ,2026-05-28,26090,27550,8
XLI,2026-05-22,66644,216945,22
KSS,2026-05-22,27271,0,3
EL,2026-05-21,33550,0,3
KORU,2026-05-26,0,842502,5
Z,2026-05-20,354565,0,4
ODFL,2026-05-28,0,0,1
MXL,2026-05-27,13850,2437569,9
UEC,2026-05-29,0,0,1
SOXS,2026-05-26,694344,88054,47
SWKS,2026-05-22,332915,0,14
GEHC,2026-05-26,0,10000,1
NKLR,2026-05-22,0,0,1
KNX,2026-05-27,59580,110599,3
XLK,2026-05-21,12563,0,7
NKE,2026-05-29,594909,0,12
NAIL,2026-05-20,0,60050,2
PAGP,2026-05-26,13000,27460,5
BKNG,2026-05-20,504504,0,6
PM,2026-05-26,0,0,2
MS,2026-05-26,149928,0,2
ADM,2026-05-20,14220,0,3
HIMX,2026-05-23,138090,0,2
WWW,2026-05-26,0,0,1
GFS,2026-05-22,754625,0,17
TTAN,2026-05-29,169390,11548,5
OI,2026-05-20,0,34636,2
JHX,2026-05-20,22143,0,4
DOC,2026-05-20,0,0,2
EIX,2026-05-21,0,0,1
SILJ,2026-05-20,228022,0,16
DIA,2026-05-22,764003,62620,35
AG,2026-05-27,23191,434903,11
RUN,2026-05-29,27007,0,6
ONTO,2026-05-27,0,0,3
CAH,2026-05-27,26730,58309,2
MPWR,2026-05-22,0,0,1
DOW,2026-05-19,10240,0,2
RDW,2026-05-21,277720,54750,25
EW,2026-05-28,91283,0,2
KLAR,2026-05-22,287150,0,7
UNH,2026-05-26,279668,0,6
INDI,2026-05-23,11250,0,1
WU,2026-05-20,0,0,1
EHC,2026-05-28,0,0,1
ABG,2026-05-28,135600,0,2
BANC,2026-05-22,0,87640,4
REZ,2026-05-22,0,25000,1
XLF,2026-05-28,614674,104657,12
VITL,2026-05-19,0,0,1
MSFT,2026-05-23,1335796,741052,20
CTSH,2026-05-27,0,0,1
ENVX,2026-05-26,0,0,1
NAK,2026-05-20,0,0,1
FRO,2026-05-23,194638,0,3
PCG,2026-05-19,1141530,169738,15
NNE,2026-05-29,118145,18000,4
HSY,2026-05-28,0,0,3
AKAM,2026-05-22,1013534,2428318,8
DGXX,2026-05-21,0,42000,5
TSEM,2026-05-26,790280,38509,7
SIL,2026-05-21,155894,0,4
KORU,2026-05-22,272990,0,3
CPSH,2026-05-29,0,10250,3
RKLB,2026-05-19,989154,72270,18
INFQ,2026-05-20,91941,0,4
CDE,2026-05-19,40974,95900,5
LUNR,2026-05-27,2710305,656928,66
TQQQ,2026-05-20,2276737,426717,84
INDA,2026-05-23,89161,0,5
QUBT,2026-05-21,243125,118246,25
AGQ,2026-05-29,0,0,1
LQD,2026-05-29,32672,11730,6
TQQQ,2026-05-27,2271600,1306834,90
TPR,2026-05-27,0,0,2
CIEN,2026-05-22,0,280930,6
EWT,2026-05-28,192172,21080,6
SJM,2026-05-28,0,0,2
PLAY,2026-05-28,172378,0,4
MSOS,2026-05-22,18000,0,2
RPD,2026-05-20,13414,0,1
HSY,2026-05-19,237542,10165,7
BITO,2026-05-23,0,0,3
CEG,2026-05-22,231770,1180934,3
AGNC,2026-05-26,13632,0,1
OKE,2026-05-20,0,0,2
UEC,2026-05-23,0,14850,2
MELI,2026-05-21,0,0,1
APD,2026-05-26,0,0,1
STM,2026-05-20,479430,0,10
OPEN,2026-05-20,90768,0,9
TEVA,2026-05-21,0,121212,1
ALLT,2026-05-22,11988,0,1
JEPQ,2026-05-19,0,0,1
LYFT,2026-05-28,20240,188614,8
MRAM,2026-05-29,18115,0,4
GL,2026-05-28,0,0,1
NFLX,2026-05-19,1862782,164448,37
FLR,2026-05-28,516289,10148,8
HRL,2026-05-21,0,33320,1
AAP,2026-05-19,261450,10325,3
SEI,2026-05-19,0,500479,4
UCO,2026-05-21,0,0,3
FORM,2026-05-22,119394,0,3
DHT,2026-05-19,0,0,1
PAAS,2026-05-26,0,182020,4
STX,2026-05-28,2406980,0,15
DELL,2026-05-20,828633,167411,9
HIVE,2026-05-19,215037,29580,8
ARCB,2026-05-27,26900,0,3
TSLQ,2026-05-27,26995,0,1
SEDG,2026-05-20,488133,104204,24
QBTS,2026-05-21,1968265,499337,81
IONQ,2026-05-21,1510352,311642,51
COGT,2026-05-22,15792,0,1
HIMX,2026-05-28,37493,0,4
MTG,2026-05-20,0,0,1
UVIX,2026-05-28,25244,0,3
COMP,2026-05-22,0,0,1
FEZ,2026-05-27,126990,0,5
PBF,2026-05-23,0,0,1
ET,2026-05-27,74490,0,1
DHI,2026-05-21,0,0,4
PEP,2026-05-26,131357,0,1
AXTX,2026-05-29,0,0,1
SIDU,2026-05-23,69099,12500,6
SBLK,2026-05-28,28075,0,1
NOW,2026-05-22,1953967,1524413,23
RKT,2026-05-20,737732,68584,20
GEN,2026-05-22,10115,0,1
DBA,2026-05-19,23760,0,2
SHW,2026-05-26,0,0,1
ABVX,2026-05-20,235176,0,14
AEHR,2026-05-22,482421,470121,11
KTOS,2026-05-28,186225,26168,14
SMTC,2026-05-27,2093571,230613,33
MEOH,2026-05-23,340000,0,1
PHM,2026-05-22,81054,0,1
STZ,2026-05-27,16320,0,3
PATH,2026-05-19,26416,79969,8
CBRS,2026-05-22,312420,516445,39
CNP,2026-05-28,0,0,1
FTV,2026-05-21,0,67500,1
BILI,2026-05-28,0,11088,4
PSIX,2026-05-26,0,0,1
SBUX,2026-05-21,0,285505,2
AAL,2026-05-26,124583,90228,34
BBWI,2026-05-27,119965,0,10
MGNI,2026-05-22,43993,0,2
NN,2026-05-22,0,12900,2
AVAH,2026-05-26,13405,0,1
BBBY,2026-05-22,39200,45000,4
ASML,2026-05-21,3010231,0,17
USAR,2026-05-28,24725,514935,12
IONS,2026-05-27,39783,0,2
FLY,2026-05-27,1369876,0,26
F,2026-05-21,216782,0,3
ARE,2026-05-26,0,0,2
BA,2026-05-19,615622,0,8
M,2026-05-27,13168,0,4
BMRN,2026-05-21,34500,0,1
PGEN,2026-05-26,64428,0,2
SERV,2026-05-29,390356,0,13
SNPS,2026-05-23,0,0,2
BBD,2026-05-20,0,73721,1
DKS,2026-05-19,14620,0,1
FEZ,2026-05-22,23468,0,2
SATL,2026-05-20,28000,0,1
SJM,2026-05-20,136031,0,7
FXI,2026-05-20,64100,54762,13
CRSP,2026-05-19,294199,0,2
ADSK,2026-05-28,99640,0,3
BKR,2026-05-21,172140,0,1
KLAR,2026-05-21,62499,27540,4
TLT,2026-05-21,1075746,762555,104
UGL,2026-05-28,11307,0,1
WOLF,2026-05-22,363057,233476,19
CMCSA,2026-05-21,0,0,1
TSLL,2026-05-21,22537,0,5
BSY,2026-05-20,11490,0,2
CART,2026-05-26,0,0,1
UNG,2026-05-27,0,0,1
OVV,2026-05-20,0,0,1
XOP,2026-05-21,28500,41130,10
MITK,2026-05-23,19525,0,1
NTAP,2026-05-22,660160,0,12
CRL,2026-05-19,17500,0,1
SHEL,2026-05-22,387058,285670,4
EWY,2026-05-29,11857211,874793,61
EXC,2026-05-19,15600,0,1
C,2026-05-19,1153875,1180677,14
AMSC,2026-05-28,100000,14056,9
CONL,2026-05-23,0,33331,1
RDDT,2026-05-23,33997,227350,25
C,2026-05-29,1358813,181726,6
CZR,2026-05-28,287908,0,6
SSYS,2026-05-27,96425,0,5
IBKR,2026-05-21,0,120820,2
FCEL,2026-05-20,287830,97476,12
GLOB,2026-05-28,29880,0,1
LASR,2026-05-20,0,0,1
CF,2026-05-26,0,0,2
IBM,2026-05-23,1890889,248955,20
BA,2026-05-22,1706874,228443,13
ARXS,2026-05-27,158396,0,8
CELC,2026-05-27,213850,0,6
AZO,2026-05-28,0,268211,2
AAOI,2026-05-26,175499,1112360,27
B,2026-05-27,0,209960,7
VVX,2026-05-20,12998,0,1
DCH,2026-05-21,163979,0,3
SLS,2026-05-28,122840,0,4
WDAY,2026-05-27,52100,256370,18
MSFU,2026-05-20,0,0,1
FLNC,2026-05-19,102399,57730,2
BIIB,2026-05-20,27808,0,1
TE,2026-05-29,409094,40060,34
TIGR,2026-05-20,17178,79960,10
DOCN,2026-05-26,1963780,55460,6
TENX,2026-05-20,16800,11040,2
CR,2026-05-23,53689,0,1
VNET,2026-05-22,12000,16845,2
BSY,2026-05-21,21840,0,1
CAG,2026-05-22,0,12393,4
NU,2026-05-21,574331,66217,13
TENX,2026-05-27,58800,0,2
USAR,2026-05-23,445233,56800,11
COIN,2026-05-20,441211,782718,66
NBIS,2026-05-29,8188964,1152573,149
TPL,2026-05-20,0,0,2
NXT,2026-05-28,195170,413895,5
BA,2026-05-26,444600,0,3
RIOT,2026-05-23,62435,0,5
HUT,2026-05-27,31315,275317,20
NKE,2026-05-20,813068,146034,8
KTOS,2026-05-29,601173,374845,40
BHE,2026-05-26,37945,0,1
PAAS,2026-05-20,144000,10450,8
ATAT,2026-05-23,0,0,1
OSCR,2026-05-29,10440,0,4
ALL,2026-05-23,109620,0,1
ARMG,2026-05-27,0,0,1
IRDM,2026-05-23,29255,0,2
APO,2026-05-21,0,0,1
TGEN,2026-05-20,118645,0,2
ITA,2026-05-26,0,0,3
SGI,2026-05-27,158118,0,6
WDC,2026-05-29,514135,208260,15
U,2026-05-26,553768,115140,29
TDG,2026-05-22,0,0,2
GEV,2026-05-29,1160620,464730,13
PHM,2026-05-28,179918,0,2
FLNC,2026-05-22,411528,28515,8
RMBS,2026-05-28,0,79550,4
CGNX,2026-05-22,239806,0,4
SMH,2026-05-19,1224320,7623757,55
IREN,2026-05-29,2738945,246853,102
FISV,2026-05-21,94014,0,3
MP,2026-05-22,392687,84236,16
FISV,2026-05-20,93102,0,5
NXE,2026-05-27,19860,0,6
CRML,2026-05-29,14840,0,6
CAPR,2026-05-23,15890,0,1
ALC,2026-05-20,0,12250,1
KNSL,2026-05-28,13720,0,1
XENE,2026-05-19,0,22665,1
FLR,2026-05-19,0,0,1
AR,2026-05-23,0,0,1
SNXX,2026-05-21,79228,0,4
RGLD,2026-05-21,0,0,2
RCAT,2026-05-21,0,0,1
BILI,2026-05-22,12800,0,1
PDYN,2026-05-28,41719,0,1
PPSI,2026-05-28,23643,0,2
NOW,2026-05-28,270511,434215,15
PALL,2026-05-21,0,10395,1
BITX,2026-05-21,0,0,2
SOC,2026-05-22,0,0,3
UNG,2026-05-23,17085,46925,11
RH,2026-05-26,0,24960,1
YSS,2026-05-28,0,0,1
ZD,2026-05-22,0,0,1
SNXX,2026-05-28,0,11818,1
ROK,2026-05-27,0,0,2
ASPI,2026-05-26,212449,0,5
COST,2026-05-21,860833,515636,13
BCRX,2026-05-20,0,0,2
ETSY,2026-05-29,237857,27360,4
MU,2026-05-28,65248117,8590796,242
AXON,2026-05-26,328590,0,5
XOM,2026-05-19,736625,123250,3
CLSK,2026-05-28,1263796,0,28
SNPS,2026-05-28,132490,331514,7
LLY,2026-05-22,112000,984644,5
WERN,2026-05-27,63500,0,2
PCG,2026-05-27,0,20232,1
LASR,2026-05-27,0,0,2
CLF,2026-05-28,523852,29232,42
UPST,2026-05-28,0,48479,5
BMA,2026-05-27,215830,0,3
UMC,2026-05-22,0,0,1
DUOT,2026-05-26,12615,0,1
GLXY,2026-05-27,0,220110,2
PBW,2026-05-27,0,0,1
ASML,2026-05-23,1176795,0,2
PLAY,2026-05-27,0,0,1
FRPT,2026-05-28,0,0,1
EDC,2026-05-28,0,0,1
DLO,2026-05-22,0,0,1
QBTS,2026-05-19,583238,23760,8
VXX,2026-05-27,997566,0,2
ROKU,2026-05-22,92685,64282,7
BABA,2026-05-21,693441,766167,52
ACI,2026-05-19,61924,0,2
TDS,2026-05-27,28080,0,1
EVLV,2026-05-28,0,0,1
AMSC,2026-05-26,209824,0,2
ASTX,2026-05-23,0,0,1
OGN,2026-05-28,0,0,1
W,2026-05-28,0,24450,8
SCHW,2026-05-21,128590,136840,4
TSEM,2026-05-28,0,0,1
XLI,2026-05-26,15799,171000,6
UAL,2026-05-21,175204,531349,12
FCEL,2026-05-23,179525,0,13
PFE,2026-05-19,123176,155400,7
NVO,2026-05-27,170649,61800,16
BX,2026-05-23,0,66640,1
PUSA,2026-05-28,35730,0,2
AZO,2026-05-26,878800,125400,3
LRN,2026-05-27,0,0,1
WMT,2026-05-19,114750,0,4
RBLX,2026-05-22,11890,49052,11
SLDP,2026-05-20,0,0,1
MTSI,2026-05-29,1488000,0,6
NIO,2026-05-28,119228,57792,17
POET,2026-05-22,590994,329000,28
GD,2026-05-27,168200,0,1
PAYX,2026-05-28,0,139861,3
DRNZ,2026-05-28,0,0,1
FUTU,2026-05-26,986440,358266,23
LITE,2026-05-26,79300,406300,6
BABA,2026-05-26,484754,99815,20
EWZ,2026-05-29,207630,154028,11
URA,2026-05-26,249869,0,3
AIG,2026-05-28,67940,0,1
LEGN,2026-05-27,34072,0,1
ASST,2026-05-20,35631,0,4
SIG,2026-05-20,11040,0,1
KOPN,2026-05-22,49090,0,1
COKE,2026-05-29,391200,0,2
IHI,2026-05-26,0,0,1
ALV,2026-05-20,0,0,1
CAT,2026-05-21,0,171078,10
RIVN,2026-05-28,81304,11589,12
LAC,2026-05-22,10040,0,1
MULL,2026-05-28,293410,17010,2
BAC,2026-05-26,646924,0,7
CONL,2026-05-22,0,0,1
RDDT,2026-05-29,1729349,353001,49
DC,2026-05-19,0,0,1
SOFI,2026-05-22,478599,691749,29
XE,2026-05-19,25200,0,6
BBWI,2026-05-22,0,100800,1
SU,2026-05-26,530875,0,3
LOGI,2026-05-22,127314,0,6
ACMR,2026-05-20,74917,0,4
LEN,2026-05-21,21640,174750,5
XLB,2026-05-28,14809,0,1
FOUR,2026-05-27,40250,0,1
MOD,2026-05-20,247910,0,2
EEM,2026-05-22,550554,31465,15
STM,2026-05-23,50160,0,3
HCA,2026-05-27,120060,80621,3
ROST,2026-05-21,0,0,1
AXP,2026-05-27,263000,411715,4
FORM,2026-05-28,88480,0,2
ETN,2026-05-20,88000,0,1
DAL,2026-05-26,500156,0,3
ATKR,2026-05-23,24466,0,4
JPM,2026-05-20,269758,0,3
VFC,2026-05-28,0,11305,2
MCFT,2026-05-20,12154,0,1
GGAL,2026-05-28,100740,0,7
SIDU,2026-05-22,33300,0,1
DEFT,2026-05-28,0,0,3
ASAN,2026-05-27,49999,0,1
JEPQ,2026-05-20,36950,0,1
PRMB,2026-05-27,0,20861,1
DXCM,2026-05-22,0,29580,1
IONQ,2026-05-29,1622587,219471,49
BRZU,2026-05-22,0,0,1
CHRW,2026-05-21,0,0,1
EXP,2026-05-19,0,11500,1
BKSY,2026-05-19,0,0,2
GO,2026-05-28,19125,0,1
FROG,2026-05-22,0,39240,2
GOOG,2026-05-21,2680127,137250,25
SOUN,2026-05-29,426800,21420,20
LVS,2026-05-19,15000,359309,6
CXW,2026-05-22,0,0,1
CRCL,2026-05-19,750247,504471,39
ABR,2026-05-22,53755,0,1
GTLB,2026-05-27,26100,0,1
SE,2026-05-27,61920,0,4
FLEX,2026-05-19,279504,0,9
GME,2026-05-28,141164,0,4
SLS,2026-05-29,80490,256740,8
NVDL,2026-05-26,383934,0,4
RIO,2026-05-20,64625,0,2
VIK,2026-05-28,189200,0,1
XLY,2026-05-27,337886,50400,6
VKTX,2026-05-26,45320,0,1
NOK,2026-05-21,2691868,290521,30
RILY,2026-05-20,35498,0,2
XYZ,2026-05-21,360518,1389845,26
SU,2026-05-28,0,0,3
EXE,2026-05-27,15798,85720,4
CSIQ,2026-05-22,530481,0,19
TTEK,2026-05-27,0,10360,1
SONO,2026-05-27,24670,0,1
AZTA,2026-05-19,53134,196714,5
TTMI,2026-05-21,354869,0,3
LULU,2026-05-19,71154,0,7
BIIB,2026-05-29,0,42789,2
ILMN,2026-05-27,28000,0,1
CF,2026-05-27,28200,112610,5
CIFR,2026-05-21,118759,0,4
BOIL,2026-05-23,23750,0,1
ZETA,2026-05-19,134485,24950,9
OKTA,2026-05-23,345760,200330,22
BAX,2026-05-20,17250,0,1
HAL,2026-05-28,205978,0,7
ASML,2026-05-26,641600,139716,8
LPLA,2026-05-20,73230,0,2
WVE,2026-05-20,15345,0,2
MOS,2026-05-27,21314,0,2
CRWV,2026-05-23,902313,298510,60
MITK,2026-05-27,153194,0,4
AVT,2026-05-23,0,0,1
ON,2026-05-23,211579,0,13
AAOX,2026-05-20,58990,378735,9
BTDR,2026-05-29,843591,51660,29
IBKR,2026-05-23,161516,0,5
PANW,2026-05-28,2022858,0,14
UNP,2026-05-26,667855,0,2
INTC,2026-05-26,4415579,2627641,25
VLN,2026-05-21,89981,0,1
RGLD,2026-05-23,0,0,2
EXE,2026-05-28,18270,0,2
F,2026-05-27,1421072,53238,19
HYG,2026-05-28,0,108425,5
BTU,2026-05-26,227269,0,10
EVLV,2026-05-23,22157,0,1
RDW,2026-05-23,20100,0,6
CEVA,2026-05-20,12776,0,1
TFII,2026-05-27,63370,0,1
SNDK,2026-05-21,2054645,4619147,50
AZN,2026-05-28,0,147849,2
ONDS,2026-05-26,414493,18772,23
SOXX,2026-05-22,2124249,2697801,45
ORA,2026-05-23,0,0,1
ARM,2026-05-22,16368316,5793276,112
WDC,2026-05-20,579585,230714,14
SPXU,2026-05-26,34500,0,1
PAR,2026-05-28,16000,0,1
WELL,2026-05-28,0,0,1
STLA,2026-05-21,142282,0,4
NU,2026-05-26,0,10165,4
PAR,2026-05-23,0,33120,3
LWLG,2026-05-28,0,0,3
CC,2026-05-23,0,0,1
VVX,2026-05-28,46880,0,2
COLO,2026-05-27,24970,0,1
EOSE,2026-05-21,339235,11455,17
GDX,2026-05-19,532529,85793,27
SITE,2026-05-23,0,35850,2
TREX,2026-05-29,0,0,1
LMB,2026-05-28,0,0,3
FWRD,2026-05-26,18750,0,1
PSX,2026-05-23,58517,0,2
FIVE,2026-05-23,0,0,1
BKKT,2026-05-19,176040,0,5
VSH,2026-05-20,213840,43052,5
LYFT,2026-05-19,10887,0,9
S,2026-05-21,35322,22000,5
KMI,2026-05-21,278520,0,1
AZO,2026-05-22,0,0,1
XLU,2026-05-28,0,164415,6
PPTA,2026-05-22,10080,0,2
BILI,2026-05-19,0,24924,1
SEDG,2026-05-27,496800,211348,17
SG,2026-05-20,122445,0,3
FN,2026-05-28,118979,0,2
FFIV,2026-05-27,0,0,1
NOK,2026-05-20,2077761,0,27
WING,2026-05-26,40586,0,2
SOXL,2026-05-22,2044183,1634624,69
LASR,2026-05-22,417592,0,2
PBR,2026-05-22,0,80784,1
SITM,2026-05-21,0,0,2
SPXW,2026-05-23,7108962,16283740,126
MPC,2026-05-19,63358,0,2
FCX,2026-05-26,1786760,66555,10
SNAP,2026-05-21,12999,0,8
AAPL,2026-05-28,10577959,230080,63
CHWY,2026-05-23,0,0,1
FISV,2026-05-28,44700,0,4
SHOP,2026-05-28,0,65130,5
POWL,2026-05-27,0,13530,1
USAR,2026-05-27,998495,106323,53
CVNA,2026-05-23,74500,327487,7
LEVI,2026-05-28,0,0,1
P,2026-05-26,2734277,0,24
CPNG,2026-05-27,0,10057,2
CSGP,2026-05-20,22140,0,1
XLI,2026-05-28,0,97666,10
SMCI,2026-05-27,1142611,283802,95
XPEV,2026-05-23,0,0,2
GEHC,2026-05-21,0,18400,1
ARKX,2026-05-28,71478,0,2
URTY,2026-05-22,0,0,1
UBER,2026-05-19,408060,61915,7
AS,2026-05-28,37122,0,1
CCJ,2026-05-19,30385,22240,16
NET,2026-05-29,905811,0,10
CVNA,2026-05-27,398579,308788,25
OIH,2026-05-22,37000,50310,4
OMER,2026-05-28,0,0,1
AGRO,2026-05-23,0,0,3
DLTR,2026-05-26,330510,0,3
PAA,2026-05-28,0,0,1
COIN,2026-05-21,537837,1753385,57
HL,2026-05-29,959102,0,5
WAY,2026-05-20,18720,0,1
TNA,2026-05-21,19964,0,2
IMAX,2026-05-22,17860,0,1
SPGI,2026-05-20,217600,0,1
CPRT,2026-05-26,0,0,1
ONDS,2026-05-23,101681,40985,15
KR,2026-05-29,25200,275468,4
FRMI,2026-05-21,181615,0,6
DECK,2026-05-26,471236,0,2
STRL,2026-05-19,0,0,3
KR,2026-05-26,247711,16173,8
AVAV,2026-05-19,0,18720,3
UCTT,2026-05-23,15120,0,1
NET,2026-05-22,57350,352745,4
DXCM,2026-05-28,0,0,1
TOST,2026-05-20,16120,48250,4
CVS,2026-05-19,0,261528,3
ZM,2026-05-23,390236,39272,9
PLTR,2026-05-23,232065,318261,11
LUMN,2026-05-26,611245,0,4
HLIO,2026-05-27,27030,0,4
M,2026-05-28,71658,70847,4
LAD,2026-05-20,0,0,4
ZS,2026-05-19,1281813,421420,39
TFC,2026-05-20,187180,0,2
BILL,2026-05-22,0,0,1
AS,2026-05-19,26400,0,6
XNDU,2026-05-20,31199,112415,2
META,2026-05-21,3987174,2339754,32
RMBS,2026-05-26,938149,0,5
GEV,2026-05-23,0,0,2
LMND,2026-05-19,10750,16500,2
RTX,2026-05-26,104976,0,1
NKE,2026-05-21,710730,167076,14
C,2026-05-20,71410,252285,8
CELC,2026-05-23,0,0,1
FROG,2026-05-21,71641,0,3
ELF,2026-05-20,61400,143991,15
ITA,2026-05-19,0,0,1
UNFI,2026-05-19,129583,0,2
CXDO,2026-05-28,214600,0,1
ANET,2026-05-27,0,268541,5
MAR,2026-05-28,0,66830,2
BP,2026-05-28,0,0,2
SYNA,2026-05-22,14080,0,2
IGM,2026-05-20,133720,0,1
BRO,2026-05-27,0,0,1
JETS,2026-05-20,15708,0,2
MRVL,2026-05-29,10381565,4208250,64
SOXX,2026-05-26,1066664,1074409,25
SEI,2026-05-21,0,0,2
XLK,2026-05-23,122800,0,3
ON,2026-05-21,948740,0,5
ADEA,2026-05-19,15050,0,4
AMGN,2026-05-20,237898,121419,5
POET,2026-05-21,1809515,36324,82
SAIA,2026-05-28,10147,0,1
WULF,2026-05-29,1653306,423655,18
OPEN,2026-05-29,813799,0,31
BP,2026-05-22,184011,0,2
LAC,2026-05-20,11940,0,1
CRM,2026-05-28,1648920,487390,46
TIGR,2026-05-21,16062,136434,14
TENB,2026-05-26,35382,0,1
HEI,2026-05-27,0,191250,1
MP,2026-05-23,166062,0,7
ASTX,2026-05-21,0,0,1
CXW,2026-05-19,12635,0,1
MKL,2026-05-20,0,0,1
MDB,2026-05-26,16055,0,3
CF,2026-05-20,137290,14834,5
GS,2026-05-26,277507,610710,13
WSM,2026-05-22,0,0,1
CLF,2026-05-22,17732,100274,9
RCAT,2026-05-22,49234,107504,7
MS,2026-05-21,0,402523,6
KO,2026-05-22,0,74048,1
RBRK,2026-05-20,134000,0,2
MMM,2026-05-22,0,0,1
LPTH,2026-05-20,10000,0,1
RGTI,2026-05-20,305894,207183,21
DIA,2026-05-26,1711502,188107,8
STRL,2026-05-21,11580,0,1
BA,2026-05-20,866354,451720,23
AAPL,2026-05-19,6556001,702573,41
YSS,2026-05-26,201920,0,5
CC,2026-05-21,62400,0,2
APTV,2026-05-28,777736,0,11
BTDR,2026-05-27,287346,0,10
MCD,2026-05-21,64020,59040,3
AER,2026-05-22,0,0,2
SKY,2026-05-22,55634,0,3
ASX,2026-05-21,0,73141,1
NTNX,2026-05-22,33387,0,2
PLTR,2026-05-21,1757141,1295375,45
ABBV,2026-05-19,0,0,1
SAP,2026-05-28,0,0,1
MRLN,2026-05-29,39874,0,4
BTI,2026-05-28,166650,0,1
BTGO,2026-05-23,0,25076,1
CRM,2026-05-27,882673,1134447,27
AMBA,2026-05-21,0,0,1
AFRM,2026-05-28,233292,467080,16
UAL,2026-05-23,891750,62273,11
EXPE,2026-05-20,1100348,0,3
AMRZ,2026-05-27,0,0,2
EOSE,2026-05-23,279999,14948,8
FFIV,2026-05-26,304290,0,1
COKE,2026-05-22,0,0,1
VIVO,2026-05-22,0,0,1
VTRS,2026-05-28,0,16932,1
PRGS,2026-05-22,34810,0,1
GLD,2026-05-19,629595,1896194,76
FTNT,2026-05-29,137295,0,3
GAP,2026-05-19,0,55002,1
MSTU,2026-05-27,0,0,2
SIDU,2026-05-21,0,0,5
M,2026-05-19,39304,368874,4
CHTR,2026-05-28,16827,0,5
KSS,2026-05-28,268179,50905,20
AXTI,2026-05-26,0,209202,9
GOOGL,2026-05-28,2111380,1747728,26
OPEN,2026-05-27,280808,19065,18
BHF,2026-05-27,16997,0,1
WOR,2026-05-20,38399,0,1
USB,2026-05-21,0,59627,2
KBE,2026-05-28,17142,0,1
AEIS,2026-05-23,171690,0,1
MGM,2026-05-26,13260,0,2
ALK,2026-05-21,87500,0,4
XOP,2026-05-22,499729,77413,10
IRM,2026-05-29,21285,22815,4
XHB,2026-05-20,0,64600,2
AGQ,2026-05-22,36732,0,1
STLD,2026-05-28,411760,12160,5
POET,2026-05-20,5582155,0,176
FTNT,2026-05-20,79995,132365,5
BKSY,2026-05-21,0,0,1
AAOX,2026-05-26,126248,387106,2
CVX,2026-05-26,86400,6135259,6
DOCN,2026-05-23,0,0,1
BOIL,2026-05-20,0,11880,1
CME,2026-05-22,52920,106084,2
HIMS,2026-05-20,656981,151175,15
WEAT,2026-05-22,41995,0,2
WIX,2026-05-28,0,0,1
TQQQ,2026-05-22,2781190,814504,85
GE,2026-05-27,167424,0,7
EH,2026-05-28,38325,0,1
EPD,2026-05-26,0,103500,1
WYNN,2026-05-26,207090,0,2
SOC,2026-05-20,81934,0,5
MPC,2026-05-22,158670,0,1
BLDR,2026-05-23,34934,0,2
FCEL,2026-05-26,37000,26736,9
PRU,2026-05-26,25784,0,3
VERI,2026-05-27,10754,0,1
AMZN,2026-05-27,10725556,2028600,87
YPF,2026-05-27,100330,95331,4
LYB,2026-05-26,45325,0,2
ENVX,2026-05-21,288503,0,9
APP,2026-05-28,1976599,169815,19
HIMX,2026-05-19,48880,0,2
JEF,2026-05-21,25363,0,1
TMF,2026-05-22,0,22264,11
TOST,2026-05-19,104204,20730,4
MCHP,2026-05-27,0,0,2
SILJ,2026-05-28,45280,57148,9
POWI,2026-05-29,0,0,2
DOCU,2026-05-26,215012,0,3
ABEO,2026-05-22,0,0,1
FERG,2026-05-27,61420,0,1
PG,2026-05-21,73500,347340,3
NMM,2026-05-20,0,0,1
MRK,2026-05-20,0,249770,2
SWKS,2026-05-20,292477,0,16
JOBY,2026-05-29,83011,445125,12
COST,2026-05-29,2407790,2474275,37
PYPL,2026-05-26,176094,25528,11
CAVA,2026-05-28,0,277500,5
ZBH,2026-05-21,0,0,1
UVXY,2026-05-23,203815,10088,7
ALV,2026-05-28,0,0,1
BCRX,2026-05-28,0,0,1
DINO,2026-05-21,0,0,2
KDP,2026-05-19,0,0,1
DUK,2026-05-22,0,178500,1
NTR,2026-05-26,27460,0,2
AFRM,2026-05-26,577393,0,14
CLX,2026-05-28,0,0,4
HAS,2026-05-26,0,0,1
CRML,2026-05-23,10400,0,1
LECO,2026-05-23,239665,0,1
RXO,2026-05-20,140562,0,4
ROKU,2026-05-19,33565,108827,9
PDBC,2026-05-20,0,0,1
RLMD,2026-05-21,0,0,1
AGYS,2026-05-19,12320,0,2
ADBE,2026-05-26,817136,156558,13
RYAM,2026-05-19,61034,0,2
UFO,2026-05-21,65693,0,2
FXE,2026-05-27,0,0,1
GWW,2026-05-22,87670,0,1
HRB,2026-05-21,171609,0,7
WSM,2026-05-27,0,139380,1
GRPN,2026-05-20,28200,0,1
DOCN,2026-05-19,0,0,3
DBA,2026-05-27,46147,0,3
CAR,2026-05-27,258940,120960,6
SHEL,2026-05-29,222573,94160,3
WMB,2026-05-28,0,117970,1
NVDL,2026-05-21,548252,0,16
CNR,2026-05-27,0,0,1
TSEM,2026-05-27,456500,0,7
LMND,2026-05-22,0,0,2
DE,2026-05-26,67500,0,3
CRCL,2026-05-22,1797170,197252,71
CIA,2026-05-22,0,43680,1
APH,2026-05-28,557385,198922,8
COPX,2026-05-20,0,52497,1
ONON,2026-05-19,17892,18204,2
IEF,2026-05-28,27528,206629,2
FIVE,2026-05-22,22770,0,5
MUU,2026-05-28,484500,47100,3
XNDU,2026-05-22,63556,0,8
TGB,2026-05-28,55286,0,1
EPAM,2026-05-23,0,13640,1
DHI,2026-05-27,0,0,2
B,2026-05-20,56440,0,4
ZSL,2026-05-20,35800,84240,3
BTG,2026-05-21,11621,0,1
WEN,2026-05-20,115511,0,4
SPCE,2026-05-29,1011206,0,39
ARMK,2026-05-28,50713,0,3
EXPE,2026-05-23,0,67852,3
BBBY,2026-05-20,65674,0,5
HPQ,2026-05-29,784864,51393,36
WYFI,2026-05-20,22676,0,2
FUN,2026-05-28,0,20240,1
STZ,2026-05-29,102030,0,7
SFM,2026-05-28,0,90640,2
VIAV,2026-05-20,2897006,0,17
TGTX,2026-05-27,16820,0,3
CRM,2026-05-20,349570,502075,14
DKNG,2026-05-28,0,104822,14
LOGI,2026-05-28,0,0,2
GOOGL,2026-05-27,1843159,2951859,34
ISRG,2026-05-22,92140,0,2
UNH,2026-05-19,902070,255243,18
SMCX,2026-05-27,0,122470,1
CHRW,2026-05-28,0,163780,2
HUN,2026-05-26,0,0,2
DOC,2026-05-21,0,0,7
ALAB,2026-05-29,51900,75425,7
ALNY,2026-05-26,22500,0,1
APA,2026-05-27,0,72062,4
ATOM,2026-05-27,158623,0,3
CG,2026-05-21,0,0,2
VG,2026-05-28,23465,24420,4
AXON,2026-05-23,12800,247200,3
CRWV,2026-05-21,1961761,1005600,105
CINF,2026-05-28,49638,0,1
EWY,2026-05-20,107110,198842,23
GS,2026-05-19,1540597,326983,23
AAOI,2026-05-23,1388827,140800,19
FLNC,2026-05-21,14250,0,5
GS,2026-05-28,613065,691759,22
METC,2026-05-22,50170,0,2
CNI,2026-05-28,332280,0,2
LSCC,2026-05-20,105920,24860,4
GEHC,2026-05-22,46744,0,3
ATI,2026-05-22,78000,0,1
CAT,2026-05-23,0,0,4
KGC,2026-05-28,25300,0,3
FISV,2026-05-23,12286,17120,2
WPM,2026-05-19,0,0,3
HCA,2026-05-22,0,0,1
QCML,2026-05-28,13102,0,1
JOBY,2026-05-22,32298,0,16
NUE,2026-05-22,71943,0,1
SNPS,2026-05-21,578382,667614,5
XHB,2026-05-26,18252,0,1
LITE,2026-05-19,5527542,3038865,49
MCK,2026-05-20,479149,0,3
GME,2026-05-22,0,13974,4
PRCT,2026-05-20,42180,21805,3
SDGR,2026-05-20,126000,0,2
ENPH,2026-05-27,879162,213075,63
AMPX,2026-05-21,69975,223883,14
CCI,2026-05-19,51908,0,1
AG,2026-05-20,161150,12636,10
UHS,2026-05-19,0,0,1
ALHC,2026-05-27,10860,0,1
LUV,2026-05-23,97534,123138,6
HUN,2026-05-20,0,70000,5
KWEB,2026-05-27,650791,96220,20
CART,2026-05-27,0,52625,2
SATG,2026-05-28,16250,0,1
SNXX,2026-05-22,15290,0,4
MSI,2026-05-19,0,0,1
WEAT,2026-05-20,0,0,1
WTI,2026-05-27,0,0,1
DHR,2026-05-26,59928,0,1
HRB,2026-05-23,0,35850,1
BMY,2026-05-21,0,440661,3
LAES,2026-05-23,67797,0,6
AMBA,2026-05-28,374902,0,7
NXE,2026-05-22,13410,0,1
BB,2026-05-22,531276,0,24
INOD,2026-05-21,16660,0,3
WAT,2026-05-19,35000,0,2
SEZL,2026-05-21,0,0,1
EWZ,2026-05-22,1944516,160862,16
RIVN,2026-05-26,136975,0,11
APH,2026-05-23,492434,368176,11
TTWO,2026-05-22,600684,782223,40
JD,2026-05-28,152185,25000,8
YETI,2026-05-23,26100,0,1
ADBE,2026-05-29,745276,266364,15
TEAM,2026-05-22,73250,12950,5
MGM,2026-05-29,58575,0,4
CAG,2026-05-21,0,0,2
INTC,2026-05-27,4315690,3856741,53
BAC,2026-05-23,369995,0,6
CVX,2026-05-20,811104,189235,12
SATL,2026-05-23,0,0,1
MO,2026-05-21,0,197538,1
DGXX,2026-05-22,11500,0,3
UDOW,2026-05-22,18480,0,1
ARMG,2026-05-20,0,108688,1
SILJ,2026-05-19,11000,27089,4
FJET,2026-05-22,67768,65195,7
DECK,2026-05-20,18393,0,2
IBIT,2026-05-20,656517,333612,18
CART,2026-05-28,0,0,1
PRIM,2026-05-28,29230,0,1
COCO,2026-05-22,69350,0,3
GILD,2026-05-27,0,0,1
LQD,2026-05-23,245554,0,2
HUM,2026-05-28,129918,143904,20
INTU,2026-05-20,1337281,260600,15
RGTI,2026-05-19,152794,307678,12
AGRO,2026-05-26,0,27020,1
WOR,2026-05-23,0,0,1
SCHW,2026-05-19,0,51030,2
SHOP,2026-05-23,0,0,1
EMBJ,2026-05-26,0,0,1
FLEX,2026-05-29,296931,0,5
ZG,2026-05-21,0,0,1
AIQ,2026-05-20,0,14652,1
EPAM,2026-05-19,18919,0,2
PINS,2026-05-23,275000,0,7
VELO,2026-05-23,25110,0,2
CRS,2026-05-22,0,0,1
EVER,2026-05-27,138613,0,6
BDX,2026-05-26,54111,0,2
XES,2026-05-26,0,0,1
XLP,2026-05-27,91285,0,6
LFVN,2026-05-29,54373,0,2
WFC,2026-05-20,267300,83750,6
CECO,2026-05-27,102000,0,1
SNDK,2026-05-23,2443965,942877,45
EWBC,2026-05-20,0,65100,1
FROG,2026-05-28,10120,0,3
BOIL,2026-05-27,53507,0,4
RKT,2026-05-22,144983,10752,15
MSFT,2026-05-29,46804807,1359496,148
RBRK,2026-05-22,68160,0,1
AVAV,2026-05-22,40085,0,2
PCT,2026-05-27,23460,0,1
CLX,2026-05-22,21919,0,3
ITA,2026-05-27,36120,0,1
BNTX,2026-05-27,48000,14700,3
HPE,2026-05-27,182199,0,3
MTN,2026-05-23,0,0,2
IMVT,2026-05-20,36240,207002,7
GPN,2026-05-20,0,0,1
MU,2026-05-29,39549814,24795131,271
TE,2026-05-27,1505653,86027,91
KMB,2026-05-21,72668,13750,6
OKLO,2026-05-22,1222667,314635,78
PCVX,2026-05-20,0,76810,3
CCL,2026-05-27,171067,90109,19
EWZ,2026-05-23,456592,0,19
DINO,2026-05-28,37910,0,2
TMDX,2026-05-21,0,26425,1
ADM,2026-05-19,55380,0,3
NEM,2026-05-23,456620,51340,3
HYLN,2026-05-23,129861,0,3
LQD,2026-05-22,30800,59710,5
NTSK,2026-05-27,0,0,1
KLAR,2026-05-27,39039,0,3
CCJ,2026-05-20,646852,440084,19
NVS,2026-05-26,71675,0,2
BURL,2026-05-19,0,35400,4
VST,2026-05-26,1117038,103240,16
ASX,2026-05-28,0,0,3
IBB,2026-05-26,10290,0,1
TIGR,2026-05-28,0,62234,2
BP,2026-05-23,0,225126,1
ALGM,2026-05-22,83385,0,1
CRDO,2026-05-22,1837782,254143,23
NXPI,2026-05-23,195628,0,5
CRL,2026-05-22,24000,0,2
TEAM,2026-05-20,328320,0,5
CMS,2026-05-28,11999,0,1
VISN,2026-05-27,36250,0,2
HPE,2026-05-26,80560,0,7
LABU,2026-05-27,13750,0,4
POET,2026-05-27,813294,12200,46
SHLS,2026-05-20,18082,0,1
FLY,2026-05-19,10890,10500,5
DLO,2026-05-19,27500,0,8
CPNG,2026-05-22,88771,0,5
EQT,2026-05-19,28683,0,3
TOYO,2026-05-20,0,0,1
HL,2026-05-22,0,0,5
IBM,2026-05-22,8515782,1050634,88
RDDT,2026-05-22,250971,10725,22
UPST,2026-05-22,0,57449,5
ARBE,2026-05-22,586414,0,5
SPY,2026-05-21,22073980,17114541,296
DDD,2026-05-23,16500,0,1
VTRS,2026-05-20,0,0,1
GOOG,2026-05-29,1127262,167427,14
STM,2026-05-27,566375,0,4
XPEV,2026-05-20,824122,138752,5
VIAV,2026-05-28,26220,0,1
LIN,2026-05-26,0,138250,2
TLH,2026-05-27,0,0,1
SCHD,2026-05-23,0,0,3
RBA,2026-05-22,0,0,1
GNRC,2026-05-27,0,0,1
KEEL,2026-05-19,26594,0,4
NLY,2026-05-27,0,0,1
KDP,2026-05-26,0,0,1
NVT,2026-05-19,4509214,0,7
BW,2026-05-20,10320,0,3
GPN,2026-05-21,0,0,1
INSM,2026-05-28,0,0,1
SN,2026-05-22,76840,0,4
SIL,2026-05-28,0,0,1
LWLG,2026-05-27,50545,0,7
CLS,2026-05-23,0,10200,8
MKC,2026-05-22,25245,0,6
CRM,2026-05-22,58668,540384,6
MDT,2026-05-29,218025,0,2
RGEN,2026-05-29,20445,0,1
ISRG,2026-05-19,513280,104940,10
MO,2026-05-29,0,417440,2
EXK,2026-05-22,0,0,1
HNRG,2026-05-21,0,0,1
TRS,2026-05-21,13625,0,1
RCL,2026-05-29,0,86220,2
IBKR,2026-05-20,269360,254520,3
CRSP,2026-05-28,105102,0,1
SOUN,2026-05-28,30860,0,5
LBRT,2026-05-22,417129,0,16
UBER,2026-05-20,264866,162211,7
JNJ,2026-05-22,0,363344,2
AKAM,2026-05-29,231780,185072,13
GLW,2026-05-27,167280,218331,9
DOCU,2026-05-28,0,16848,2
ULTA,2026-05-27,51482,0,2
ONON,2026-05-27,199360,351649,10
GIS,2026-05-27,193090,0,4
BLD,2026-05-21,85099,0,5
LHX,2026-05-28,0,99680,1
OUST,2026-05-23,0,0,3
RSP,2026-05-26,629370,0,1
LYV,2026-05-27,0,0,4
SITM,2026-05-27,0,0,1
CGNX,2026-05-20,35745,0,3
IONQ,2026-05-20,1538514,188640,35
VOYG,2026-05-27,280009,0,6
RILY,2026-05-27,0,0,1
LMND,2026-05-28,61320,0,2
RUN,2026-05-21,144146,26570,8
BITO,2026-05-20,15166,0,1
IBKR,2026-05-28,0,30305,6
RRX,2026-05-27,81340,0,1
NVDX,2026-05-22,0,34000,1
CORT,2026-05-28,129107,0,1
NOK,2026-05-27,1580409,843361,41
WES,2026-05-28,20075,0,1
TNA,2026-05-27,81612,256662,12
POOL,2026-05-21,0,0,1
CNXC,2026-05-28,26000,0,1
MGM,2026-05-28,217720,80935,8
USD,2026-05-21,139574,24487,4
CRBG,2026-05-20,0,0,2
SLS,2026-05-20,374080,0,8
EBS,2026-05-26,16500,0,3
FRHC,2026-05-26,0,0,1
AIQ,2026-05-26,0,17140,2
SOLS,2026-05-27,0,0,1
CWEB,2026-05-21,0,0,1
KLAR,2026-05-28,0,0,1
FRT,2026-05-23,12873,0,1
AEIS,2026-05-21,595799,0,2
COMP,2026-05-20,0,0,1
TRVI,2026-05-20,16472,0,1
RIOT,2026-05-26,1288265,220488,35
BAC,2026-05-28,0,1181342,5
BURL,2026-05-23,0,121684,2
SMR,2026-05-22,149884,0,6
WBD,2026-05-28,0,0,1
HTZ,2026-05-21,0,0,1
SES,2026-05-28,0,0,1
DOC,2026-05-26,18810,0,1
CRMD,2026-05-26,36570,0,2
IAU,2026-05-19,107310,0,2
PUBM,2026-05-22,0,0,1
AAOX,2026-05-28,0,52170,1
UBS,2026-05-27,0,0,1
PAYC,2026-05-21,0,1366290,1
BAC,2026-05-19,175100,0,9
LUNR,2026-05-21,187364,106853,13
VTR,2026-05-27,12178,0,1
XLI,2026-05-23,15895,0,5
SFM,2026-05-27,0,14735,1
SOFI,2026-05-23,789303,12900,22
DNN,2026-05-29,0,0,2
TSLA,2026-05-27,32326774,8318108,307
LPLA,2026-05-27,0,0,1
CORT,2026-05-29,16590,0,1
RIG,2026-05-20,421241,0,7
MCHP,2026-05-22,0,0,2
FND,2026-05-21,14028,0,1
TMC,2026-05-29,417229,0,13
LSCC,2026-05-23,33000,0,4
NEXA,2026-05-19,0,46053,3
SNOW,2026-05-19,119217,727730,9
DUK,2026-05-21,0,0,1
AEVA,2026-05-27,231139,0,14
AG,2026-05-19,60869,35674,14
DELL,2026-05-27,752368,552080,23
TTMI,2026-05-19,11130,0,1
IOVA,2026-05-28,0,32500,2
PYPL,2026-05-22,72800,148270,15
PYPL,2026-05-23,0,0,1
FDP,2026-05-27,0,0,1
ALGN,2026-05-27,0,58830,2
QXO,2026-05-26,2216568,0,6
XRT,2026-05-19,46445,0,5
XRT,2026-05-23,13651,0,4
KOD,2026-05-22,101700,0,4
NAIL,2026-05-19,0,0,1
CHDN,2026-05-27,37345,15000,3
ADTN,2026-05-27,191658,0,6
FIG,2026-05-22,178483,103320,11
IDR,2026-05-20,0,296000,1
CSCO,2026-05-28,395984,171023,8
QBTS,2026-05-22,1844115,48334,109
AMBA,2026-05-27,34589,0,3
ETHA,2026-05-26,12400,264070,9
IGV,2026-05-21,86410,131694,35
KRE,2026-05-20,252844,76140,17
WPM,2026-05-26,0,0,1
FXI,2026-05-23,0,0,8
UPST,2026-05-21,61585,0,5
SPXW,2026-05-26,49460250,4325860,151
BAC,2026-05-29,76694,51606,5
ALAB,2026-05-19,974869,84080,22
CLS,2026-05-19,56000,129050,11
BURL,2026-05-28,0,1988860,6
FIVN,2026-05-19,0,0,2
HYMC,2026-05-22,156886,56228,3
CRNC,2026-05-23,171542,0,15
BLDR,2026-05-28,105310,0,6
VST,2026-05-22,551482,11297,23
TBCH,2026-05-28,0,0,1
FPS,2026-05-28,0,0,2
ABT,2026-05-19,581421,0,10
ZS,2026-05-20,74230,0,12
MSFT,2026-05-26,1438382,302500,18
UVXY,2026-05-22,275139,0,11
CIEN,2026-05-28,0,78000,3
SYM,2026-05-26,500550,0,3
ZS,2026-05-26,759551,28430,21
OWL,2026-05-19,51479,0,2
IRDM,2026-05-27,125800,0,5
WMT,2026-05-21,278745,900028,9
RUTW,2026-05-23,0,191700,1
RMBS,2026-05-20,60295,13860,4
OUST,2026-05-29,446008,0,10
AON,2026-05-27,0,0,1
TMO,2026-05-26,0,0,2
GNRC,2026-05-23,226150,0,4
LNC,2026-05-20,11900,0,1
FICO,2026-05-27,0,62522,6
AOS,2026-05-22,0,41536,3
VCTR,2026-05-27,27040,0,1
BLSH,2026-05-20,0,0,2
BKSY,2026-05-27,99840,55380,5
CAR,2026-05-20,156984,48670,12
INTC,2026-05-20,15352974,5349111,106
JBHT,2026-05-27,0,0,1
CHTR,2026-05-27,11760,42740,7
XLU,2026-05-21,75076,0,7
FLNC,2026-05-29,279653,0,11
ROOT,2026-05-23,0,11700,1
GDX,2026-05-27,380600,374916,38
RGTX,2026-05-21,0,24285,1
ST,2026-05-27,17000,0,1
QBTS,2026-05-26,823824,121878,17
VAL,2026-05-27,0,0,1
WMB,2026-05-26,0,0,1
WGS,2026-05-22,103122,0,2
TDOC,2026-05-28,104160,0,2
SW,2026-05-22,18300,0,2
ITB,2026-05-20,656900,0,2
JNJ,2026-05-26,118755,0,1
DAVE,2026-05-27,14520,0,2
CL,2026-05-23,0,0,1
ADI,2026-05-21,291720,50000,8
ZTS,2026-05-26,24000,0,3
XLE,2026-05-29,2840953,896086,54
EWY,2026-05-21,449220,3143421,45
TMO,2026-05-20,355839,0,3
OLED,2026-05-21,37200,0,1
VFC,2026-05-20,112629,0,4
HCC,2026-05-28,0,0,2
ATI,2026-05-29,152997,0,2
AAL,2026-05-28,249273,76733,34
XLB,2026-05-23,0,0,1
ARKG,2026-05-20,0,108730,4
PLUG,2026-05-26,90972,0,2
JBLU,2026-05-27,27002,0,1
AMRC,2026-05-22,81500,0,2
VSCO,2026-05-21,540360,0,5
TER,2026-05-27,672532,0,5
CRDO,2026-05-21,91644,148664,23
BTDR,2026-05-26,774640,0,5
ELF,2026-05-19,0,0,2
CAT,2026-05-28,477556,693539,10
FAST,2026-05-27,60240,0,1
RNG,2026-05-27,0,0,1
ACET,2026-05-26,10000,0,1
DHR,2026-05-21,185982,92820,3
Q,2026-05-27,30960,0,1
MCD,2026-05-27,65445,0,1
YSS,2026-05-23,28990,0,1
CHWY,2026-05-22,111243,15120,7
KLAR,2026-05-23,0,0,1
MVIS,2026-05-26,91337,0,2
GTES,2026-05-21,352000,0,1
USAR,2026-05-20,382551,139582,20
BULL,2026-05-19,611313,16594,10
COHR,2026-05-19,1238781,0,7
GKOS,2026-05-26,0,0,2
OZK,2026-05-28,0,0,1
VERA,2026-05-27,0,0,1
TSLL,2026-05-26,0,0,4
GGAL,2026-05-22,0,0,1
UPRO,2026-05-27,0,23030,1
MPWR,2026-05-26,0,0,1
VSEC,2026-05-21,12900,0,1
CTSH,2026-05-28,0,47192,1
DT,2026-05-26,177285,0,2
EOSE,2026-05-29,90024,0,6
EXK,2026-05-27,0,0,3
NFLX,2026-05-28,137464,2310226,9
FLNC,2026-05-27,0,0,3
BB,2026-05-20,177844,0,3
ATEN,2026-05-22,54044,0,8
MP,2026-05-21,524726,0,18
SIMO,2026-05-22,321180,0,4
SOFI,2026-05-21,172082,81923,15
NXT,2026-05-22,29248,0,2
PRM,2026-05-27,599970,0,1
AZZ,2026-05-20,0,0,1
UVIX,2026-05-19,15200,0,4
FFIV,2026-05-29,77920,0,4
RCL,2026-05-28,0,306647,5
AI,2026-05-23,89069,0,2
ONDS,2026-05-21,162419,0,16
MRNA,2026-05-23,13110,134493,5
LYFT,2026-05-21,0,0,4
PFE,2026-05-28,71568,0,1
MPWR,2026-05-28,0,696210,1
PYPL,2026-05-27,12265,0,10
ON,2026-05-27,1573429,1183830,20
FAS,2026-05-22,27500,12355,3
MLYS,2026-05-22,0,0,1
DLO,2026-05-20,15000,0,4
OUST,2026-05-28,327799,0,8
SYK,2026-05-28,113940,0,2
TGEN,2026-05-21,290117,0,3
ALK,2026-05-28,1570726,0,15
RACE,2026-05-29,149399,418160,6
DJT,2026-05-22,12180,0,2
HRB,2026-05-27,0,14551,1
CPSH,2026-05-27,42325,0,5
BKKT,2026-05-20,188970,0,6
CRWD,2026-05-22,2300662,129375,30
FLEX,2026-05-26,0,0,3
PAA,2026-05-22,10000,0,3
RVMD,2026-05-22,20360,0,12
EQT,2026-05-29,81590,13848,7
NCLH,2026-05-22,150694,179431,7
HPQ,2026-05-21,0,0,4
NN,2026-05-21,20000,0,1
MBLY,2026-05-23,170501,0,9
XPEV,2026-05-19,0,0,1
IWM,2026-05-22,3321884,7424445,67
JD,2026-05-22,77271,105355,13
NOK,2026-05-28,1761439,82644,41
CIFR,2026-05-19,82682,367025,19
CMG,2026-05-22,12900,31581,8
W,2026-05-22,17250,242371,6
CSIQ,2026-05-28,0,15300,2
RBRK,2026-05-21,0,0,2
JEPQ,2026-05-28,19000,0,1
PANW,2026-05-26,1242518,77910,13
ARKK,2026-05-22,48250,2223883,13
CRS,2026-05-27,0,0,1
ALGM,2026-05-26,0,11200,5
GOLD,2026-05-23,0,0,1
ANET,2026-05-26,632331,0,5
JKS,2026-05-23,10466,0,1
DMRC,2026-05-22,18530,0,1
SEZL,2026-05-26,270000,0,3
FNV,2026-05-22,0,0,1
VITL,2026-05-27,0,0,1
FCX,2026-05-28,218900,0,4
PAAS,2026-05-21,0,0,1
UTI,2026-05-22,0,0,5
URI,2026-05-28,0,0,1
UVIX,2026-05-23,25000,0,5
INFQ,2026-05-21,321136,52660,21
PDS,2026-05-20,29744,0,1
TNA,2026-05-28,24620,0,3
AEHR,2026-05-26,375492,62808,8
BAX,2026-05-22,60292,0,5
HUT,2026-05-20,83661,0,6
WIX,2026-05-22,20475,0,1
XLB,2026-05-20,0,0,2
OKLO,2026-05-19,1335122,597550,32
STLA,2026-05-22,0,30417,3
ACN,2026-05-19,2060885,204454,17
KHC,2026-05-27,34677,0,4
CENX,2026-05-21,0,11000,2
KBH,2026-05-19,79980,0,1
SLV,2026-05-28,8012417,702301,126
NASA,2026-05-27,723000,37768,14
TMC,2026-05-28,33589,0,3
ALNY,2026-05-23,15870,0,1
AI,2026-05-21,13376,19950,5
IBRX,2026-05-19,96665,0,6
PTON,2026-05-26,27540,0,1
CBRS,2026-05-21,658530,14500,24
RGTI,2026-05-21,1275827,575071,70
CVI,2026-05-27,0,0,1
GME,2026-05-23,57260,0,8
BABA,2026-05-27,97478,115304,24
TSLA,2026-05-28,12502564,4604451,136
SPXW,2026-05-22,16253705,5280780,200
UNG,2026-05-22,0,0,2
CAT,2026-05-27,287502,450502,13
PAR,2026-05-21,0,0,5
AA,2026-05-22,42205,336822,15
GSAT,2026-05-26,0,0,2
DRAM,2026-05-22,2034514,157331,49
BATRK,2026-05-19,52500,0,1
TRIP,2026-05-21,613515,0,1
CAKE,2026-05-26,68380,0,1
SMR,2026-05-27,55971,0,4
PL,2026-05-22,128817,16200,4
AMGN,2026-05-21,0,172215,4
DBC,2026-05-27,23650,0,1
EOSE,2026-05-27,174374,73685,8
EXPE,2026-05-28,0,90060,2
BABA,2026-05-22,526538,463046,65
MLYS,2026-05-20,0,0,1
RDDT,2026-05-19,482838,32631,10
PLUG,2026-05-27,858625,0,21
AMZN,2026-05-29,4624952,122000,57
CRWD,2026-05-27,1334587,1633328,15
CDW,2026-05-22,0,0,1
RELL,2026-05-21,83399,0,4
C,2026-05-27,59534,103326,6
SJM,2026-05-21,0,0,1
WIX,2026-05-21,105450,108900,8
SWKS,2026-05-26,754670,0,7
CRCL,2026-05-28,865604,717702,57
AMKR,2026-05-20,283010,459231,13
CDW,2026-05-28,165180,89320,7
CYTK,2026-05-22,0,0,4
IBM,2026-05-28,2223388,954455,35
VPG,2026-05-22,0,0,1
MS,2026-05-19,90610,0,3
SGI,2026-05-20,125995,0,15
LYB,2026-05-23,0,145530,2
SE,2026-05-29,559187,0,3
GSG,2026-05-20,0,0,2
VLO,2026-05-28,0,0,2
FAS,2026-05-20,0,36950,5
AMPG,2026-05-20,158492,0,19
FTNT,2026-05-19,0,68034,2
AMSC,2026-05-29,37630,0,4
RGTI,2026-05-27,790869,61674,28
XLE,2026-05-20,1219138,1076845,89
CHDN,2026-05-28,0,0,1
FXI,2026-05-27,0,25072,5
CEG,2026-05-29,0,0,1
SGHC,2026-05-26,95000,0,1
GTLB,2026-05-19,555905,86360,7
PDYN,2026-05-27,25000,0,1
INCY,2026-05-22,0,0,1
APLD,2026-05-21,1213025,307024,72
RDW,2026-05-19,114930,0,7
ORBX,2026-05-20,538987,0,6
PTGX,2026-05-22,16000,0,1
FBTC,2026-05-22,25540,0,1
LNC,2026-05-28,0,0,2
IBM,2026-05-20,187899,0,4
AMLX,2026-05-28,16272,0,1
APH,2026-05-19,867966,0,3
ARKK,2026-05-28,56645,106165,6
TAC,2026-05-27,30679,0,2
KEYS,2026-05-26,0,0,3
SPOT,2026-05-21,2129104,68870,22
CPNG,2026-05-21,0,0,3
CLX,2026-05-21,31195,0,1
VUZI,2026-05-27,16915,0,1
APA,2026-05-21,173727,0,5
XPO,2026-05-20,0,0,1
OLED,2026-05-27,0,0,2
DHR,2026-05-28,0,0,2
ECL,2026-05-27,249582,0,1
NIO,2026-05-22,656081,10274,34
CBRL,2026-05-21,0,15510,1
CVNA,2026-05-20,238112,868125,59
CRWV,2026-05-19,3166328,3764902,103
VLO,2026-05-21,284048,0,2
ELF,2026-05-26,259093,0,1
CEG,2026-05-20,183430,66031,5
SNDK,2026-05-19,593130,406868,29
AVEX,2026-05-28,65700,0,1
SSD,2026-05-20,24818,0,2
ETSY,2026-05-22,0,0,2
XNDU,2026-05-27,18300,188860,3
CSGP,2026-05-28,103090,0,1
NVDA,2026-05-27,41290776,6845566,193
ABNB,2026-05-23,76245,0,1
MDT,2026-05-20,182085,124830,4
ALAB,2026-05-28,997206,50460,12
AMAT,2026-05-26,296950,208750,12
NXT,2026-05-26,0,0,3
SAIA,2026-05-27,28560,0,2
BKNG,2026-05-26,222190,118660,4
XLF,2026-05-22,161506,472548,27
CRCL,2026-05-21,838276,667093,64
PCG,2026-05-20,0,49459,9
SATL,2026-05-22,209357,0,4
CEG,2026-05-27,0,53550,3
JETS,2026-05-22,43794,0,4
APP,2026-05-23,0,0,1
PTC,2026-05-21,0,0,1
TER,2026-05-23,353400,0,1
RILY,2026-05-22,31744,0,2
KRE,2026-05-22,613078,586211,30
M,2026-05-20,48256,0,2
BILI,2026-05-21,0,0,2
ASML,2026-05-19,388310,2262342,14
SSSS,2026-05-23,35000,0,1
GDX,2026-05-20,1844493,60009,35
ASTS,2026-05-23,600815,178556,67
PFE,2026-05-22,54100,0,2
RCAT,2026-05-23,0,0,1
F,2026-05-29,4727459,63000,43
ED,2026-05-26,34040,0,1
COMP,2026-05-21,236875,0,3
BUD,2026-05-26,376597,0,3
WM,2026-05-26,65056,0,1
CASY,2026-05-26,0,0,1
QQQ,2026-05-19,30452366,23155457,317
ALGN,2026-05-26,0,0,1
GRAL,2026-05-26,78218,0,9
WRBY,2026-05-21,0,0,1
RYAAY,2026-05-27,22549,0,1
GEV,2026-05-26,742592,945526,10
CHWY,2026-05-19,187398,72644,5
EXPE,2026-05-21,0,126000,1
NUCL,2026-05-19,0,0,1
KVYO,2026-05-21,0,0,1
MRAM,2026-05-23,1073865,0,31
AIG,2026-05-22,46500,0,1
PSQ,2026-05-21,10480,0,1
JLL,2026-05-21,0,0,1
EIX,2026-05-26,0,16947,1
JPM,2026-05-23,0,0,4
HLT,2026-05-26,0,0,2
GKOS,2026-05-23,0,0,6
ACMR,2026-05-22,228750,0,3
ADM,2026-05-28,297295,13020,4
CIEN,2026-05-19,136513,667351,6
TGT,2026-05-26,547245,0,5
HD,2026-05-26,1879365,0,2
VCX,2026-05-26,0,0,2
AG,2026-05-22,135296,0,9
FSLR,2026-05-22,1446975,71990,45
GM,2026-05-26,151860,0,5
XLP,2026-05-22,0,61588,2
FJET,2026-05-27,72968,0,1
JBLU,2026-05-21,12699,0,1
EQT,2026-05-27,44100,40244,12
BSX,2026-05-28,315610,1021941,8
VOD,2026-05-20,0,0,1
AVAV,2026-05-20,114240,20460,3
MGM,2026-05-22,0,239494,5
WMT,2026-05-28,0,204000,5
BE,2026-05-27,1360768,545018,17
HIMS,2026-05-22,412624,22975,15
GEO,2026-05-27,0,0,1
KTOS,2026-05-21,51103,0,5
BIOA,2026-05-21,10920,0,1
GNW,2026-05-26,0,0,1
OKTA,2026-05-20,221058,594200,6
IBIT,2026-05-21,840631,539250,22
LWLG,2026-05-19,116963,0,5
SCO,2026-05-28,11805,0,3
GOOG,2026-05-26,3674951,248140,20
CDE,2026-05-20,1255430,25340,12
ASPI,2026-05-19,0,0,1
AVGO,2026-05-29,4141187,469608,42
INTW,2026-05-28,50410,0,1
APA,2026-05-23,39716,396129,9
HLIO,2026-05-26,0,0,1
COCO,2026-05-28,15090,0,1
Q,2026-05-22,86730,0,3
PBF,2026-05-26,403180,0,2
LYB,2026-05-20,0,0,3
JBHT,2026-05-28,0,313500,1
CDE,2026-05-27,765238,14177,6
TBF,2026-05-19,10320,0,2
SEZL,2026-05-20,40260,0,1
PG,2026-05-27,67223,0,3
UCO,2026-05-28,0,0,1
ERO,2026-05-29,76230,0,4
NKTR,2026-05-28,63630,0,1
MOS,2026-05-29,96785,123234,7
PPTA,2026-05-28,0,0,3
NU,2026-05-22,107324,0,3
AAPL,2026-05-26,2158928,985678,29
ONON,2026-05-20,371635,10675,6
AEVA,2026-05-28,26828,0,3
CPRI,2026-05-28,327671,0,8
TTMI,2026-05-26,0,0,1
RGLD,2026-05-19,110898,0,3
TSLL,2026-05-27,138051,53850,7
SW,2026-05-23,206109,0,2
ORBS,2026-05-23,0,0,1
GDXJ,2026-05-20,0,10140,6
AKAM,2026-05-28,0,358800,17
DFTX,2026-05-28,0,0,1
LEN,2026-05-23,49393,0,1
CIFR,2026-05-27,149378,132700,12
INTU,2026-05-21,1549113,2023042,42
LNG,2026-05-23,0,0,1
BULL,2026-05-22,308233,132263,34
ESI,2026-05-26,102000,0,1
JETS,2026-05-27,31170,23880,3
HUT,2026-05-21,78505,24600,6
ARKK,2026-05-20,0,41336,6
CORZ,2026-05-20,62898,107975,11
WY,2026-05-22,0,0,1
AAL,2026-05-21,286127,283502,20
SLV,2026-05-29,3703193,1614999,111
RXT,2026-05-22,121565,0,6
GPC,2026-05-20,0,35000,2
CMG,2026-05-20,79417,248725,22
SJM,2026-05-26,60205,0,3
EXE,2026-05-22,217244,0,4
LBRT,2026-05-20,0,0,2
CSIQ,2026-05-29,21118,66100,2
IAU,2026-05-26,183120,0,1
TFIN,2026-05-21,350000,0,1
TENB,2026-05-22,75205,0,3
PDD,2026-05-27,1654305,614937,23
CF,2026-05-19,98000,54090,9
APP,2026-05-27,6885485,6215915,37
HWM,2026-05-26,53760,0,1
LMND,2026-05-26,10675,0,3
VVV,2026-05-22,36849,0,2
SHLS,2026-05-23,88000,0,1
DXCM,2026-05-27,0,0,1
XEL,2026-05-28,0,229600,1
DVN,2026-05-22,64579,0,13
TRV,2026-05-28,0,0,1
TTD,2026-05-20,529183,102790,11
DPRO,2026-05-22,0,0,5
LQD,2026-05-19,0,125546,11
ETN,2026-05-26,992789,0,5
GME,2026-05-27,100638,552615,10
SOFI,2026-05-29,1391431,362882,109
ICUI,2026-05-27,14960,0,1
TNA,2026-05-22,0,11300,10
XOVR,2026-05-23,13500,0,2
VUG,2026-05-27,0,0,1
QQQ,2026-05-26,77863220,10798276,251
JBL,2026-05-22,246190,0,6
XOP,2026-05-28,0,78505,12
SWKS,2026-05-21,18150,0,3
NTAP,2026-05-28,120422,0,5
CRWV,2026-05-27,1430461,786421,91
HAL,2026-05-21,107955,1108273,10
GNRC,2026-05-22,238601,0,6
PATH,2026-05-27,186344,79881,19
BSX,2026-05-22,0,766120,2
MS,2026-05-20,324996,0,3
XOM,2026-05-20,702930,0,7
CYTK,2026-05-19,0,0,3
ONON,2026-05-22,0,0,2
SSRM,2026-05-22,33829,0,1
EWY,2026-05-19,1217485,330315,49
NMRA,2026-05-22,17303,0,1
AA,2026-05-29,1075750,10045,10
SPOT,2026-05-23,89695,0,8
TKO,2026-05-28,52219,0,3
CMCSA,2026-05-28,253402,0,2
ADMA,2026-05-28,0,0,1
LAC,2026-05-28,11200,0,1
WOLF,2026-05-29,190848,0,9
EWU,2026-05-21,0,0,1
MTUM,2026-05-20,0,48579,3
SGML,2026-05-19,196460,0,3
TCOM,2026-05-22,0,0,3
GLW,2026-05-21,495705,0,9
NBIS,2026-05-19,2744493,4517970,113
LULU,2026-05-26,55160,214524,6
CI,2026-05-22,0,281605,1
NBIS,2026-05-28,1423067,335089,84
GIS,2026-05-28,165296,40610,5
RCKT,2026-05-22,0,0,1
SATL,2026-05-27,0,0,2
INOD,2026-05-19,0,16660,1
XENE,2026-05-27,0,0,1
HPE,2026-05-23,214217,0,9
NVAX,2026-05-26,29480,0,4
YMM,2026-05-22,0,0,1
NEM,2026-05-27,290413,262500,3
CYTK,2026-05-21,66800,0,3
LOGI,2026-05-23,0,0,2
GEV,2026-05-28,3102606,1201435,23
CDE,2026-05-23,187780,0,1
NN,2026-05-28,400000,18360,4
UAMY,2026-05-28,0,40970,5
KR,2026-05-19,56336,120349,7
APTV,2026-05-27,173076,0,1
MSFU,2026-05-28,75004,0,1
APLD,2026-05-19,724406,195325,20
LQDA,2026-05-22,25795,43585,5
CIFR,2026-05-28,445310,78958,31
EWZ,2026-05-28,136615,101157,13
BILL,2026-05-23,10020,0,2
MOS,2026-05-20,115000,0,2
GETY,2026-05-23,21325,0,2
EWY,2026-05-26,12286705,772768,49
KURA,2026-05-21,42568,0,6
TD,2026-05-26,83190,0,1
SHOP,2026-05-20,0,0,2
ATRO,2026-05-28,28171,0,1
POWL,2026-05-28,22480,637563,3
BORR,2026-05-21,283264,0,5
WGS,2026-05-19,0,0,1
FLEX,2026-05-28,0,0,4
SGI,2026-05-22,213600,0,2
MBLY,2026-05-20,12138,12250,5
BITO,2026-05-28,0,0,2
BETR,2026-05-21,49000,0,1
NUAI,2026-05-27,32960,0,2
CROX,2026-05-27,335290,0,7
MX,2026-05-28,20000,0,1
QBTS,2026-05-20,930075,44375,14
COP,2026-05-19,346905,0,7
XYZ,2026-05-28,27279,380820,8
CF,2026-05-28,89440,144860,8
SGHC,2026-05-21,260000,0,1
LMT,2026-05-28,0,197121,3
NXPI,2026-05-27,76870,0,4
GXO,2026-05-20,0,462000,1
MMM,2026-05-19,0,0,1
CCJ,2026-05-21,604820,14184,18
CRNC,2026-05-22,273577,0,14
QRVO,2026-05-22,76061,0,6
GTLB,2026-05-26,0,38718,1
HMY,2026-05-26,31440,0,1
NVTS,2026-05-26,640246,0,15
AKAM,2026-05-26,496110,0,3
SG,2026-05-22,492598,0,18
AGI,2026-05-21,17820,0,4
INDA,2026-05-28,18983,0,1
ROKU,2026-05-27,1718664,132484,16
PLAB,2026-05-26,29038,0,1
PWR,2026-05-28,0,132846,2
NVTS,2026-05-28,471840,775220,24
ANF,2026-05-27,132865,156250,15
LNG,2026-05-22,0,380200,4
WEN,2026-05-19,252226,32030,9
ROST,2026-05-28,225974,0,1
SBUX,2026-05-20,0,0,1
MARA,2026-05-23,250813,168763,31
ABNB,2026-05-21,157127,0,5
BBAI,2026-05-26,196052,0,2
RTX,2026-05-27,0,84500,1
ABT,2026-05-27,0,78104,1
BLDP,2026-05-29,79896,0,1
VCX,2026-05-22,0,22300,4
PUMP,2026-05-20,60900,0,1
CGEN,2026-05-23,12737,0,1
OSS,2026-05-20,0,0,1
AMDL,2026-05-26,0,0,1
SYM,2026-05-22,287547,0,3
ROST,2026-05-26,433599,370506,2
KMX,2026-05-28,0,74750,1
BKU,2026-05-21,0,0,1
INTU,2026-05-19,497100,959920,15
UUUU,2026-05-19,11250,0,4
CBRS,2026-05-28,542817,833937,23
LECO,2026-05-26,65942,0,1
GRNY,2026-05-21,0,0,1
BAH,2026-05-28,166935,0,2
SBAC,2026-05-21,0,0,1
CRBP,2026-05-27,11200,13135,5
AXON,2026-05-20,356247,0,7
MELI,2026-05-26,774556,276340,3
WTI,2026-05-28,23850,0,1
ENPH,2026-05-28,576973,106848,37
OXY,2026-05-23,0,0,1
IONQ,2026-05-19,656903,709912,19
XRT,2026-05-29,312503,30160,4
APLD,2026-05-22,1132375,510314,76
MAA,2026-05-21,10008,0,1
BB,2026-05-28,541321,15201,27
KRE,2026-05-28,141186,77817,15
AMSC,2026-05-27,70550,0,1
UGA,2026-05-22,35670,0,1
CRSR,2026-05-27,104188,0,8
QXO,2026-05-21,0,0,4
VIAV,2026-05-23,99575,12730,3
LITE,2026-05-29,1027670,1147850,24
SMCI,2026-05-22,1428456,119997,53
ENTG,2026-05-26,16310,0,2
OSCR,2026-05-21,37699,97820,8
NBR,2026-05-28,0,440000,1
LMND,2026-05-21,11000,0,3
PTIR,2026-05-23,21200,0,1
QCOM,2026-05-27,6850158,906379,77
COMP,2026-05-23,0,0,1
NET,2026-05-27,0,188455,4
COF,2026-05-22,93438,0,1
MLCO,2026-05-22,22874,0,1
MAIN,2026-05-22,0,0,1
FUTU,2026-05-22,699642,1651696,109
OSCR,2026-05-26,124740,0,2
LEU,2026-05-19,355299,381910,8
EBS,2026-05-28,0,0,1
STM,2026-05-22,317869,0,3
SIG,2026-05-22,47670,0,4
AMT,2026-05-23,0,130657,2
HD,2026-05-22,110595,52736,4
CDNS,2026-05-20,0,66600,2
CIFR,2026-05-26,648275,71648,15
TLN,2026-05-27,688942,0,8
IEI,2026-05-21,30942,0,1
LYB,2026-05-27,0,63087,2
TSCO,2026-05-21,468520,0,2
LRCX,2026-05-23,210811,1462782,14
NVDL,2026-05-22,125280,155395,15
VRT,2026-05-22,771517,102968,13
LIN,2026-05-23,0,56680,3
QXO,2026-05-27,109336,0,2
CYTK,2026-05-28,130893,21620,3
MRNA,2026-05-26,94891,54022,16
FLS,2026-05-21,464320,0,1
VIRT,2026-05-21,0,0,1
NEE,2026-05-27,51156,0,1
DG,2026-05-27,131824,41870,6
MRVL,2026-05-19,1784059,2872219,39
TZA,2026-05-21,21000,0,1
AMRC,2026-05-20,38999,0,1
HPQ,2026-05-27,66000,0,9
HUT,2026-05-22,88858,237642,11
XLP,2026-05-20,0,0,3
FITB,2026-05-21,24080,0,1
HUMA,2026-05-20,17500,0,1
AEVA,2026-05-20,0,0,1
NRG,2026-05-22,72870,0,2
USB,2026-05-28,0,0,1
FSLR,2026-05-19,457340,1302823,33
TOL,2026-05-21,0,0,2
ARES,2026-05-22,0,187980,1
SATS,2026-05-27,596199,497711,35
ARM,2026-05-19,1834200,99500,12
DXCM,2026-05-26,84920,51763,2
ZTS,2026-05-22,0,0,4
AVTR,2026-05-28,0,365927,6
TJX,2026-05-20,578970,144821,25
GEO,2026-05-19,0,0,1
QCOM,2026-05-19,3266866,446180,46
TLT,2026-05-22,1648598,874379,109
SOXL,2026-05-27,1244002,702056,56
YINN,2026-05-20,0,0,1
LION,2026-05-27,0,0,2
DXC,2026-05-28,0,0,1
DB,2026-05-27,59400,0,1
MBLY,2026-05-28,58322,0,2
RGLD,2026-05-28,26040,0,3
UBER,2026-05-21,62220,0,5
DXCM,2026-05-23,115704,0,3
WIX,2026-05-26,40100,0,1
TOYO,2026-05-19,0,0,1
TMDX,2026-05-22,15200,0,1
DBX,2026-05-27,0,0,1
PURR,2026-05-19,39140,260546,5
LEGN,2026-05-23,14760,0,1
YINN,2026-05-23,47058,11253,3
HLIT,2026-05-26,282420,12500,7
SPXL,2026-05-22,0,18870,2
OPEN,2026-05-26,441056,10800,13
IMSR,2026-05-29,10230,0,2
CAKE,2026-05-28,0,0,1
AOSL,2026-05-29,111867,0,7
TJX,2026-05-28,728858,59190,5
IGV,2026-05-28,757269,134584,25
VLO,2026-05-20,1049427,591000,7
SNAP,2026-05-26,0,0,2
LINC,2026-05-26,10500,0,1
ULTA,2026-05-20,17050,123988,3
ILMN,2026-05-29,55925,0,2
LSCC,2026-05-26,0,0,1
EWT,2026-05-21,0,515931,2
SPXW,2026-05-29,18057810,6488460,117
WDC,2026-05-28,826580,238000,15
SEDG,2026-05-19,56820,219675,21
BSX,2026-05-27,670020,65646,7
BRKR,2026-05-27,10810,0,4
FLEX,2026-05-27,76809,0,8
HIMS,2026-05-27,781391,106820,47
ANVS,2026-05-22,0,0,1
DOCN,2026-05-20,62380,221840,5
BBY,2026-05-27,0,17235,3
BMNR,2026-05-21,186887,109416,13
PTON,2026-05-20,216078,0,3
FLUT,2026-05-20,122718,0,2
QLD,2026-05-22,0,0,1
SATS,2026-05-23,1067208,534960,29
PYPL,2026-05-28,149927,341385,24
NU,2026-05-19,200300,108321,8
HRL,2026-05-20,16659,0,4
COST,2026-05-26,1557473,427196,10
WCLD,2026-05-29,10640,0,1
MNST,2026-05-21,64070,0,1
ALB,2026-05-28,413855,308444,7
LLY,2026-05-20,329928,0,2
HYLN,2026-05-27,153952,0,5
XLU,2026-05-19,14774,107534,9
PEN,2026-05-27,0,195000,18
CELH,2026-05-23,45704,18360,6
CNC,2026-05-23,0,47500,2
ARKX,2026-05-27,22180,0,1
AEVA,2026-05-19,0,300000,1
RELL,2026-05-23,0,0,2
KOPN,2026-05-28,68600,0,2
BILI,2026-05-27,0,17762,6
MS,2026-05-22,170359,159812,5
SMCI,2026-05-20,2220502,161871,65
DLTR,2026-05-20,0,10015,2
DBA,2026-05-22,0,0,1
PPLT,2026-05-23,66340,0,1
FORM,2026-05-21,0,0,2
DIA,2026-05-20,5653129,513398,34
TWLO,2026-05-29,475322,42922,8
DPZ,2026-05-22,18000,0,1
OHI,2026-05-19,0,0,1
PHM,2026-05-23,96502,0,3
SOLS,2026-05-20,107796,0,1
MSFT,2026-05-27,2316944,4822112,36
CMI,2026-05-22,327600,0,2
CBRS,2026-05-27,1899089,514852,43
ONON,2026-05-21,27521,0,1
SQQQ,2026-05-27,835511,275400,17
AFRM,2026-05-20,251908,14137,5
HTZ,2026-05-29,0,10032,2
HPQ,2026-05-26,37104,47950,14
CBOE,2026-05-26,0,59280,7
FMC,2026-05-21,13935,0,1
GILT,2026-05-22,11160,0,1
AXP,2026-05-20,486249,0,6
MARA,2026-05-19,120046,126156,11
NEXT,2026-05-22,23994,0,1
PSN,2026-05-28,115500,0,3
PBA,2026-05-27,0,0,1
CPB,2026-05-28,0,0,3
CDNS,2026-05-22,12742060,0,2
CHD,2026-05-27,17015,0,2
ETHD,2026-05-28,121980,0,1
THC,2026-05-26,79343,0,2
TDOC,2026-05-26,0,0,1
WHD,2026-05-22,26600,0,2
VICR,2026-05-21,78845,0,5
ASAN,2026-05-28,70470,0,4
WDAY,2026-05-28,157960,15840,8
MUU,2026-05-27,168500,0,1
NVTS,2026-05-19,0,18850,6
AREC,2026-05-26,0,0,1
APLE,2026-05-21,62460,0,1
TH,2026-05-19,0,0,2
HALO,2026-05-19,10580,0,1
TTMI,2026-05-23,236808,0,2
IGV,2026-05-19,1585670,135414,54
P,2026-05-29,132640,0,17
DASH,2026-05-26,1380529,0,2
FSLR,2026-05-29,1514787,1038155,46
KO,2026-05-27,0,0,1
CAH,2026-05-28,18400,106025,3
LABU,2026-05-21,0,0,1
BTBT,2026-05-26,66859,0,2
JD,2026-05-19,292354,67688,9
SCO,2026-05-23,11499,60000,5
KWEB,2026-05-20,728277,101702,33
AAL,2026-05-23,497468,199616,23
QBTX,2026-05-23,330780,0,2
FSLR,2026-05-28,841795,772481,34
NEM,2026-05-26,0,0,2
RIOT,2026-05-27,154746,142549,13
IMSR,2026-05-22,11750,0,3
TEM,2026-05-20,66304,0,8
DGX,2026-05-22,0,0,1
BBY,2026-05-21,24835,19520,2
BYND,2026-05-26,0,0,1
OKLL,2026-05-26,0,0,1
RRGB,2026-05-21,25000,0,1
LRCX,2026-05-28,414481,687410,15
MDT,2026-05-23,0,0,2
ADSK,2026-05-26,0,0,1
QBTS,2026-05-27,305516,221256,29
ARRY,2026-05-27,41715,0,2
CMTL,2026-05-23,47920,0,1
FLR,2026-05-22,667101,36385,11
HYG,2026-05-19,25245,368639,23
KMB,2026-05-20,112050,0,2
USD,2026-05-27,0,0,2
MDY,2026-05-22,72279,0,3
TTAN,2026-05-20,0,0,2
LI,2026-05-22,25752,0,4
WING,2026-05-27,262650,0,4
SIRI,2026-05-21,296071,0,11
CIFR,2026-05-20,600415,42560,11
KWEB,2026-05-28,354565,898607,47
AIRS,2026-05-20,19325,0,1
PRMB,2026-05-26,0,0,1
FAS,2026-05-27,69680,31290,2
GILT,2026-05-20,26001,0,1
MGM,2026-05-23,52500,20000,2
TTMI,2026-05-29,540948,18560,9
QQQ,2026-05-27,32517363,23207814,374
XLV,2026-05-21,205425,41543,13
SHAK,2026-05-21,0,24745,1
BOTZ,2026-05-28,0,0,1
WH,2026-05-22,0,0,1
UGL,2026-05-27,33878,0,2
MOH,2026-05-19,11850,0,1
BX,2026-05-20,51830,0,4
PK,2026-05-27,0,0,1
STM,2026-05-19,0,0,3
QS,2026-05-23,22420,45041,5
KR,2026-05-21,206231,203690,9
PYPL,2026-05-21,23985,31200,15
SCO,2026-05-20,0,16635,2
SYK,2026-05-22,0,0,1
KYMR,2026-05-28,0,0,1
AEO,2026-05-27,93420,0,4
TLN,2026-05-26,34225,48400,4
LUMN,2026-05-20,0,0,1
ATRO,2026-05-20,18000,0,1
CRS,2026-05-20,0,0,1
ARWR,2026-05-27,44397,27500,4
MDT,2026-05-27,402379,59853,2
MRAM,2026-05-21,256459,22440,10
RR,2026-05-29,402724,10200,14
POWI,2026-05-26,158050,69750,5
SBET,2026-05-26,19400,0,2
GS,2026-05-20,1390416,1249442,38
SQQQ,2026-05-19,679889,146560,28
INSM,2026-05-20,0,0,1
PRU,2026-05-21,0,10381,1
SEPN,2026-05-28,10105,0,2
STLD,2026-05-26,193187,0,3
SFM,2026-05-23,11132,0,3
WGO,2026-05-22,0,0,4
KMI,2026-05-20,87000,0,2
APD,2026-05-22,76380,154100,4
XNDU,2026-05-21,86700,0,2
BE,2026-05-28,359695,0,12
FRPT,2026-05-26,0,0,1
RUTW,2026-05-21,0,0,1
ARCC,2026-05-19,0,0,1
NRGV,2026-05-19,0,0,1
WM,2026-05-27,0,143550,1
CPER,2026-05-27,13000,0,2
WULF,2026-05-19,1258128,287938,57
QLD,2026-05-29,0,33120,1
NFLX,2026-05-22,839439,403430,15
SPGI,2026-05-23,0,177670,1
SWKS,2026-05-23,33149,0,3
HIMS,2026-05-21,692054,64293,19
ORCL,2026-05-19,3314363,388768,14
ASTS,2026-05-27,1850997,804447,122
RSP,2026-05-27,103600,73010,5
S,2026-05-22,0,0,2
BB,2026-05-29,146735,49296,12
ACHR,2026-05-26,243560,0,7
SPY,2026-05-20,25042646,21688479,289
NOK,2026-05-26,3741265,0,32
VEEV,2026-05-20,62540,0,1
SA,2026-05-28,0,0,1
CMBT,2026-05-19,165945,0,1
MKTX,2026-05-26,18240,0,2
PATH,2026-05-29,590193,101191,41
ERIC,2026-05-19,0,0,1
CHDN,2026-05-29,0,32100,5
XRX,2026-05-28,0,0,3
HPE,2026-05-21,40000,19680,3
MSCI,2026-05-23,11340,0,1
NVDA,2026-05-29,23511920,6277552,216
CPRT,2026-05-22,31050,0,2
SERV,2026-05-28,225409,0,7
NEM,2026-05-20,538016,60265,9
CIEN,2026-05-26,66743,0,3
SPIR,2026-05-23,26130,0,1
RZLV,2026-05-27,63181,0,1
LOW,2026-05-23,53710,0,1
STX,2026-05-22,0,0,6
ATI,2026-05-27,0,0,2
A,2026-05-20,0,152578,6
DOW,2026-05-21,67802,1326834,14
CELC,2026-05-21,0,0,1
ALM,2026-05-21,15154,324000,2
ONDS,2026-05-20,1731411,38400,19
ALK,2026-05-26,966445,0,9
MP,2026-05-28,0,53625,7
BCRX,2026-05-21,0,0,1
S,2026-05-28,469501,47950,26
NRG,2026-05-28,0,0,1
CRML,2026-05-22,14750,0,1
LMT,2026-05-27,116277,0,1
KLAC,2026-05-26,3828597,256386,10
SLV,2026-05-27,2763333,676835,71
ERO,2026-05-19,30269,0,2
TEM,2026-05-21,218530,0,4
MSFU,2026-05-21,13500,0,2
CCOI,2026-05-27,11330,270000,2
QS,2026-05-22,915011,37405,26
HON,2026-05-21,219000,277899,6
UPRO,2026-05-20,0,26233,5
HON,2026-05-27,85400,56375,7
LAR,2026-05-22,38240,0,1
CAE,2026-05-19,30569,0,1
SHOP,2026-05-19,0,0,4
LUNR,2026-05-28,527176,48517,45
XOP,2026-05-29,35852,0,6
MELI,2026-05-27,536800,117210,6
PRM,2026-05-22,0,0,1
CVS,2026-05-21,236370,321498,8
FUN,2026-05-27,10450,31275,2
EQIX,2026-05-28,0,524890,2
CORN,2026-05-28,0,0,1
BHE,2026-05-28,99750,0,1
WGS,2026-05-23,32060,0,2
IWM,2026-05-26,983982,2448018,43
BLSH,2026-05-19,632170,0,3
CBRS,2026-05-23,119946,565396,47
FICO,2026-05-28,0,14134,3
FRPT,2026-05-21,21030,0,6
CTSH,2026-05-29,20137,110702,4
PACB,2026-05-27,40368,0,1
DPST,2026-05-20,86030,0,5
HD,2026-05-21,240721,84098,4
SBUX,2026-05-22,0,82080,7
USO,2026-05-26,344077,1575231,31
HACK,2026-05-28,132080,0,3
URBN,2026-05-20,30510,12350,3
QUBT,2026-05-23,63038,67457,13
WULF,2026-05-28,1116496,183981,40
TIGR,2026-05-27,0,77698,3
RRC,2026-05-21,0,0,1
MARA,2026-05-26,164066,63197,24
TAN,2026-05-23,16500,0,1
CSCO,2026-05-22,398885,0,12
CC,2026-05-26,0,132000,2
DAL,2026-05-23,365261,29592,9
MXL,2026-05-28,26300,259352,9
CDNS,2026-05-27,0,0,2
CGNX,2026-05-27,32904,0,2
CBRL,2026-05-22,21560,0,2
ABT,2026-05-26,53863,0,4
TOST,2026-05-21,21900,19780,5
HYLN,2026-05-22,92443,0,2
ZTS,2026-05-29,23094,156030,10
AOS,2026-05-21,0,0,4
TKR,2026-05-21,31360,0,3
WING,2026-05-20,0,0,1
CHTR,2026-05-21,0,0,2
PPLT,2026-05-20,0,55930,3
TSLL,2026-05-20,39740,15096,7
SOLS,2026-05-26,658529,0,1
ABBV,2026-05-28,0,318432,2
ABVX,2026-05-21,81900,218750,5
DXCM,2026-05-21,199972,0,4
PSN,2026-05-26,0,0,4
DAVE,2026-05-28,368604,0,5
DRI,2026-05-26,0,0,1
FRVO,2026-05-22,40288,0,1
TPR,2026-05-22,72788,0,2
LEU,2026-05-26,235149,32500,3
CAL,2026-05-26,0,0,1
ELA,2026-05-27,0,0,1
HL,2026-05-28,380900,34320,3
MU,2026-05-23,14139930,5105534,132
BEN,2026-05-20,0,0,1
BKR,2026-05-20,246150,0,2
XYZ,2026-05-29,263991,1003676,29
PWR,2026-05-27,755802,0,3
LMND,2026-05-27,101750,0,4
FROG,2026-05-20,25079,0,2
OIH,2026-05-27,152460,372642,4
DASH,2026-05-27,0,107544,2
SPX,2026-05-29,12896410,10303380,41
RKT,2026-05-23,249152,0,1
UAMY,2026-05-22,72724,0,1
VALE,2026-05-23,72960,0,3
SHLS,2026-05-28,143328,0,9
ENVX,2026-05-27,244790,0,3
UPST,2026-05-20,450934,121688,15
IMAX,2026-05-23,26550,0,2
HLIT,2026-05-21,23513,0,2
PUBM,2026-05-26,16457,0,1
LWLG,2026-05-23,737442,0,5
P,2026-05-27,109360,888136,22
NTR,2026-05-27,0,0,1
SIMO,2026-05-27,273300,133411,5
FUN,2026-05-19,0,0,1
JNUG,2026-05-20,0,127420,5
CMBT,2026-05-20,14349,0,1
NEE,2026-05-29,164387,0,3
VOYA,2026-05-20,0,0,1
EBAY,2026-05-20,108460,0,6
IMSR,2026-05-23,40662,0,2
PRU,2026-05-27,0,108025,7
CPB,2026-05-29,10329,30444,3
DOCU,2026-05-22,10895,0,1
SGHC,2026-05-28,104700,0,1
NFLX,2026-05-29,654373,117005,17
RKLB,2026-05-28,1432303,290992,17
DTE,2026-05-28,54390,0,1
QURE,2026-05-27,11360,0,1
SNDK,2026-05-22,7544168,1181873,59
VSH,2026-05-21,45054,0,3
COHR,2026-05-27,1209378,0,4
HYG,2026-05-22,0,431515,8
NXT,2026-05-20,60000,0,1
ORCX,2026-05-19,0,0,1
MOS,2026-05-23,10950,21982,3
FRO,2026-05-22,46560,0,4
GFI,2026-05-20,30080,0,2
NRG,2026-05-19,378200,0,5
AVGO,2026-05-27,1675480,809124,20
AMDY,2026-05-28,50400,0,1
CHD,2026-05-28,0,0,1
CHGG,2026-05-23,25794,0,1
CVX,2026-05-29,0,198968,4
PUMP,2026-05-26,0,0,2
GOOGL,2026-05-19,2702652,2285658,56
UAMY,2026-05-21,136180,0,2
MCK,2026-05-21,235440,0,2
BBY,2026-05-29,13760,14995,11
ABVX,2026-05-26,75220,43960,11
DUK,2026-05-20,0,0,1
DPST,2026-05-27,0,97502,3
CAMT,2026-05-27,0,0,1
BMNR,2026-05-23,80911,98860,10
LYV,2026-05-23,0,0,4
VRSK,2026-05-22,134511,0,3
IREN,2026-05-20,950429,1899254,106
CVLT,2026-05-28,17980,0,1
TDG,2026-05-28,0,0,1
GIS,2026-05-21,18970,0,1
ABT,2026-05-20,285255,0,4
MPC,2026-05-28,201129,0,2
PRU,2026-05-28,27020,0,1
RBLX,2026-05-26,0,138000,5
SHEL,2026-05-20,0,0,2
MS,2026-05-28,55692,152138,3
TJX,2026-05-27,0,0,1
JOBY,2026-05-27,408219,16000,17
SNDR,2026-05-21,10289,0,1
ETHU,2026-05-22,19160,0,1
LULU,2026-05-20,183802,1553987,22
JEF,2026-05-20,0,0,1
LABU,2026-05-19,0,186279,7
IWM,2026-05-29,6766807,5220233,57
LRCX,2026-05-26,1551606,164015,12
RILY,2026-05-28,0,11800,3
OLED,2026-05-20,0,58861,2
USB,2026-05-27,0,0,1
FCG,2026-05-19,37500,0,1
ESS,2026-05-27,154830,0,2
UCO,2026-05-20,37818,42000,2
UUP,2026-05-20,0,0,1
V,2026-05-26,0,0,1
CHH,2026-05-27,0,0,1
ERO,2026-05-28,62620,0,2
A,2026-05-26,12480,0,1
ACN,2026-05-20,312950,301637,7
SPY,2026-05-19,49881544,29629737,353
APTV,2026-05-23,10125,0,1
ASHR,2026-05-20,0,0,4
MTN,2026-05-22,0,52000,1
SYNA,2026-05-27,0,0,1
PCVX,2026-05-28,0,11300,1
YINN,2026-05-26,172592,0,13
DHI,2026-05-28,371447,140170,7
STRL,2026-05-27,0,0,2
COF,2026-05-20,0,53820,2
LITE,2026-05-27,166126,334080,15
ENVX,2026-05-20,260868,15150,7
SMTC,2026-05-23,2070500,0,33
ALB,2026-05-20,1452702,83982,6
MBX,2026-05-20,12000,0,1
ASST,2026-05-23,10070,0,2
GLXY,2026-05-23,0,0,1
HUBS,2026-05-22,0,0,2
ON,2026-05-20,325698,186091,14
AMZN,2026-05-28,6884051,753566,44
SHAK,2026-05-19,16670,0,2
AG,2026-05-28,214838,11692,10
NOK,2026-05-23,2484058,611051,25
SIDU,2026-05-27,426103,0,14
PURR,2026-05-27,38500,0,4
BULL,2026-05-26,298625,0,6
BCS,2026-05-19,0,64125,1
MELI,2026-05-22,519481,0,3
WEAT,2026-05-23,13500,0,1
JD,2026-05-29,239455,18000,8
PLAB,2026-05-22,197700,0,3
VRTX,2026-05-23,0,0,1
OUST,2026-05-19,256949,0,3
AFRM,2026-05-23,42422,25595,4
BITX,2026-05-26,0,29607,3
TITN,2026-05-28,58468,0,3
ARIS,2026-05-22,16204,0,1
EQT,2026-05-23,0,0,3
AOSL,2026-05-27,106270,0,3
CRM,2026-05-29,1803415,1709292,40
QQQ,2026-05-23,8615239,5538354,130
FEZ,2026-05-28,0,0,2
EWY,2026-05-22,1535452,745214,26
ALNT,2026-05-28,0,0,1
MRK,2026-05-19,0,0,3
CBOE,2026-05-28,0,0,1
RUTW,2026-05-27,0,0,1
PONY,2026-05-27,461542,0,5
EC,2026-05-21,10465,0,2
NXE,2026-05-23,23700,0,2
SRAD,2026-05-28,10205,0,1
NTNX,2026-05-19,16640,0,4
HYLN,2026-05-20,11000,0,1
JEF,2026-05-27,31000,0,1
WIX,2026-05-20,10999,0,2
MTDR,2026-05-20,16950,0,2
TSLA,2026-05-23,17341510,3819908,136
ETSY,2026-05-23,17100,49838,3
LSCC,2026-05-27,0,0,1
VWAV,2026-05-23,0,0,1
ADTN,2026-05-29,71735,0,4
CLS,2026-05-28,50900,196432,13
ARX,2026-05-20,33151,0,2
BROS,2026-05-23,0,21120,1
BAH,2026-05-22,0,0,1
XYL,2026-05-23,19934,20735,2
MOH,2026-05-21,0,17080,1
AMRZ,2026-05-19,0,0,1
VTI,2026-05-28,938858,0,4
ASML,2026-05-28,1097530,2488921,10
MRAM,2026-05-22,10498,0,1
ABT,2026-05-21,0,154542,3
XRX,2026-05-26,65550,0,4
QQQ,2026-05-29,23444846,22612099,284
NOW,2026-05-23,838087,0,10
BWA,2026-05-26,49370,0,5
TXT,2026-05-21,0,0,1
XBI,2026-05-21,36374,10400,19
AUR,2026-05-23,30134,10000,3
OKLO,2026-05-23,100136,264410,40
SKM,2026-05-27,29977,0,3
PAGP,2026-05-19,48998,0,2
BX,2026-05-28,77519,0,2
STLA,2026-05-26,33975,24630,4
MELI,2026-05-23,149880,0,1
ICLR,2026-05-27,0,0,1
OPEN,2026-05-21,12712,0,4
GLXY,2026-05-19,27375,19176,2
XPEV,2026-05-22,433698,182436,7
TGT,2026-05-22,762234,0,6
ARKK,2026-05-19,163503,278294,18
WCC,2026-05-22,21080,0,1
RY,2026-05-26,0,0,1
PTCT,2026-05-23,0,0,1
KOPN,2026-05-27,28170,40001,3
STNE,2026-05-27,28800,0,1
XLE,2026-05-27,1889742,1044196,94
BLDP,2026-05-23,0,0,2
RBRK,2026-05-28,927666,0,11
SLV,2026-05-26,3017484,301411,58
ALAB,2026-05-22,1306808,108215,32
JBLU,2026-05-22,18389,0,1
BAH,2026-05-26,199222,0,2
TPL,2026-05-26,226838,136880,4
TMF,2026-05-26,0,0,5
CDNS,2026-05-26,317186,0,1
SIDU,2026-05-20,0,34125,2
LITX,2026-05-20,0,0,1
PTCT,2026-05-21,0,0,1
NN,2026-05-19,12480,0,3
CSIQ,2026-05-20,18470,0,1
HSAI,2026-05-20,0,0,1
SOXS,2026-05-22,349211,14384,31
HWM,2026-05-20,0,0,1
CNH,2026-05-28,0,0,1
TLN,2026-05-28,65310,720488,6
AXON,2026-05-21,10880,20800,4
FLS,2026-05-20,69526,0,1
LMT,2026-05-29,289440,0,1
RCI,2026-05-27,27776,0,5
CABA,2026-05-28,15785,0,1
RBLX,2026-05-20,776670,0,6
FANG,2026-05-27,0,0,1
MDB,2026-05-21,102290,41750,11
SDOW,2026-05-22,0,0,1
PRIM,2026-05-27,127020,0,3
ISRG,2026-05-28,80000,829895,7
OVV,2026-05-28,0,10865,1
ULCC,2026-05-22,0,23610,1
PG,2026-05-20,581480,54145,6
TMDX,2026-05-29,0,55180,2
GS,2026-05-23,562504,0,8
CHH,2026-05-28,0,0,1
NIO,2026-05-23,0,0,9
MRNA,2026-05-19,47040,382471,13
JBL,2026-05-23,53914,0,3
ZENA,2026-05-28,0,0,2
STRL,2026-05-26,0,0,1
LYFT,2026-05-27,0,0,3
HON,2026-05-28,0,0,2
MSTR,2026-05-21,401850,1318474,26
LUV,2026-05-26,0,81150,6
NPWR,2026-05-27,0,0,1
BIDU,2026-05-22,246655,0,7
SOXL,2026-05-19,320442,604151,59
NEE,2026-05-20,321581,0,9
PAA,2026-05-21,0,0,1
ALGN,2026-05-20,12100,0,1
ETSY,2026-05-26,83436,0,6
MRNA,2026-05-27,50000,215889,9
POET,2026-05-19,20809892,721741,213
AR,2026-05-21,0,522790,4
DD,2026-05-27,0,0,1
OKTA,2026-05-19,352622,16660,20
VLO,2026-05-22,0,0,1
KKR,2026-05-26,456287,0,2
SKY,2026-05-26,49799,0,3
ITT,2026-05-26,80993,0,2
NVDA,2026-05-21,42078173,16552991,450
MNST,2026-05-28,0,82690,2
GLXY,2026-05-29,106120,201835,12
ISRG,2026-05-29,0,61977,1
CMG,2026-05-28,64232,0,4
VLN,2026-05-23,0,0,1
ARDX,2026-05-28,42105,0,1
TSM,2026-05-28,5058881,1331807,34
ETHA,2026-05-20,170402,71465,12
CAL,2026-05-23,33130,0,3
SPYI,2026-05-20,0,0,1
RIOT,2026-05-22,154551,31339,17
CATO,2026-05-28,12680,0,1
FISV,2026-05-22,17135,0,2
SKM,2026-05-20,211290,0,4
LQD,2026-05-26,68274,16240,4
ASST,2026-05-26,59370,0,7
PLUG,2026-05-20,16140,0,5
IBIT,2026-05-29,2356440,1190255,34
TDS,2026-05-23,0,0,1
HIMS,2026-05-19,374000,222991,24
OSPN,2026-05-27,15915,0,1
WTW,2026-05-22,151680,0,1
ASC,2026-05-20,0,0,1
VRT,2026-05-28,176610,258896,8
ALNY,2026-05-27,19860,0,1
OPEN,2026-05-23,221404,0,4
CTSH,2026-05-19,309540,19500,5
LCID,2026-05-20,10000,0,3
XHB,2026-05-22,78219,0,6
SE,2026-05-19,537651,155280,15
ADEA,2026-05-23,54480,0,1
FLY,2026-05-21,430200,0,7
LUV,2026-05-19,25958,0,4
STNE,2026-05-19,0,0,1
PURR,2026-05-28,28520,30770,4
ON,2026-05-28,353520,34000,9
FXI,2026-05-22,0,28500,6
AKAM,2026-05-19,481980,223740,9
AGO,2026-05-27,0,0,2
SNX,2026-05-26,16020,0,1
NCLH,2026-05-28,151750,94559,11
CALY,2026-05-26,36550,0,1
XOP,2026-05-23,263660,0,6
PAGP,2026-05-20,0,0,5
AVAV,2026-05-28,197968,326230,13
FSLY,2026-05-26,376580,0,3
FMC,2026-05-27,14828,0,1
TBT,2026-05-19,10800,0,2
VTRS,2026-05-27,36000,27750,3
BDTX,2026-05-22,48550,0,2
SYNA,2026-05-21,0,0,1
TZA,2026-05-23,51750,0,2
GE,2026-05-23,323283,0,4
LYV,2026-05-19,278380,0,8
HCA,2026-05-26,338250,0,1
TSLL,2026-05-19,32500,46428,4
JAZZ,2026-05-20,0,0,2
TTAN,2026-05-26,46960,0,7
CM,2026-05-26,0,51840,1
ATEN,2026-05-28,13520,0,2
JBL,2026-05-27,36994,35620,6
WEAT,2026-05-21,0,0,1
MU,2026-05-27,60530318,39769498,402
CNR,2026-05-26,0,0,1
EOG,2026-05-28,0,0,1
SA,2026-05-27,32700,0,1
HIVE,2026-05-26,97482,0,3
STLD,2026-05-22,0,0,1
ACHR,2026-05-19,287035,0,2
SOXS,2026-05-28,74800,324266,16
XME,2026-05-28,220542,0,2
PAYC,2026-05-22,24640,0,1
AZN,2026-05-22,53100,0,2
EXPE,2026-05-26,20850,0,3
EEM,2026-05-20,623323,0,21
TXN,2026-05-19,227600,154810,6
TCOM,2026-05-19,15000,39965,9
RUM,2026-05-28,11990,0,6
BNO,2026-05-23,90052,0,8
GVA,2026-05-19,0,0,1
CPB,2026-05-23,17500,0,2
HYLN,2026-05-28,15970,0,2
XLI,2026-05-20,45693,26750,14
IMSR,2026-05-21,210015,0,4
W,2026-05-29,161409,0,8
WYNN,2026-05-21,0,101787,1
KORU,2026-05-23,0,0,2
ETSY,2026-05-27,0,64766,14
GTLB,2026-05-28,54575,29322,5
RDW,2026-05-20,125407,11840,7
VOYG,2026-05-21,26320,0,2
CEG,2026-05-19,0,305255,4
PESI,2026-05-22,12120,0,1
FSLY,2026-05-28,19750,0,2
TMO,2026-05-28,219598,233100,4
TXRH,2026-05-22,26219,0,4
FRT,2026-05-22,18239,0,1
BJ,2026-05-28,0,0,1
WHD,2026-05-21,14100,0,2
MGM,2026-05-27,0,0,1
RDW,2026-05-28,725210,10500,33
B,2026-05-29,74772,0,2
MAGS,2026-05-20,144000,0,1
KIM,2026-05-27,0,0,1
RACE,2026-05-27,0,0,1
LNTH,2026-05-23,79829,0,3
UTHR,2026-05-21,0,34200,1
OIH,2026-05-20,0,569240,3
GILD,2026-05-23,0,0,1
CNC,2026-05-27,204870,120960,10
AAP,2026-05-22,414075,0,22
ESTC,2026-05-28,118992,0,5
TBF,2026-05-20,10453,0,1
TTWO,2026-05-28,475634,77886,14
EOSE,2026-05-22,279086,47946,26
ENTG,2026-05-23,0,0,1
OPEN,2026-05-22,259386,65575,15
WU,2026-05-21,272655,0,2
TEVA,2026-05-23,0,0,2
MOB,2026-05-28,0,0,1
SIRI,2026-05-23,63111,0,2
NVAX,2026-05-21,14875,0,1
AGNC,2026-05-27,53120,0,3
BXSL,2026-05-21,0,0,1
NXPI,2026-05-21,663260,124181,9
BBAR,2026-05-28,0,0,2
BBIO,2026-05-26,0,0,1
XOVR,2026-05-29,236167,0,15
DELL,2026-05-28,3684808,471015,33
UMAC,2026-05-26,494899,0,2
AME,2026-05-21,60830,0,1
ARE,2026-05-28,0,0,2
PAYX,2026-05-23,96623,14150,2
CE,2026-05-20,0,26290,4
SHW,2026-05-23,0,54450,1
JETS,2026-05-21,115836,0,1
SHEL,2026-05-21,0,0,1
FORM,2026-05-29,251159,0,4
PL,2026-05-23,817060,105745,7
AMRC,2026-05-26,83200,0,2
AMD,2026-05-20,29592962,9113276,141
XLP,2026-05-29,19125,24000,5
PENG,2026-05-27,229289,0,6
IBB,2026-05-21,0,0,2
RIVN,2026-05-23,11484,70408,9
SQM,2026-05-27,39589,0,1
CRCL,2026-05-20,581384,32454,30
HEI,2026-05-21,42920,0,2
ASYS,2026-05-26,0,0,1
BHC,2026-05-26,0,65797,2
POWL,2026-05-19,37950,0,4
ELF,2026-05-21,89595,291548,26
VIAV,2026-05-26,1766349,59702,16
AG,2026-05-21,0,10773,7
AMPX,2026-05-26,16128,0,1
PUSA,2026-05-29,36514,0,2
VIXY,2026-05-26,46640,0,2
ATEX,2026-05-23,25162,0,2
AEVA,2026-05-22,35198,0,2
LOGI,2026-05-27,0,0,1
ARKG,2026-05-26,11462,0,1
ENPH,2026-05-22,1417614,1154022,75
HUM,2026-05-23,0,600565,9
ZTS,2026-05-28,0,17160,1
OIH,2026-05-28,0,2184305,7
SNDU,2026-05-27,0,0,1
CTSH,2026-05-21,0,0,1
GFS,2026-05-28,119000,209521,12
HOOG,2026-05-29,16649,0,1
GLW,2026-05-23,556122,0,12
CELC,2026-05-28,117299,0,3
USB,2026-05-20,78820,0,2
AVGO,2026-05-22,2202481,0,16
SIRI,2026-05-19,0,0,1
MO,2026-05-22,0,0,2
BILL,2026-05-26,0,0,1
YPF,2026-05-22,0,0,2
MCD,2026-05-19,293915,58935,4
SHEL,2026-05-19,431865,0,3
SIDU,2026-05-26,322243,10070,8
CSIQ,2026-05-23,40576,30083,7
CTAS,2026-05-26,64240,0,1
AES,2026-05-21,0,0,1
MTUM,2026-05-28,0,16920,1
KLIC,2026-05-22,10071,0,2
TMC,2026-05-27,0,0,1
IREN,2026-05-21,4987053,440743,126
HYG,2026-05-21,11455,455018,7
WGS,2026-05-28,18360,0,1
BILI,2026-05-23,0,51452,4
HPE,2026-05-22,190872,197344,9
PTON,2026-05-27,41971,0,5
FPS,2026-05-19,0,0,2
CPT,2026-05-22,24148,0,2
ES,2026-05-20,11250,0,2
PHM,2026-05-27,0,0,1
GS,2026-05-27,519980,660700,26
NWL,2026-05-20,15000,0,1
NVO,2026-05-22,25750,383781,18
NICE,2026-05-22,0,0,2
BLDR,2026-05-20,0,47659,3
EPD,2026-05-27,0,0,1
V,2026-05-27,0,0,1
FLEX,2026-05-22,0,41082,3
SCHW,2026-05-20,123646,0,6
DJT,2026-05-26,177322,0,3
MRAM,2026-05-28,701350,47880,12
ALGN,2026-05-29,18330,0,2
DE,2026-05-27,0,59280,1
ALAB,2026-05-27,206690,0,7
CTAS,2026-05-20,753580,0,17
ADBE,2026-05-21,265085,1765993,31
MBLY,2026-05-21,0,10500,2
APLD,2026-05-26,2011539,68339,16
HRL,2026-05-26,0,0,2
AAOI,2026-05-27,723551,110930,45
HIMX,2026-05-21,0,0,1
NXE,2026-05-29,187016,0,2
GGAL,2026-05-27,99470,178500,3
GEV,2026-05-19,1241864,101050,9
BNO,2026-05-21,274022,12980,20
SMR,2026-05-20,25160,0,2
JNUG,2026-05-23,0,0,1
TDOC,2026-05-21,0,39744,1
HOOD,2026-05-20,867742,226519,17
WU,2026-05-22,0,15000,1
AEO,2026-05-22,0,0,1
HSBC,2026-05-20,0,65001,1
IMAX,2026-05-27,20405,0,1
AVGO,2026-05-26,3392620,818762,23
BRKB,2026-05-22,0,980000,1
USPH,2026-05-20,0,14040,1
HIVE,2026-05-22,126780,0,11
AXTX,2026-05-26,11428,0,1
APH,2026-05-20,803510,166023,5
WEAT,2026-05-27,0,0,1
W,2026-05-23,0,0,2
INV,2026-05-23,43417,0,3
VAC,2026-05-22,42390,0,1
AMKR,2026-05-23,78440,127415,5
CBRS,2026-05-29,90770,25548,15
MTUM,2026-05-27,0,1257190,26
KBH,2026-05-23,0,29000,1
LMT,2026-05-22,0,0,1
PEP,2026-05-22,150000,0,1
MRK,2026-05-27,0,363532,4
IBIT,2026-05-22,3993130,1802564,34
WDC,2026-05-26,109450,1117506,16
IGV,2026-05-22,308450,336574,24
HSY,2026-05-27,0,385939,7
ACMR,2026-05-28,1036448,241680,3
PEG,2026-05-23,0,0,4
TSN,2026-05-26,22439,0,1
MSTR,2026-05-19,1556601,3611924,27
WFC,2026-05-29,0,0,5
TXN,2026-05-26,2110007,0,7
VOYG,2026-05-22,107989,0,3
GTLB,2026-05-22,0,107613,3
GLW,2026-05-28,121155,286458,7
TEX,2026-05-26,294000,0,1
BIDU,2026-05-28,353250,51450,9
AWK,2026-05-27,10450,0,1
SPXW,2026-05-21,7202305,5097230,147
AI,2026-05-26,768594,0,12
DTCR,2026-05-22,30495,0,1
CSIQ,2026-05-27,0,0,4
BBY,2026-05-28,313463,164750,25
ATOM,2026-05-22,0,24000,2
NIO,2026-05-21,479165,16200,17
GM,2026-05-21,0,0,1
STLA,2026-05-20,19569,24750,3
BX,2026-05-29,0,57125,2
TE,2026-05-26,546921,20250,28
SPCE,2026-05-22,293809,24501,19
SYM,2026-05-28,16425,0,1
IEF,2026-05-21,0,10106,2
PLUG,2026-05-21,170875,0,7
KNX,2026-05-21,14850,0,2
ENTG,2026-05-20,525522,0,6
BNTX,2026-05-23,81300,0,2
JD,2026-05-20,19575,0,3
ABCL,2026-05-27,13440,0,1
TAN,2026-05-21,17638,0,2
STUB,2026-05-28,24983,0,1
SPOT,2026-05-28,106350,0,5
ASTS,2026-05-22,10554130,748512,215
ATOM,2026-05-28,186060,0,1
KRE,2026-05-19,214071,239846,15
BX,2026-05-27,0,78375,5
KLIC,2026-05-23,11000,0,1
CALM,2026-05-26,15570,0,1
AFL,2026-05-21,58560,0,2
SPX,2026-05-21,4173270,5426580,37
WWD,2026-05-21,0,0,1
ORBS,2026-05-21,147127,0,9
CW,2026-05-28,0,0,1
RUTW,2026-05-20,505448,0,2
HUT,2026-05-19,22010,159240,10
VOO,2026-05-22,0,0,1
CSCO,2026-05-20,459084,260450,10
FCX,2026-05-20,65000,480145,10
SIRI,2026-05-28,229738,0,3
WDAY,2026-05-22,802726,481597,34
INFQ,2026-05-27,384130,0,19
QCML,2026-05-26,0,0,1
FSLY,2026-05-23,0,40380,1
MTB,2026-05-22,11660,0,1
TQQQ,2026-05-28,4248074,329638,60
SPY,2026-05-28,29631694,18083538,301
EWJ,2026-05-27,23540,0,1
CIFR,2026-05-29,1989963,0,19
RGTI,2026-05-28,2564334,156039,92
ANF,2026-05-23,0,0,2
LI,2026-05-29,14523,19200,3
GEMI,2026-05-21,0,120037,1
FRO,2026-05-20,0,92120,9
BE,2026-05-19,589110,59855,16
HL,2026-05-26,362043,0,5
UUUU,2026-05-22,29700,19130,4
SMR,2026-05-28,95136,0,5
AMKR,2026-05-27,91441,0,13
AMD,2026-05-28,15519303,4514732,140
JPM,2026-05-26,294030,1664190,8
GTLB,2026-05-20,155802,10731,3
SLS,2026-05-21,110879,26840,7
BB,2026-05-26,1223410,0,26
CRWD,2026-05-23,1305157,349816,12
DRAM,2026-05-21,1625375,356857,45
UBS,2026-05-20,0,0,1
MBLY,2026-05-26,0,74425,5
TAL,2026-05-22,0,0,1
MEC,2026-05-23,190000,0,2
META,2026-05-29,6562725,1728036,55
TTD,2026-05-27,998887,0,9
TMUS,2026-05-27,50000,128100,3
FIX,2026-05-26,165510,0,4
DKS,2026-05-27,1214251,32400,15
LYV,2026-05-28,47120,0,3
SRE,2026-05-21,89360,0,1
TOL,2026-05-28,43949,0,2
SCO,2026-05-27,13950,0,2
SMG,2026-05-28,39908,0,1
STLD,2026-05-20,0,0,3
CPRI,2026-05-29,223399,0,6
SPX,2026-05-20,3754320,4788750,28
BKNG,2026-05-21,0,68245,5
CZR,2026-05-26,0,0,1
CRWV,2026-05-28,3532991,2632313,150
ERX,2026-05-22,0,0,2
QS,2026-05-26,104687,0,9
HAL,2026-05-20,219435,232953,28
AKAM,2026-05-21,0,204365,8
PLAB,2026-05-21,0,0,2
TVTX,2026-05-27,255831,0,12
CHKP,2026-05-27,186355,0,2
GWRE,2026-05-28,0,0,1
ARKK,2026-05-26,17770,189163,4
ONTO,2026-05-23,49599,0,1
OPEN,2026-05-19,0,0,5
EQT,2026-05-26,120975,0,2
RCAT,2026-05-28,664207,39523,28
VRT,2026-05-21,194465,264850,6
NOW,2026-05-19,8142226,675530,82
ALGT,2026-05-27,69894,0,2
AVY,2026-05-28,36550,0,1
AMAT,2026-05-28,553600,168660,12
INDI,2026-05-27,20000,0,1
CSCO,2026-05-29,727823,124740,10
RKLB,2026-05-26,1805319,0,17
EWJ,2026-05-22,19492,0,1
FMC,2026-05-23,0,0,1
ROKU,2026-05-20,21045,0,2
FANG,2026-05-20,78000,51620,2
ALGT,2026-05-21,0,0,1
PATH,2026-05-21,92000,13845,9
DOW,2026-05-26,171688,24002,6
SOXX,2026-05-29,408643,1760818,17
NOC,2026-05-23,0,0,1
CEVA,2026-05-28,0,0,1
IESC,2026-05-20,0,271000,1
COCO,2026-05-20,10320,0,4
MDB,2026-05-22,13625,0,8
CSL,2026-05-21,0,11002,1
JPM,2026-05-21,876377,4402326,7
PM,2026-05-27,0,0,4
VPG,2026-05-23,63600,0,1
FIG,2026-05-27,533363,417981,15
IBKR,2026-05-29,113343,25317,4
XYZ,2026-05-26,421229,99711,14
ABVX,2026-05-23,40700,0,6
SPY,2026-05-26,45030974,10279245,156
ERX,2026-05-21,56998,0,1
RY,2026-05-28,116015,0,2
VKTX,2026-05-19,36260,0,1
SIG,2026-05-27,0,0,1
TEM,2026-05-22,47401,17632,9
UVXY,2026-05-29,300147,0,10
VRTX,2026-05-20,421676,0,4
CHRW,2026-05-20,133579,0,3
ACMR,2026-05-29,0,18550,4
TQQQ,2026-05-26,669596,382573,61
XRAY,2026-05-21,457980,0,2
CMCSA,2026-05-26,136224,0,1
SLF,2026-05-19,0,0,2
AVTR,2026-05-29,0,71155,1
AMT,2026-05-27,0,191450,1
STRL,2026-05-28,147070,0,3
BUG,2026-05-27,0,0,1
F,2026-05-20,835300,0,8
LSCC,2026-05-28,0,185422,3
ENPH,2026-05-19,49254,295434,17
KSS,2026-05-27,0,23180,3
WSM,2026-05-21,0,0,1
ARXS,2026-05-29,122042,0,3
INTC,2026-05-22,2694209,1098350,32
DOC,2026-05-23,10725,0,1
BWET,2026-05-27,0,0,1
KGC,2026-05-22,0,32545,2
CSWC,2026-05-26,0,0,1
CASY,2026-05-20,63440,0,1
DIN,2026-05-28,0,0,1
TOL,2026-05-27,12149,0,2
IEF,2026-05-19,0,1148533,6
EFA,2026-05-21,0,0,1
SOUN,2026-05-27,26976,12750,5
ROKU,2026-05-23,226896,116162,19
KGC,2026-05-29,40852,0,2
DV,2026-05-20,10405,0,1
PG,2026-05-28,97861,0,1
APA,2026-05-26,458702,0,5
STUB,2026-05-19,106397,33330,6
BMNR,2026-05-29,886457,47550,52
BIRK,2026-05-28,171254,18060,6
IONQ,2026-05-22,1062245,453727,61
SOFI,2026-05-28,2000754,84350,54
TSLA,2026-05-26,14204341,2423783,115
ANF,2026-05-29,0,0,3
GFI,2026-05-19,10776,0,1
BOIL,2026-05-22,0,0,1
UMC,2026-05-28,611682,0,3
VIX,2026-05-20,3289187,412500,14
TT,2026-05-28,0,140007,3
COIN,2026-05-27,409365,2683488,89
STLD,2026-05-27,105010,0,5
VCX,2026-05-23,0,0,1
FIX,2026-05-28,0,0,1
USO,2026-05-28,279204,1658490,56
KWEB,2026-05-21,51405,449106,33
CP,2026-05-28,0,0,1
TGTX,2026-05-22,14260,0,1
FINV,2026-05-27,18472,0,1
GKOS,2026-05-27,0,0,3
NTRS,2026-05-20,0,0,2
BEN,2026-05-29,0,0,1
ASST,2026-05-27,104500,0,2
TVTX,2026-05-28,198531,0,7
TEVA,2026-05-27,0,15480,1
CCI,2026-05-21,0,0,1
UUUU,2026-05-27,0,76480,5
NKE,2026-05-26,427038,0,3
SNOW,2026-05-22,422825,255481,6
ADBE,2026-05-22,1701583,962751,13
POWL,2026-05-21,0,0,1
XE,2026-05-20,0,0,1
VG,2026-05-23,289760,0,2
ARM,2026-05-29,2724137,2987008,53
NXPI,2026-05-26,181410,0,2
FINV,2026-05-28,0,0,1
NEM,2026-05-21,0,135610,2
KEYS,2026-05-19,613394,246751,6
AXTI,2026-05-22,124560,38780,9
SPY,2026-05-27,22948913,12562336,309
MMM,2026-05-23,0,0,1
CAR,2026-05-23,12939,0,11
HCA,2026-05-20,218220,65280,5
CVX,2026-05-19,59122,592213,7
LUMN,2026-05-27,87184,0,4
AAOI,2026-05-22,728063,91464,41
CDRE,2026-05-29,22492,0,1
DAVE,2026-05-21,594580,0,1
SRPT,2026-05-27,10505,0,1
KOD,2026-05-20,17335,0,1
CSX,2026-05-26,245700,0,2
QID,2026-05-21,12500,0,1
NUAI,2026-05-22,27500,0,5
KNTK,2026-05-21,0,0,1
SLS,2026-05-23,14520,0,3
EFA,2026-05-23,0,58825,2
GFI,2026-05-27,0,0,1
SFM,2026-05-26,0,0,1
BROS,2026-05-29,147168,0,6
IYR,2026-05-28,0,0,1
DG,2026-05-20,355656,40856,3
OUST,2026-05-21,39927,14430,5
INV,2026-05-27,10379,10000,2
MNDY,2026-05-23,27200,0,2
VTGN,2026-05-23,0,0,1
STZ,2026-05-19,40090,0,4
AG,2026-05-23,313811,0,8
BURL,2026-05-27,0,0,3
THRY,2026-05-23,58170,0,1
DKNG,2026-05-21,0,42837,4
SOXX,2026-05-28,0,3099354,35
CSCO,2026-05-27,420640,331543,13
VOYA,2026-05-21,221223,0,1
KEYS,2026-05-20,1068333,353548,15
TLN,2026-05-20,339950,88200,8
GPN,2026-05-27,12010,0,2
PURR,2026-05-26,219853,26506,13
CENX,2026-05-20,16200,0,1
ROST,2026-05-22,178730,1422830,4
WULF,2026-05-23,52333,45770,15
NKTR,2026-05-22,0,15000,1
LUV,2026-05-27,100205,0,9
NN,2026-05-27,74054,53350,14
ABX,2026-05-20,0,0,1
NCLH,2026-05-20,350143,33896,7
XLE,2026-05-23,693544,508830,57
ROK,2026-05-22,134318,0,1
NVDX,2026-05-20,249828,0,4
SHOO,2026-05-21,0,0,1
LEN,2026-05-22,0,13920,3
SIRI,2026-05-29,0,0,2
TMF,2026-05-20,130872,40406,11
RMBS,2026-05-22,170329,0,5
ZETA,2026-05-28,201328,0,16
PYPL,2026-05-19,132322,10921,14
IQV,2026-05-28,188100,190910,13
TEAM,2026-05-29,1134405,608493,43
RUT,2026-05-23,370500,490770,7
EBAY,2026-05-21,82350,0,2
CHWY,2026-05-20,249608,13620,14
TEM,2026-05-29,1064516,0,32
BP,2026-05-27,318060,0,1
FRO,2026-05-26,0,43240,3
FCEL,2026-05-27,136616,12290,17
FIGR,2026-05-21,566285,186930,29
QCOM,2026-05-29,13123390,257065,66
TRI,2026-05-27,32380,0,1
SBET,2026-05-23,0,16600,1
DAVE,2026-05-26,0,0,1
AMD,2026-05-26,8740347,4552654,64
DAL,2026-05-21,581971,489159,34
GDS,2026-05-23,11275,0,1
URA,2026-05-21,52020,0,1
OLED,2026-05-19,0,47612,1
APPN,2026-05-26,115112,0,2
LCID,2026-05-27,0,0,2
DVN,2026-05-29,94434,591343,8
NOW,2026-05-26,1688835,4085822,12
PENG,2026-05-20,166196,0,7
VGT,2026-05-26,0,0,1
KEYS,2026-05-27,0,163800,2
TJX,2026-05-19,91125,0,1
LAES,2026-05-26,41000,0,8
TPL,2026-05-21,24700,0,1
CELH,2026-05-20,0,27794,5
PTLO,2026-05-22,0,22505,2
SPOT,2026-05-22,1948731,1173640,29
EQT,2026-05-20,177015,0,5
RIOT,2026-05-19,227688,0,26
BWXT,2026-05-28,0,168410,1
COPX,2026-05-22,0,20800,6
NUAI,2026-05-21,0,0,1
PDD,2026-05-28,2941057,503150,24
BOOT,2026-05-26,88198,0,4
APPS,2026-05-22,0,0,1
SOXL,2026-05-26,1550849,458855,67
NRG,2026-05-21,114010,11300,5
CORN,2026-05-29,16710,0,2
PPLT,2026-05-19,0,0,1
ABCL,2026-05-21,0,0,2
PGNY,2026-05-19,33470,0,2
MDY,2026-05-27,164120,0,1
ROOT,2026-05-22,0,121610,3
TWLO,2026-05-19,808937,0,12
BBIO,2026-05-22,0,0,1
BIIB,2026-05-23,25970,0,1
AMSC,2026-05-19,173684,0,3
NNE,2026-05-26,422390,0,6
BWET,2026-05-29,16250,0,2
GBTC,2026-05-26,101880,0,1
PBR,2026-05-28,0,0,1
CAR,2026-05-21,275920,0,6
MTZ,2026-05-28,0,0,1
SPCE,2026-05-26,161600,0,13
OKTA,2026-05-22,0,22755,2
CVX,2026-05-22,0,0,2
HIVE,2026-05-21,1126626,94800,35
LEU,2026-05-23,228750,0,1
AMD,2026-05-27,19370732,3775490,154
CEG,2026-05-21,377630,334243,9
NBIS,2026-05-20,6783685,4405718,188
GLD,2026-05-29,11378087,1180944,143
CL,2026-05-27,0,0,2
HSAI,2026-05-26,0,0,1
VKTX,2026-05-22,0,39852,2
BRZE,2026-05-22,0,23200,2
FICO,2026-05-26,378180,651941,3
IOT,2026-05-20,2804686,0,2
DOCS,2026-05-28,152393,0,4
TSCO,2026-05-27,65585,11210,4
COIN,2026-05-19,2368978,2521089,95
SAIL,2026-05-22,18574,0,1
MRVL,2026-05-22,1591601,2095165,40
SLAB,2026-05-21,0,0,1
ACMR,2026-05-26,0,1002068,2
THC,2026-05-29,0,42786,2
SHAK,2026-05-23,0,0,1
XME,2026-05-27,48000,27561,3
TXN,2026-05-20,69560,56700,6
NET,2026-05-19,218625,1663415,4
GME,2026-05-21,29500,0,9
AG,2026-05-26,353186,0,6
COP,2026-05-20,0,0,1
SOLZ,2026-05-28,0,0,1
AGNC,2026-05-23,27702,0,1
ADM,2026-05-27,0,92410,5
SBLK,2026-05-27,167190,0,3
WOLF,2026-05-21,1227240,49808,17
CCJ,2026-05-23,12500,0,1
BHP,2026-05-28,0,0,1
SMCI,2026-05-19,486553,269921,31
APLD,2026-05-28,869443,203451,87
CBOE,2026-05-23,0,0,1
ARXS,2026-05-26,20893,0,2
Q,2026-05-26,89400,0,3
META,2026-05-20,2935828,3646652,32
AXP,2026-05-28,174930,53415,4
Q,2026-05-28,0,0,3
ABBV,2026-05-20,113970,75240,5
PBF,2026-05-19,0,0,1
SCCO,2026-05-20,0,0,1
BZH,2026-05-20,0,15500,1
DAR,2026-05-22,0,13235,2
TECL,2026-05-20,0,61206,3
GILT,2026-05-27,27080,0,1
SHW,2026-05-20,208410,0,2
ORCL,2026-05-28,12592738,2846309,66
RDDT,2026-05-21,620906,253484,30
PD,2026-05-28,0,0,1
SE,2026-05-26,126291,0,5
TEVA,2026-05-20,178871,0,4
KHC,2026-05-28,136000,0,2
SA,2026-05-23,0,0,1
SNAP,2026-05-22,47523,0,4
HSTM,2026-05-19,35979,0,3
ZS,2026-05-29,2019197,333611,54
COF,2026-05-27,55679,356970,2
DKNG,2026-05-23,24288,0,5
PTON,2026-05-19,21964,0,2
DOW,2026-05-23,0,22277,3
USO,2026-05-21,825000,2506528,110
CRSP,2026-05-23,0,0,1
SQM,2026-05-20,239995,0,2
TSLA,2026-05-21,29360323,9448401,237
CRI,2026-05-20,0,13724,1
SGML,2026-05-27,0,20300,1
COPX,2026-05-26,116080,0,8
ASHR,2026-05-28,0,39825,3
MARA,2026-05-27,223438,253334,27
BWA,2026-05-29,295884,0,11
AEHR,2026-05-21,634260,2277398,13
TXN,2026-05-23,1529378,56660,9
SPOT,2026-05-26,0,68530,3
XLF,2026-05-19,475213,1098499,59
BNO,2026-05-27,195141,90851,17
NUGT,2026-05-26,0,0,1
CYTK,2026-05-26,16280,12860,4
ULTA,2026-05-23,0,491760,3
PR,2026-05-27,0,0,1
NOW,2026-05-29,6571386,1746978,86
ENS,2026-05-20,0,0,1
BUD,2026-05-28,0,0,1
TTAN,2026-05-28,33099,0,2
PG,2026-05-23,0,92872,1
EL,2026-05-26,0,0,2
CSX,2026-05-23,0,58145,1
HL,2026-05-27,15158,253878,2
FROG,2026-05-26,171830,0,7
AZO,2026-05-20,0,212500,2
FIVN,2026-05-27,0,0,2
ENPH,2026-05-26,2310982,567135,30
LUV,2026-05-21,73750,26195,4
MSTU,2026-05-22,0,10725,4
BLDR,2026-05-26,78175,0,3
FLY,2026-05-22,1204462,0,17
OWL,2026-05-20,365800,50300,4
VSH,2026-05-26,360325,0,3
STX,2026-05-23,1613000,0,8
COP,2026-05-22,0,531561,4
ABBV,2026-05-21,0,0,1
MLI,2026-05-20,21452,0,1
ADBE,2026-05-28,1204747,1632813,20
XYZ,2026-05-22,48574,393440,13
ETOR,2026-05-22,0,0,1
SHAK,2026-05-22,47925,0,4
ATKR,2026-05-26,0,0,1
HAS,2026-05-27,0,0,1
UNG,2026-05-26,0,0,3
XPO,2026-05-27,63840,0,1
ALV,2026-05-27,18490,0,1
BOOT,2026-05-22,468693,0,1
BL,2026-05-21,1142649,0,6
XLY,2026-05-21,30000,162902,5
EVGO,2026-05-28,15664,0,1
CAG,2026-05-28,0,0,3
LEN,2026-05-28,21411,201380,4
MDGL,2026-05-20,738141,0,3
BL,2026-05-27,0,16380,1
LIN,2026-05-19,335700,0,3
AMC,2026-05-28,0,0,1
BP,2026-05-20,136800,0,1
CELC,2026-05-19,0,528075,4
OILK,2026-05-20,43000,0,10
C,2026-05-21,113160,232931,8
CMCSA,2026-05-27,173635,0,2
CBOE,2026-05-22,104650,0,2
LVS,2026-05-27,0,0,5
LIT,2026-05-23,27000,0,1
A,2026-05-22,95555,0,3
TGT,2026-05-19,95480,0,2
UNCY,2026-05-27,12650,0,1
MRLN,2026-05-26,59115,0,4
CVE,2026-05-20,532582,0,4
VSAT,2026-05-20,0,0,1
GS,2026-05-29,1112675,717769,23
BHF,2026-05-22,41300,0,1
EWZ,2026-05-27,0,282710,18
KO,2026-05-21,0,0,1
PERI,2026-05-20,29390,0,2
EEM,2026-05-29,257015,83885,16
UBER,2026-05-23,341985,132284,7
HAS,2026-05-21,11560,11685,3
APA,2026-05-28,0,22572,1
RBLX,2026-05-27,47430,34876,9
NASA,2026-05-23,50000,0,1
BIIB,2026-05-28,0,23680,1
MTZ,2026-05-19,110670,0,4
ABNB,2026-05-26,397792,0,1
IOT,2026-05-21,0,0,1
EWY,2026-05-28,5748825,2745544,62
AAPL,2026-05-23,3155109,1563508,44
INOD,2026-05-27,0,0,3
CRL,2026-05-20,13639,0,2
ETN,2026-05-23,96389,170800,4
KSS,2026-05-20,13085,0,1
TNXP,2026-05-20,0,12500,1
TER,2026-05-28,0,0,2
MTUM,2026-05-23,0,298896,12
MSTU,2026-05-26,0,0,1
CRK,2026-05-27,56220,0,1
ALMU,2026-05-22,16740,0,1
EQT,2026-05-22,11515,483667,10
MOH,2026-05-27,0,24301,2
SATS,2026-05-19,602624,257230,17
F,2026-05-26,563196,0,5
AGRO,2026-05-21,0,0,2
BOOT,2026-05-27,127440,304000,4
BKR,2026-05-26,216952,0,1
CPAY,2026-05-26,85260,0,1
LEGN,2026-05-22,0,0,1
HSY,2026-05-20,14820,34720,2
DKS,2026-05-26,0,0,1
COCO,2026-05-23,0,0,3
HL,2026-05-19,661915,0,7
UAL,2026-05-22,1219973,161668,21
TTWO,2026-05-21,1153589,318340,11
RXRX,2026-05-27,68143,0,5
CVX,2026-05-28,819245,0,6
BB,2026-05-27,284725,123653,22
PL,2026-05-29,481341,85327,13
CLS,2026-05-29,149633,20700,8
RYN,2026-05-28,0,10000,1
DPST,2026-05-28,0,28140,3
LAD,2026-05-21,57710,0,1
KOS,2026-05-19,0,0,1
IAU,2026-05-20,259000,0,1
AAL,2026-05-29,36472,37802,8
DIOD,2026-05-28,29897,0,1
TTMI,2026-05-28,592175,0,7
UNG,2026-05-19,13965,0,7
RR,2026-05-19,0,10696,1
GE,2026-05-19,62565,0,3
REPL,2026-05-28,17896,0,1
DIS,2026-05-28,0,205170,1
VIX,2026-05-21,4718877,579000,11
ETHA,2026-05-19,63043,196768,27
CORT,2026-05-27,145989,98760,12
PLD,2026-05-21,0,0,1
SILJ,2026-05-21,73051,16000,9
GOOG,2026-05-28,1453717,223663,22
UDOW,2026-05-26,0,0,1
SBSW,2026-05-22,0,0,1
HRB,2026-05-20,0,30128,3
GMED,2026-05-26,0,0,1
XYL,2026-05-21,35420,0,1
TWST,2026-05-22,57400,0,2
GSAT,2026-05-27,71400,0,6
CEG,2026-05-26,2202763,67533,7
MMM,2026-05-26,0,0,2
FDX,2026-05-23,0,0,2
BMY,2026-05-22,0,282719,4
RPD,2026-05-22,0,10386,1
APH,2026-05-27,916686,51150,4
PDFS,2026-05-22,17500,0,1
CIFR,2026-05-23,40360,20005,9
FUTU,2026-05-28,168419,2063174,27
CAR,2026-05-29,0,93631,6
KLAR,2026-05-26,95225,0,3
FRMI,2026-05-20,564924,0,8
CMTL,2026-05-29,0,0,2
GETY,2026-05-22,0,0,1
STZ,2026-05-26,248034,0,3
WULF,2026-05-21,601501,122280,23
MED,2026-05-27,48323,0,3
IEP,2026-05-28,0,248221,4
SEI,2026-05-28,273040,0,2
QQQ,2026-05-21,23964551,14340413,245
ZBH,2026-05-23,42345,0,1
BBAI,2026-05-28,515957,0,15
PL,2026-05-20,293130,0,5
NUAI,2026-05-23,22000,0,10
MTB,2026-05-26,60600,0,1
ALC,2026-05-22,0,0,1
LNG,2026-05-28,465300,0,17
TSEM,2026-05-19,2604507,176110,14
IMSR,2026-05-28,27550,0,2
TIGR,2026-05-19,0,0,13
COGT,2026-05-29,10000,0,1
NKE,2026-05-19,195407,0,8
FUTU,2026-05-20,14967,116251,13
MO,2026-05-23,0,84000,2
TFC,2026-05-26,0,0,2
CROX,2026-05-23,0,0,1
ITB,2026-05-21,0,0,1
FUTU,2026-05-19,1106802,538476,25
PBR,2026-05-21,0,1160540,12
AMBA,2026-05-19,74180,0,2
WEN,2026-05-26,57749,0,3
HESM,2026-05-20,0,0,1
SIDU,2026-05-28,98816,13500,9
CPRI,2026-05-27,1658202,321492,22
AMDL,2026-05-22,36630,49500,4
NOW,2026-05-20,1510755,599590,26
DIS,2026-05-21,645472,1513720,4
KVYO,2026-05-20,30000,0,1
APA,2026-05-22,335431,160820,8
TSSI,2026-05-28,0,0,1
OSCR,2026-05-28,19250,332592,8
GAP,2026-05-27,176374,0,2
INTC,2026-05-19,12389999,1990075,40
GH,2026-05-28,415807,0,12
CSCO,2026-05-19,1339765,712295,30
AMBA,2026-05-26,0,319000,6
BSX,2026-05-23,0,69305,2
BN,2026-05-27,0,171500,1
LLY,2026-05-21,194000,419517,4
HPQ,2026-05-28,796238,193224,45
STUB,2026-05-27,144801,15540,7
IQV,2026-05-22,30990,0,2
H,2026-05-21,91718,0,2
MASI,2026-05-22,0,0,1
MBLY,2026-05-19,0,12019,4
LI,2026-05-20,28676,0,1
AA,2026-05-19,478939,52008,12
PUMP,2026-05-27,44780,0,5
COST,2026-05-28,2658309,241250,20
PSX,2026-05-26,0,80612,2
HIMS,2026-05-29,232860,105745,28
BIDU,2026-05-29,1155775,147095,30
CDE,2026-05-26,309575,30080,8
FXE,2026-05-20,0,0,1
YSS,2026-05-22,52086,0,2
LI,2026-05-28,11907,0,1
SNXX,2026-05-20,288000,0,1
APP,2026-05-22,621217,759641,16
CFG,2026-05-29,12596,116001,3
SONY,2026-05-26,0,0,1
FCX,2026-05-19,454328,171600,15
HTZ,2026-05-26,0,0,1
S,2026-05-26,0,187841,2
COIN,2026-05-26,1842724,418275,28
AVGO,2026-05-28,1573026,1038575,21
CSW,2026-05-23,0,23000,2
ELF,2026-05-22,0,0,6
BWA,2026-05-28,783497,0,23
BHP,2026-05-19,0,63180,4
RMD,2026-05-26,0,158041,3
BG,2026-05-20,44981,0,1
TOST,2026-05-28,0,26010,4
RGTI,2026-05-22,3085506,747034,167
MOD,2026-05-19,254600,92001,6
HRTG,2026-05-21,0,0,1
BKR,2026-05-27,0,483800,1
LITE,2026-05-28,544657,142240,17
TPL,2026-05-22,0,0,1
BKNG,2026-05-29,0,0,1
WIX,2026-05-19,0,0,1
SHOP,2026-05-22,129680,335157,3
UBER,2026-05-27,126725,1489151,7
CHKP,2026-05-21,10478,0,4
CABA,2026-05-26,0,0,1
NTNX,2026-05-28,60900,13000,3
BG,2026-05-19,141120,0,1
BRUN,2026-05-19,0,140786,5
HMY,2026-05-20,0,0,1
VSH,2026-05-27,32020,109572,8
MSCI,2026-05-28,25080,0,1
HON,2026-05-22,122686,0,3
DVN,2026-05-27,412255,0,17
SLF,2026-05-21,17160,0,1
NTRA,2026-05-26,0,0,2
NTNX,2026-05-26,24500,0,1
CLF,2026-05-29,379216,0,18
MSOS,2026-05-27,16000,0,1
MKTX,2026-05-20,0,0,1
ALMU,2026-05-20,53934,13640,4
SG,2026-05-23,0,0,1
DE,2026-05-22,0,0,1
ARQQ,2026-05-22,90000,0,2
SNDK,2026-05-20,3640655,1706061,54
VRRM,2026-05-27,36500,0,3
ROOT,2026-05-20,17760,0,1
PLAY,2026-05-22,14400,0,1
PGNY,2026-05-20,0,0,1
WDAY,2026-05-23,383063,0,6
VXX,2026-05-21,520384,0,4
ETSY,2026-05-28,83043,96722,12
XPEV,2026-05-27,15480,86620,4
UCTT,2026-05-21,590060,0,1
LYV,2026-05-20,0,21120,3
OKLO,2026-05-27,1088815,399680,36
XLY,2026-05-26,460180,70000,4
GDX,2026-05-22,729938,261679,43
NRG,2026-05-23,60610,0,2
RH,2026-05-27,48780,0,2
LAZ,2026-05-20,25600,0,1
CPRT,2026-05-27,14400,0,1
UAMY,2026-05-20,211913,0,8
CSIQ,2026-05-26,223600,18456,4
BLK,2026-05-22,0,470490,2
CELH,2026-05-19,0,0,4
XLP,2026-05-23,0,58520,1
STM,2026-05-26,837328,0,7
UNP,2026-05-20,0,0,1
FCX,2026-05-21,243247,216550,8
UPST,2026-05-27,65280,0,5
QUBT,2026-05-22,568841,16368,31
SITM,2026-05-28,122500,0,3
DVA,2026-05-22,24990,0,1
POWI,2026-05-27,157498,0,11
ROL,2026-05-27,11994,0,1
QS,2026-05-29,300445,44742,11
PENN,2026-05-28,70165,0,16
SU,2026-05-20,0,0,2
EIX,2026-05-19,0,49802,6
SPXL,2026-05-21,0,78160,3
GOOG,2026-05-19,2384299,980254,60
CHWY,2026-05-21,369316,126429,10
FIG,2026-05-28,480833,0,7
DASH,2026-05-21,1365011,0,3
DY,2026-05-20,0,212740,1
IEF,2026-05-23,110696,0,3
STUB,2026-05-20,12285,13350,3
IRON,2026-05-19,24240,0,1
SQQQ,2026-05-23,357593,0,6
DINO,2026-05-22,0,0,1
KKR,2026-05-20,218915,50600,3
TKR,2026-05-27,307538,0,3
INTW,2026-05-21,0,0,1
TTWO,2026-05-20,0,644745,7
TOI,2026-05-27,0,0,1
ETHA,2026-05-21,15000,0,8
NVT,2026-05-27,202138,0,4
RDW,2026-05-29,504640,0,15
CELH,2026-05-27,1640677,33482,33
DELL,2026-05-29,8602370,2450530,95
HAL,2026-05-23,21139,0,1
CASY,2026-05-22,144719,0,2
VSCO,2026-05-29,0,60100,2
PURR,2026-05-22,490657,0,22
DAC,2026-05-19,12495,0,2
OXY,2026-05-21,0,0,1
ROL,2026-05-23,0,66500,1
WYFI,2026-05-27,177004,0,4
KNX,2026-05-26,120070,0,4
VOLT,2026-05-22,13865,0,1
IBP,2026-05-21,24000,0,1
SG,2026-05-27,144687,0,9
XLF,2026-05-21,146208,27854,14
OKLO,2026-05-28,720948,243421,28
ZTS,2026-05-19,243424,29450,14
BBY,2026-05-26,0,70560,1
RGTZ,2026-05-23,0,0,1
QUBT,2026-05-26,494510,0,10
POWL,2026-05-20,546650,0,2
MSFT,2026-05-22,8444944,1258922,60
KEEL,2026-05-28,389722,16017,17
CIBR,2026-05-29,21155,0,2
DRAM,2026-05-26,5139496,163764,80
PYPL,2026-05-20,295056,92386,31
YETI,2026-05-27,41400,0,1
GKOS,2026-05-21,0,0,1
IRDM,2026-05-20,0,14955,2
EXK,2026-05-19,18315,13545,3
DG,2026-05-23,323126,538659,4
U,2026-05-27,143295,21384,17
Q,2026-05-20,1095300,62322,8
RUM,2026-05-22,152638,0,6
MTN,2026-05-28,0,282430,4
MHK,2026-05-21,146503,0,1
HUBS,2026-05-26,92160,0,2
LUV,2026-05-28,136078,117593,9
BB,2026-05-23,972615,0,26
EWJ,2026-05-21,24000,20140,2
ANET,2026-05-19,61497,0,3
SIVR,2026-05-19,23200,12136,2
ESTC,2026-05-22,47849,0,2
PTEN,2026-05-28,18585,0,1
AI,2026-05-28,45368,0,5
BC,2026-05-26,40700,0,1
CRK,2026-05-19,317999,0,1
ESTC,2026-05-27,12650,0,1
LUNR,2026-05-23,219816,132395,15
SJM,2026-05-29,10350,0,1
LIN,2026-05-21,126095,0,1
NVT,2026-05-28,0,0,1
REGN,2026-05-28,275010,73700,2
GLXY,2026-05-22,0,34685,4
BMRN,2026-05-19,0,0,1
KEEL,2026-05-23,84566,0,2
CRBP,2026-05-21,28560,0,3
REXR,2026-05-19,0,17680,1
LUMN,2026-05-22,20763,0,3
SOUN,2026-05-23,60552,0,2
ADI,2026-05-29,0,0,1
SATS,2026-05-21,972790,270158,45
ATOM,2026-05-19,0,22000,1
ROK,2026-05-28,69660,0,1
STZ,2026-05-20,0,27501,1
CNC,2026-05-28,366800,23869,9
SHLS,2026-05-27,205625,134950,14
NET,2026-05-21,157695,249185,4
ALB,2026-05-22,1379167,0,17
ASTS,2026-05-21,7875422,558511,161
SEDG,2026-05-28,0,0,9
WMT,2026-05-22,388595,309780,7
VCX,2026-05-29,63900,89000,3
LIN,2026-05-27,0,158720,2
APPF,2026-05-27,0,0,1
FOXA,2026-05-20,0,84288,1
PLD,2026-05-27,0,0,1
DGXX,2026-05-26,175463,0,3
TMC,2026-05-23,18000,0,1
SATS,2026-05-29,1674893,504480,31
WMB,2026-05-21,201080,0,1
MRNA,2026-05-21,795369,261281,21
MDY,2026-05-28,332885,0,2
XBI,2026-05-19,264911,375361,40
ZM,2026-05-22,1282680,286857,74
CLF,2026-05-20,0,0,1
P,2026-05-19,0,0,2
NTRA,2026-05-29,35190,4323900,6
DECK,2026-05-21,109530,21242,6
WGS,2026-05-21,98528,0,5
DG,2026-05-28,0,273568,8
ED,2026-05-23,0,0,1
AVL,2026-05-20,71700,0,1
REMX,2026-05-28,0,0,2
BILL,2026-05-28,0,0,1
RMBS,2026-05-27,0,329706,3
ZIM,2026-05-20,39120,10500,3
NNE,2026-05-27,107350,0,4
WING,2026-05-21,0,0,4
PAAS,2026-05-19,0,87040,1
SNPS,2026-05-26,433777,0,2
LYFT,2026-05-20,69685,0,5
AMAT,2026-05-20,4505714,520360,24
ARBE,2026-05-28,12960,0,1
WMT,2026-05-27,838355,0,6
BCE,2026-05-20,0,105350,11
TSLA,2026-05-22,33257100,14823261,247
MPWR,2026-05-20,0,0,1
VG,2026-05-19,0,122320,6
LMND,2026-05-20,0,28060,5
SRRK,2026-05-27,42178,0,4
NOC,2026-05-21,132600,270700,3
D,2026-05-20,0,0,1
BTBT,2026-05-22,42000,0,1
HOOD,2026-05-19,578005,1497354,30
MRAM,2026-05-27,401073,0,28
APEI,2026-05-26,20336,0,1
BTDR,2026-05-20,109780,0,7
LTRX,2026-05-28,10600,0,2
BKNG,2026-05-27,0,127660,5
GPN,2026-05-22,23010,0,2
BABA,2026-05-23,749893,126500,27
BLDP,2026-05-28,31952,0,2
BITO,2026-05-27,0,0,1
BURL,2026-05-29,300716,0,6
CZR,2026-05-19,11053,21955,5
TEAM,2026-05-27,283732,163637,36
RUM,2026-05-26,0,30800,1
PG,2026-05-26,64789,0,2
EXPE,2026-05-27,0,0,1
SITM,2026-05-19,0,0,1
BRUN,2026-05-27,870000,12540,3
AGYS,2026-05-22,0,0,1
XPEV,2026-05-26,895860,0,4
FERG,2026-05-28,51520,0,1
WYNN,2026-05-27,128347,0,19
NVO,2026-05-28,212168,30676,11
FCX,2026-05-23,534724,0,6
VIAV,2026-05-19,595000,0,4
USO,2026-05-19,4028786,531933,57
IMMX,2026-05-27,16250,0,1
VSAT,2026-05-22,0,0,1
CRSP,2026-05-26,0,0,2
MRK,2026-05-26,345030,0,1
NTAP,2026-05-20,224617,0,4
AAOX,2026-05-22,14112,0,2
LVS,2026-05-28,0,0,1
DOCU,2026-05-27,24900,0,4
FTAI,2026-05-20,18665,0,4
TMF,2026-05-23,0,0,6
SONY,2026-05-23,439899,0,4
NN,2026-05-20,0,0,1
RCL,2026-05-19,1539970,0,14
DXC,2026-05-26,0,0,2
CDZI,2026-05-19,0,0,1
FXI,2026-05-28,0,83023,16
FJET,2026-05-26,0,0,3
DASH,2026-05-22,0,72240,2
XE,2026-05-26,0,0,1
UAL,2026-05-27,204840,709679,22
EQNR,2026-05-23,0,0,1
APPS,2026-05-28,36000,33000,7
ZD,2026-05-21,0,0,1
VALE,2026-05-22,60236,0,1
FDP,2026-05-26,13080,0,1
QS,2026-05-27,351571,0,15
EMBJ,2026-05-21,13534,0,1
RUN,2026-05-28,155579,68744,30
XME,2026-05-26,94983,0,1
SATL,2026-05-26,0,0,2
CIEN,2026-05-23,0,0,1
IRDM,2026-05-29,0,0,2
KKR,2026-05-27,123410,0,2
TSLL,2026-05-29,95059,0,4
VIX,2026-05-23,619000,0,3
TGT,2026-05-28,63130,0,3
LYV,2026-05-22,0,42470,3
AI,2026-05-27,40984,0,2
HIMS,2026-05-28,254876,141855,21
VSAT,2026-05-23,35280,0,1
SJM,2026-05-23,14560,0,1
BUD,2026-05-21,125476,105000,2
SPOT,2026-05-19,0,691165,7
MUX,2026-05-22,15870,0,1
HRB,2026-05-22,0,0,1
PUMP,2026-05-23,78750,0,3
VIK,2026-05-20,1027359,0,3
SCI,2026-05-19,16670,0,2
BILL,2026-05-21,0,12250,3
CVNA,2026-05-21,738302,285308,23
PENG,2026-05-26,152204,0,6
GTES,2026-05-20,0,193750,2
CPB,2026-05-27,11270,0,2
ASPI,2026-05-21,28148,0,1
KIM,2026-05-21,0,0,1
ORCL,2026-05-21,2347075,2111032,22
JOBY,2026-05-28,53864,0,9
KOD,2026-05-21,0,0,1
HOOD,2026-05-21,130985,1081046,7
WGMI,2026-05-27,0,11000,1
IIPR,2026-05-27,0,0,1
APO,2026-05-19,567467,0,3
AAPL,2026-05-27,7572301,844934,61
BKKT,2026-05-27,0,28046,2
VIX,2026-05-22,2212046,0,10
GLUE,2026-05-21,23845,0,1
ENVX,2026-05-28,68217,17310,6
CIEN,2026-05-21,0,0,2
TEN,2026-05-20,0,0,1
MARA,2026-05-20,238486,441627,29
AMDL,2026-05-28,0,118410,1
RARE,2026-05-23,1300000,0,1
ABCL,2026-05-28,55800,0,1
SPIR,2026-05-26,86000,0,1
BBWI,2026-05-20,0,0,1
BROS,2026-05-27,64350,231131,2
IBRX,2026-05-22,0,0,7
MDT,2026-05-22,0,0,1
NASA,2026-05-28,172628,710000,7
T,2026-05-20,174762,0,2
RGLD,2026-05-20,0,52930,4
AMDL,2026-05-27,1049999,13449,2
KTOS,2026-05-22,0,73205,3
ESTC,2026-05-29,168515,52000,16
DPRO,2026-05-23,0,0,1
FUN,2026-05-21,28125,0,2
FRO,2026-05-28,0,19600,4
VTRS,2026-05-22,0,0,1
WAB,2026-05-21,0,60000,1
GDDY,2026-05-27,0,0,1
PL,2026-05-26,1358503,0,15
CE,2026-05-22,96250,0,7
NNE,2026-05-20,0,0,1
CAMT,2026-05-26,285600,0,2
SAP,2026-05-21,0,497250,3
ERAS,2026-05-23,11000,0,1
DAVE,2026-05-19,0,0,1
WPM,2026-05-27,0,0,2
IMAX,2026-05-26,45174,0,1
TLRY,2026-05-23,0,13833,1
BIRK,2026-05-29,0,50800,8
DDOG,2026-05-19,735216,106970,11
NVDA,2026-05-28,36132826,8567465,203
EOG,2026-05-22,0,0,1
GNRC,2026-05-28,84830,283604,4
COIN,2026-05-28,2888602,3465835,96
WCN,2026-05-20,0,0,1
VRTX,2026-05-22,0,76120,3
COO,2026-05-29,22927,0,1
NKTR,2026-05-19,0,134100,4
RUN,2026-05-27,11040,82014,7
FUBO,2026-05-26,0,0,1
TENB,2026-05-20,237900,0,2
NVDL,2026-05-28,98430,0,2
SIRI,2026-05-22,283571,130590,24
MOV,2026-05-27,13300,0,1
IYR,2026-05-22,0,23781,1
SWKS,2026-05-27,210335,0,4
IGM,2026-05-28,10356,0,1
SPCE,2026-05-23,138234,17000,9
AEM,2026-05-20,100050,0,4
XLK,2026-05-22,16500,59910,12
TE,2026-05-20,1090929,180571,51
ALAB,2026-05-23,113250,132177,6
DLR,2026-05-19,0,1300792,8
GFI,2026-05-29,87555,0,3
CDP,2026-05-28,51600,0,1
AMPX,2026-05-19,202879,0,6
ALNY,2026-05-28,0,0,2
BFB,2026-05-27,0,0,1
TEM,2026-05-23,0,0,1
PTEN,2026-05-19,0,0,1
FORM,2026-05-26,0,0,2
BBWI,2026-05-21,11400,0,1
PRG,2026-05-27,106015,0,5
SCHW,2026-05-22,0,276817,2
STZ,2026-05-21,0,0,2
AAOX,2026-05-21,58362,0,3
BAH,2026-05-27,19800,0,1
BLDR,2026-05-21,299385,0,3
JBLU,2026-05-19,13600,0,4
XBI,2026-05-28,337915,54000,11
S,2026-05-20,660866,0,9
BXP,2026-05-28,0,0,1
LOMA,2026-05-20,0,22500,2
WOLF,2026-05-27,339422,69130,23
DG,2026-05-26,254964,194585,10
UNP,2026-05-27,205470,0,5
UVXY,2026-05-27,180100,0,3
GDX,2026-05-21,349642,0,24
CVS,2026-05-20,67891,64152,3
UNG,2026-05-20,0,0,1
GXO,2026-05-28,88000,0,1
SPCE,2026-05-21,0,34133,1
LNG,2026-05-19,0,103500,3
ASML,2026-05-22,845455,833780,15
UEC,2026-05-28,0,99258,3
TMUS,2026-05-26,184620,0,1
VELO,2026-05-28,0,71052,3
HD,2026-05-27,427674,105176,8
ITA,2026-05-23,0,0,1
AMGN,2026-05-19,60320,0,2
CRM,2026-05-19,143421,0,7
XOM,2026-05-27,433653,1236260,7
BANC,2026-05-23,0,0,1
COHR,2026-05-23,203690,0,4
SOXX,2026-05-21,61290,1170944,24
CCJ,2026-05-28,16000,158460,7
YELP,2026-05-20,101035,0,2
TE,2026-05-22,333518,104190,46
HUT,2026-05-28,2154271,1688811,22
TNA,2026-05-26,0,10800,2
VSH,2026-05-19,0,33125,2
HIVE,2026-05-20,417331,0,23
FIVN,2026-05-20,0,0,2
MOD,2026-05-29,858090,294101,18
WYY,2026-05-20,0,0,1
UNG,2026-05-28,0,20400,2
CME,2026-05-28,0,112685,1
IREN,2026-05-27,7178897,931933,233
LOW,2026-05-19,0,137272,2
HUBS,2026-05-27,0,27830,5
LITE,2026-05-21,2227746,1177852,25
DELL,2026-05-19,773100,0,8
TGT,2026-05-27,118405,0,1
BAND,2026-05-20,0,0,1
FBIN,2026-05-28,24360,0,1
FDX,2026-05-28,0,500556,1
TOL,2026-05-23,114998,0,1
AGCO,2026-05-21,16250,0,1
PLTR,2026-05-29,18309613,1950734,216
ACM,2026-05-28,25370,0,1
FNV,2026-05-28,63220,0,3
SBET,2026-05-27,0,0,1
UNH,2026-05-27,378698,462629,21
DGX,2026-05-28,23800,0,2
PDFS,2026-05-20,27584,0,1
XLK,2026-05-28,0,535682,15
COST,2026-05-19,869709,129230,22
TLH,2026-05-28,52931,0,2
OKLO,2026-05-20,815658,27900,27
MX,2026-05-21,16076,0,2
AGRO,2026-05-22,31778,0,2
SOUN,2026-05-26,22820,0,4
CI,2026-05-19,0,324801,2
STM,2026-05-29,2164282,0,10
UPS,2026-05-20,56357,0,1
ASTS,2026-05-29,10100452,1305567,272
LUMN,2026-05-21,0,71051,2
RVMD,2026-05-26,0,0,1
COHR,2026-05-21,937270,0,14
MHK,2026-05-20,122760,0,1
QTUM,2026-05-22,0,0,1
CMI,2026-05-21,53347,0,2
DY,2026-05-29,751740,0,2
DVN,2026-05-26,148915,0,1
UAL,2026-05-19,715992,725785,29
DHI,2026-05-23,50698,126762,4
KMB,2026-05-28,1106530,11110,4
NTLA,2026-05-27,35280,0,3
QUBT,2026-05-28,666109,65040,18
POET,2026-05-28,559872,58502,29
SMMT,2026-05-23,12375,0,2
VPG,2026-05-21,0,0,1
BKNG,2026-05-23,148268,0,3
BULL,2026-05-23,123552,11910,4
BE,2026-05-26,1247276,973542,33
CHDN,2026-05-19,0,0,1
WMB,2026-05-27,0,103674.5,1
SBUX,2026-05-23,0,51494,1
COO,2026-05-22,0,10350,1
MSFT,2026-05-21,6439644,1359713,46
NVDL,2026-05-23,41142,69571,10
SVIX,2026-05-22,0,0,1
TGTX,2026-05-28,15999,0,1
ASPI,2026-05-27,119333,0,8
UBER,2026-05-28,717305,356746,11
ARKG,2026-05-29,105668,0,6
SNAP,2026-05-28,49700,0,2
MCO,2026-05-27,0,143420,1
MITK,2026-05-22,223825,0,8
BP,2026-05-19,0,51730,1
FIVN,2026-05-28,259500,0,2
THC,2026-05-28,0,0,2
CRCL,2026-05-27,1173066,761551,50
CVNA,2026-05-26,2388650,14336,29
EXR,2026-05-20,0,385710,1
WEN,2026-05-22,36695,0,1
JPM,2026-05-29,401248,142480,2
WDAY,2026-05-19,512714,296830,21
XLY,2026-05-23,0,18360,1
MXL,2026-05-22,172356,0,9
FSLY,2026-05-20,0,0,4
CAKE,2026-05-27,57933,0,2
AMR,2026-05-26,0,0,1
PINS,2026-05-20,272701,0,11
GDX,2026-05-29,3900266,80400,32
TGT,2026-05-23,827015,0,3
DINO,2026-05-20,269092,0,5
FROG,2026-05-19,35650,0,3
UL,2026-05-20,115572,0,1
ELF,2026-05-23,234610,0,4
MNST,2026-05-22,0,0,1
BIIB,2026-05-26,15660,0,3
U,2026-05-20,126370,65644,22
KO,2026-05-20,0,90000,1
DELL,2026-05-22,13144666,463892,68
NTAP,2026-05-23,168647,0,6
COPX,2026-05-27,85320,0,2
VNET,2026-05-27,13000,0,2
CELC,2026-05-20,0,520062,4
ERIC,2026-05-26,27675,0,1
GLW,2026-05-22,1553590,126235,11
LQDA,2026-05-28,85150,0,4
SPX,2026-05-19,40255380,1621450,35
ABBV,2026-05-26,107196,0,1
SKM,2026-05-23,0,0,1
SLV,2026-05-19,7818411,3548866,208
SNXX,2026-05-27,0,0,1
RAMP,2026-05-26,82500,0,1
BITX,2026-05-22,0,0,1
XLB,2026-05-22,0,0,2
SAP,2026-05-22,0,99208,2
GCT,2026-05-19,12300,21390,2
PPG,2026-05-28,0,0,1
AXON,2026-05-28,539600,25410,7
PLTR,2026-05-28,2865732,285472,65
BWXT,2026-05-23,0,0,1
SPY,2026-05-29,11375167,38744896,281
FDX,2026-05-20,66550,0,2
RDDT,2026-05-28,637918,78102,29
ONON,2026-05-23,19320,13680,3
P,2026-05-28,784612,91080,39
WING,2026-05-22,181414,0,3
VFC,2026-05-26,19330,49050,4
SOXS,2026-05-23,181826,172030,15
SMCX,2026-05-28,162120,0,2
TER,2026-05-21,331420,0,7
ETN,2026-05-28,0,112182,1
NXE,2026-05-20,0,0,1
SIMO,2026-05-26,0,0,5
M,2026-05-21,155573,15450,5
VSAT,2026-05-29,79485,0,4
VFC,2026-05-27,0,0,1
KHC,2026-05-19,103736,0,2
PATH,2026-05-26,174834,83724,9
BBAI,2026-05-21,0,0,2
PAYX,2026-05-20,342150,0,6
ULTA,2026-05-22,0,509590,7
CRWV,2026-05-26,17747752,46941,53
NXE,2026-05-21,0,10560,2
SMR,2026-05-26,407756,0,11
RRX,2026-05-20,0,0,1
WHR,2026-05-27,194053,0,2
CMCSA,2026-05-22,58917,0,1
CLSK,2026-05-19,901662,0,13
UIS,2026-05-27,29007,0,8
ANET,2026-05-22,445867,372231,14
VWAV,2026-05-28,0,0,1
CMI,2026-05-19,0,73500,1
UNP,2026-05-19,721452,0,5
CVX,2026-05-21,313909,410576,15
SPY,2026-05-22,33662739,17547386,348
NTCT,2026-05-23,15000,0,3
ZTS,2026-05-27,0,0,2
BTG,2026-05-22,0,0,1
ABCL,2026-05-20,0,0,1
META,2026-05-22,1838482,1396095,31
SMR,2026-05-19,12750,31300,3
FE,2026-05-20,0,0,1
COHR,2026-05-22,451093,136150,10
RLAY,2026-05-20,0,0,3
WMT,2026-05-20,227425,452700,5
AFL,2026-05-27,0,0,1
SOXS,2026-05-21,161070,0,13
AN,2026-05-27,13000,0,1
IMVT,2026-05-22,0,0,2
MNDY,2026-05-19,269900,0,6
DBA,2026-05-29,50774,0,3
XLV,2026-05-19,136828,33175,7
CPA,2026-05-28,0,0,1
PURR,2026-05-23,74860,0,7
PH,2026-05-20,0,0,1
XBI,2026-05-26,911160,11780,3
PDD,2026-05-20,1079274,93750,9
CRDO,2026-05-28,20910,69900,8
LASE,2026-05-28,0,0,1
XRT,2026-05-20,118642,0,4
BMNR,2026-05-27,446550,153704,26
LITE,2026-05-20,901155,895760,17
BTI,2026-05-26,90480,0,2
NOC,2026-05-20,286977,0,2
GDX,2026-05-23,215299,94370,15
RACE,2026-05-28,530720,0,5
IBRX,2026-05-27,0,18035,16
CNVS,2026-05-21,0,0,1
VTI,2026-05-22,0,0,2
XOVR,2026-05-27,11950,0,2
RZLV,2026-05-22,0,0,1
DDD,2026-05-26,10000,0,1
ACHV,2026-05-23,14000,0,1
MOD,2026-05-27,351282,246120,5
DY,2026-05-28,0,896502,3
PDD,2026-05-29,558883,214087,9
NKE,2026-05-27,235751,0,9
SOXX,2026-05-20,95282,295388,24
ORCL,2026-05-22,2167396,2219857,35
BOOT,2026-05-28,45100,0,2
CHDN,2026-05-21,54945,0,1
FTNT,2026-05-21,0,244361,5
NVS,2026-05-20,0,0,2
FE,2026-05-28,14070,0,1
YSS,2026-05-27,26155,0,4
EEM,2026-05-23,217426,87409,21
BYND,2026-05-22,10500,0,1
WYNN,2026-05-20,0,0,3
AZN,2026-05-20,277140,0,2
CBT,2026-05-22,15180,0,1
USB,2026-05-29,198898,0,1
BRUN,2026-05-26,15500,0,1
RAMP,2026-05-20,75000,86680,2
CRBP,2026-05-26,48090,0,1
DIS,2026-05-19,193040,0,5
VZ,2026-05-28,0,71380,2
CHD,2026-05-26,10439,0,1
SOXL,2026-05-21,128400,394490,33
UEC,2026-05-26,1245940,0,6
RKT,2026-05-27,241978,0,6
ARM,2026-05-27,1174423,601590,21
YUM,2026-05-22,29440,0,1
C,2026-05-28,854177,305598,6
UEC,2026-05-27,0,25416,2
CCJ,2026-05-27,159390,0,3
DOCU,2026-05-23,11070,0,1
VRTX,2026-05-21,54180,0,2
ASND,2026-05-26,0,0,1
FLNC,2026-05-20,16170,0,1
ARKK,2026-05-21,154316,106926,9
AEIS,2026-05-27,185770,80412,2
NEM,2026-05-22,357379,1134830,16
MCHP,2026-05-28,0,0,2
PZZA,2026-05-27,13750,0,2
RH,2026-05-22,10350,119160,6
GEO,2026-05-22,0,0,1
DJT,2026-05-27,24342,0,2
SGML,2026-05-21,0,58839,1
NNE,2026-05-22,49470,0,1
CPER,2026-05-19,0,0,1
AMPG,2026-05-19,161837,0,9
CAVA,2026-05-22,93900,0,5
TSM,2026-05-29,3802607,311275,24
DAL,2026-05-28,0,280189,3
OXY,2026-05-19,162400,0,6
ZS,2026-05-28,2615854,660974,71
ADM,2026-05-26,162477,0,6
LQD,2026-05-21,43152,0,3
FCEL,2026-05-22,233876,12015,23
BDTX,2026-05-21,51899,0,1
ULTA,2026-05-28,119910,97021,4
MPT,2026-05-20,0,11000,2
BHP,2026-05-27,0,424080,2
CBOE,2026-05-21,0,88001,2
EVLV,2026-05-20,13994,0,1
WDC,2026-05-22,288265,607614,20
FLY,2026-05-23,33000,67200,3
PFSI,2026-05-22,0,0,1
BLDP,2026-05-22,96524,0,7
GIS,2026-05-19,124805,15528,7
CRBP,2026-05-28,14400,0,1
AAP,2026-05-21,391002,89705,22
STX,2026-05-26,4809981,0,8
LRCX,2026-05-21,750507,465442,21
CLSK,2026-05-21,576384,62000,27
LCID,2026-05-26,65875,0,2
INOD,2026-05-23,0,0,2
PLTR,2026-05-27,822589,131285,21
DFTX,2026-05-26,11130,0,3
AMD,2026-05-23,11748035,7674667,77
XIFR,2026-05-21,172740,0,1
AAPL,2026-05-22,21356002,14546268,113
JNJ,2026-05-21,0,339139,1
FRMI,2026-05-27,318491,122259,6
WDC,2026-05-23,0,0,2
FPS,2026-05-22,11759,0,2
XOP,2026-05-20,44215,829664,10
CDW,2026-05-27,33320,0,1
RGLD,2026-05-26,78897,0,2
NOK,2026-05-19,899012,0,17
F,2026-05-23,762073,73000,11
FRMI,2026-05-28,127978,192436,12
SGMT,2026-05-20,0,48785,1
GDDY,2026-05-28,0,0,1
GLNG,2026-05-27,26460,0,3
VITL,2026-05-21,127915,0,3
ICE,2026-05-23,0,0,2
RXRX,2026-05-22,0,0,1
CAE,2026-05-28,58423,0,1
TTWO,2026-05-19,104750,330658,10
PFE,2026-05-20,1036847,0,7
SMG,2026-05-27,0,0,1
BNO,2026-05-22,255305,121956,15
AMPX,2026-05-29,468745,69090,13
DAL,2026-05-20,322069,16400,14
DOCS,2026-05-26,133010,0,4
ABT,2026-05-29,69572,58760,3
TOST,2026-05-27,265809,0,5
MSOS,2026-05-20,20400,0,1
PCT,2026-05-20,0,116125,2
NN,2026-05-29,10444,10160,3
PURR,2026-05-20,341481,0,11
CG,2026-05-20,125460,75000,6
FAS,2026-05-26,0,0,1
BBAI,2026-05-20,163557,0,8
VIX,2026-05-29,202810,0,5
PEP,2026-05-27,648718,109312,8
PANW,2026-05-21,338730,113140,17
PBR,2026-05-19,580320,161253,6
VEA,2026-05-28,488626,0,3
RL,2026-05-22,189780,0,6
GD,2026-05-28,0,53295,1
PLUG,2026-05-29,430921,12204,18
SNDK,2026-05-26,3152616,7218794,51
CBRE,2026-05-28,88000,0,1
BMNR,2026-05-28,290272,144584,26
TXRH,2026-05-27,152508,10340,2
LW,2026-05-23,0,24395,3
AEHR,2026-05-23,0,195010,1
VICR,2026-05-26,0,0,3
EVC,2026-05-20,185000,0,1
XRX,2026-05-20,57600,13930,2
PTON,2026-05-23,17940,0,3
LQD,2026-05-28,76000,0,2
MNRO,2026-05-27,25437,0,2
SOXL,2026-05-23,69807,991678,27
FVRR,2026-05-20,39676,0,1
ARM,2026-05-28,3118952,2098268,47
CDNS,2026-05-28,351620,88202,6
RBRK,2026-05-29,284982,0,23
CTSH,2026-05-20,274560,64964,3
PLUG,2026-05-19,193786,0,13
ANET,2026-05-21,514818,391759,10
EWT,2026-05-27,375672,0,5
ARW,2026-05-28,0,0,3
GPK,2026-05-27,11992,0,1
PCG,2026-05-28,438358,45684,7
IESC,2026-05-26,0,0,1
AAOX,2026-05-29,0,640027,6
ABVX,2026-05-27,62640,0,15
WAT,2026-05-28,0,0,1
CNC,2026-05-21,15995,36068,6
LUNR,2026-05-22,2378594,100176,27
SLB,2026-05-26,334520,0,1
XLI,2026-05-21,0,295682,12
ETHU,2026-05-23,0,0,1
HUBB,2026-05-28,0,0,1
PEG,2026-05-20,140786,0,1
XLC,2026-05-28,14748,0,2
SCCO,2026-05-28,0,78050,1
RDDT,2026-05-26,1515577,19500,11
UPST,2026-05-23,0,212144,2
FLNG,2026-05-21,0,0,1
CLOV,2026-05-21,0,0,1
MSTR,2026-05-23,582693,348555,13
AM,2026-05-20,0,0,1
THC,2026-05-19,58400,0,3
HPQ,2026-05-20,0,0,2
GOOGL,2026-05-26,988420,591915,15
BAC,2026-05-21,103494,132500,5
UPRO,2026-05-26,0,16416,1
TEX,2026-05-27,38270,0,1
ERX,2026-05-27,0,0,1
HYMC,2026-05-27,0,0,3
MSGS,2026-05-23,14700,0,1
XLV,2026-05-20,34560,52416,9
AEM,2026-05-28,167232,71690,3
GM,2026-05-19,0,0,2
TEVA,2026-05-22,37506,644096,5
LRCX,2026-05-29,56750,1096415,13
FTNT,2026-05-26,120190,0,1
URI,2026-05-26,0,0,2
BANC,2026-05-20,0,32965,2
DOCU,2026-05-19,14000,0,2
FRMI,2026-05-26,0,0,2
DY,2026-05-26,477556,0,2
ASC,2026-05-23,0,0,1
SCO,2026-05-21,10125,22001,3
MSTR,2026-05-27,414889,3035212,20
AMPX,2026-05-22,389943,0,7
SHOP,2026-05-29,376663,250225,8
MMM,2026-05-28,0,183755,3
ITB,2026-05-26,19635,0,3
BP,2026-05-26,251257,0,4
VRTX,2026-05-26,131248,0,1
HD,2026-05-20,0,226213,4
STLA,2026-05-29,12400,0,1
PINS,2026-05-26,308046,0,4
CROX,2026-05-28,66420,0,4
MA,2026-05-21,0,99600,1
KEY,2026-05-20,26580,0,1
VCX,2026-05-28,74000,0,3
RXRX,2026-05-28,95761,0,8
EEM,2026-05-26,5790564,54553,18
NVDA,2026-05-22,33870670,13053065,228
UUUU,2026-05-23,0,0,3
IAU,2026-05-22,0,0,1
SYK,2026-05-20,0,0,1
INV,2026-05-28,41805,0,3
MT,2026-05-21,17400,0,1
PINS,2026-05-22,0,0,3
MA,2026-05-19,265360,0,4
DLB,2026-05-28,0,0,1
BWA,2026-05-19,249296,0,1
GE,2026-05-20,1258060,407930,14
MRNA,2026-05-20,39495,79480,8
AGYS,2026-05-21,35000,0,1
PZZA,2026-05-21,131841,0,6
ASPN,2026-05-21,0,12011,1
LUV,2026-05-29,30800,11715,5
THRM,2026-05-28,155000,0,1
Z,2026-05-22,0,12250,2
XHB,2026-05-21,55917,0,2
LMT,2026-05-26,178350,0,3
BABX,2026-05-21,0,0,1
FOXF,2026-05-28,14800,0,1
LLY,2026-05-27,469820,0,6
SGHC,2026-05-20,338654,0,4
TGT,2026-05-21,1392046,618450,10
NUGT,2026-05-28,0,0,4
BCE,2026-05-26,13600,0,1
SLV,2026-05-22,6416751,1430101,142
VRSK,2026-05-20,172500,0,3
CWEN,2026-05-27,41905,0,2
AMZN,2026-05-20,8801250,2932073,50
GEN,2026-05-28,82200,0,3
SAP,2026-05-23,234236,0,1
FLUT,2026-05-27,183169,0,1
RKT,2026-05-28,61158,0,6
PANW,2026-05-23,702837,0,9
RTX,2026-05-20,132525,0,1
DECK,2026-05-28,45000,0,5
VFC,2026-05-21,0,193998,3
CLX,2026-05-26,103600,0,4
URNM,2026-05-21,0,0,1
CURB,2026-05-28,35393,0,2
EME,2026-05-27,0,0,4
AAP,2026-05-28,31185,0,1
APO,2026-05-20,0,0,2
CORZ,2026-05-21,1944889,251963,22
CPB,2026-05-21,46784,0,3
CHTR,2026-05-26,190750,0,1
VVX,2026-05-27,0,0,1
LULU,2026-05-21,307572,0,10
ONON,2026-05-28,30564,385550,7
MU,2026-05-19,18112353,19452360,173
VOO,2026-05-21,155100,0,1
VELO,2026-05-21,299096,0,12
RMBS,2026-05-21,63742,276041,5
CAR,2026-05-19,24700,31760,3
LAES,2026-05-22,763104,0,29
ZS,2026-05-22,210724,268902,21
UNP,2026-05-21,0,144500,3
CRWV,2026-05-20,497981,400216,75
SHAK,2026-05-26,0,0,1
AZO,2026-05-29,378000,94500,3
WRBY,2026-05-20,454630,0,26
DHR,2026-05-23,0,0,1
XMTR,2026-05-22,15680,0,1
MO,2026-05-26,0,0,1
SRAD,2026-05-22,10125,0,1
IBIT,2026-05-19,700397,2737760,22
UPRO,2026-05-28,67431,0,1
TSLA,2026-05-19,13801689,23673525,239
IWM,2026-05-21,937860,6187901,69
PINS,2026-05-27,54982,14190,3
HBAN,2026-05-21,0,0,1
FDS,2026-05-19,124150,11648,4
PVH,2026-05-28,0,0,1
UMC,2026-05-23,42600,20000,3
CORN,2026-05-20,0,0,1
RXT,2026-05-26,0,15076,1
COP,2026-05-29,0,0,3
CIEN,2026-05-27,174250,75120,10
UHS,2026-05-20,37997,0,1
CMPS,2026-05-22,296160,0,12
CRBG,2026-05-19,0,0,2
ANET,2026-05-28,214130,177900,6
CLX,2026-05-23,11600,0,2
BULL,2026-05-20,109380,0,7
LEU,2026-05-28,11880,113050,2
LLY,2026-05-19,181972,177030,3
SBUX,2026-05-27,339715,257945,11
BSX,2026-05-20,0,0,2
GE,2026-05-21,276550,149866,5
CPRT,2026-05-21,0,11622,2
LQDA,2026-05-26,35445,39490,2
SYK,2026-05-23,115500,0,2
CG,2026-05-27,0,0,2
XRT,2026-05-22,187067,0,8
AS,2026-05-27,0,226240,2
TAC,2026-05-28,0,0,1
DV,2026-05-22,0,0,1
COGT,2026-05-20,0,0,1
GFS,2026-05-20,355539,44461,20
MSTR,2026-05-29,5914174,2107441,60
B,2026-05-21,0,0,1
TRMD,2026-05-19,0,0,1
BETA,2026-05-23,0,0,3
COPJ,2026-05-23,95383,0,1
YINN,2026-05-28,0,0,1
MPC,2026-05-27,0,0,1
EQX,2026-05-26,42240,0,1
PODD,2026-05-21,0,0,1
KR,2026-05-22,0,0,2
CLF,2026-05-23,31400,0,6
SOXS,2026-05-29,74945,223650,10
MSOS,2026-05-29,46129,0,4
VITL,2026-05-22,48012,0,3
AEVA,2026-05-26,209089,0,19
CARR,2026-05-27,252590,0,1
CCL,2026-05-19,357160,109963,9
TSM,2026-05-27,2622931,735182,34
APH,2026-05-26,10510884,0,8
DKNG,2026-05-22,0,28200,22
CHTR,2026-05-19,128720,158560,18
RXT,2026-05-20,0,0,1
MOD,2026-05-28,18900,0,2
KMB,2026-05-26,35490,0,1
MLTX,2026-05-22,37525,0,3
CZR,2026-05-20,0,0,2
DUK,2026-05-19,222180,0,1
AXON,2026-05-22,19800,24043,4
AMAT,2026-05-19,1438970,924820,26
PLUG,2026-05-28,627326,10360,25
GLW,2026-05-19,1151904,0,17
BNO,2026-05-28,155583,42930,11
HALO,2026-05-27,67905,0,1
HON,2026-05-23,64112,77616,2
XME,2026-05-20,0,13200,1
PENG,2026-05-19,80440,0,7
NOK,2026-05-29,2343111,192582,40
PGR,2026-05-20,71880,0,1
GRMN,2026-05-22,60599,0,3
NUE,2026-05-28,448362,0,5
RF,2026-05-26,0,135395,1
DRS,2026-05-20,19840,0,4
NUGT,2026-05-22,0,20480,2
CLOV,2026-05-29,93704,0,6
PRIM,2026-05-26,10440,0,1
JBLU,2026-05-23,61546,0,2
SPY,2026-05-23,7157470,8965139,184
RBLX,2026-05-29,0,0,3
WHD,2026-05-20,16195,0,1
BXSL,2026-05-26,0,0,2
TLT,2026-05-19,5213949,3637746,252
PLAB,2026-05-23,0,0,1
RCL,2026-05-27,2586255,158780,10
OTIS,2026-05-22,10965,0,2
FTNT,2026-05-22,166320,222002,6
WDC,2026-05-27,975991,412919,21
NXPI,2026-05-28,0,0,1
RUM,2026-05-21,82680,0,1
SILA,2026-05-28,10000,0,1
DG,2026-05-29,10542,204061,4
CL,2026-05-20,167420,0,2
GIS,2026-05-29,110800,49669,6
BLSH,2026-05-28,10494,0,3
KSA,2026-05-20,0,50000,1
MCD,2026-05-28,378222,0,3
EXE,2026-05-20,189824,323610,9
LOW,2026-05-28,0,0,1
IBRX,2026-05-23,24200,0,4
CRK,2026-05-20,0,0,1
XOMA,2026-05-27,0,0,1
FEZ,2026-05-26,0,0,2
BILL,2026-05-27,0,71220,6
IBRX,2026-05-28,0,0,2
ERIC,2026-05-21,13035,0,1
AMZN,2026-05-19,12702685,1932601,44
PRU,2026-05-20,35868,0,4
KHC,2026-05-26,79964,0,2
ENTG,2026-05-28,0,240480,2
FLY,2026-05-28,319679,0,6
STX,2026-05-19,532205,427460,21
BOIL,2026-05-21,12648,0,2
RBLX,2026-05-21,32330,132940,9
CARG,2026-05-26,0,0,1
NKE,2026-05-22,0,0,3
DPST,2026-05-26,0,0,1
QS,2026-05-20,0,13203,2
RGTI,2026-05-23,1714921,261824,91
WGMI,2026-05-21,0,11880,1
OILK,2026-05-22,0,0,1
FMC,2026-05-20,15000,94500,3
W,2026-05-27,1067100,34581,30
TENX,2026-05-22,28750,0,1
CMI,2026-05-28,66600,0,1
QURE,2026-05-26,0,0,1
CBRS,2026-05-26,1265888,1768647,46
LULU,2026-05-23,10000,14350,10
OII,2026-05-28,0,0,2
RZLV,2026-05-19,0,0,2
FIGR,2026-05-26,1424320,12800,3
CPSH,2026-05-26,60460,0,4
HUM,2026-05-29,820757,17416,8
BYND,2026-05-20,0,0,1
RR,2026-05-28,95399,0,6
A,2026-05-19,0,42006,1
DAR,2026-05-21,17600,0,1
B,2026-05-19,0,57000,2
PDD,2026-05-23,87885,66970,3
DUOL,2026-05-21,0,36800,2
A,2026-05-28,1190578,0,26
ADBE,2026-05-27,454566,489114,15
W,2026-05-20,76959,20352,7
GFI,2026-05-26,0,0,1
SBUX,2026-05-26,72000,0,3
DDD,2026-05-22,39075,0,2
NMM,2026-05-28,0,16000,1
SYM,2026-05-23,51840,12040,4
BRUN,2026-05-22,0,148525,7
MTSI,2026-05-20,0,755598,2
PAAS,2026-05-28,128340,0,4
CLS,2026-05-26,336500,0,5
MUU,2026-05-22,110200,0,1
UMAC,2026-05-22,54700,0,3
AMT,2026-05-28,346805,0,1
MCO,2026-05-20,0,0,1
OKE,2026-05-27,0,643986,1
NVO,2026-05-21,112757,0,7
AMRZ,2026-05-28,14720,0,2
RXT,2026-05-28,46100,0,2
CVNA,2026-05-22,200636,584345,22
SMMT,2026-05-28,34170,51600,4
KEEL,2026-05-20,53015,11480,4
ALGT,2026-05-28,0,0,1
WOLF,2026-05-23,140790,0,11
JBS,2026-05-22,11065,0,1
PODD,2026-05-27,0,0,1
SCCO,2026-05-26,367605,0,3
LMT,2026-05-23,56000,0,1
VLTO,2026-05-29,68467,0,1
SCO,2026-05-26,28395,0,1
ASML,2026-05-27,1291850,1323250,9
SYNA,2026-05-23,326490,0,3
ASAN,2026-05-29,0,0,1
SNDK,2026-05-27,6605056,7636551,72
APLX,2026-05-21,46500,0,2
VIAV,2026-05-21,0,28875,3
SMTC,2026-05-22,474983,0,5
INOD,2026-05-28,70730,0,10
TT,2026-05-27,106599,0,2
MOD,2026-05-21,101430,45612,2
CRSP,2026-05-27,20915,0,3
EFA,2026-05-19,0,119070,1
ASST,2026-05-29,211000,0,3
CCOI,2026-05-28,0,0,1
SPX,2026-05-23,9343600,1918990,30
FSLR,2026-05-27,2958495,110400,12
QUIK,2026-05-22,0,0,1
TTD,2026-05-21,23376,0,6
ENS,2026-05-28,73100,0,2
AMPX,2026-05-28,701057,0,20
VSCO,2026-05-22,180620,0,3
BKNG,2026-05-28,0,76500,3
MAR,2026-05-27,65154,0,1
EXE,2026-05-23,0,0,1
PALL,2026-05-22,0,0,1
FOUR,2026-05-28,27500,0,1
ITT,2026-05-22,1143660,0,2
APPN,2026-05-28,36720,0,1
M,2026-05-26,18090,0,2
LLY,2026-05-29,1772540,0,18
DKNG,2026-05-26,13112,0,1
OKLO,2026-05-21,868749,536400,30
SNX,2026-05-20,11190,0,1
DLR,2026-05-22,0,478060,1
AGO,2026-05-28,15040,0,4
MGY,2026-05-23,22100,0,1
CORN,2026-05-19,0,0,4
SATA,2026-05-27,0,12780,1
DFTX,2026-05-27,91740,0,2
UNFI,2026-05-20,0,0,3
XLU,2026-05-23,0,0,1
AXTI,2026-05-23,990870,93450,8
MRVL,2026-05-21,658200,772331,23
NTLA,2026-05-21,23373,0,1
IFF,2026-05-20,12313,0,1
ELV,2026-05-20,99190,0,2
OKTA,2026-05-26,136190,15912,6
CNR,2026-05-28,19320,0,1
BNO,2026-05-29,567917,62790,24
EAT,2026-05-27,0,0,2
TSM,2026-05-21,2514328,236297,20
RCL,2026-05-21,0,124647,2
SA,2026-05-22,37614,0,1
TQQQ,2026-05-19,2059042,1941121,81
EQIX,2026-05-26,112770,0,1
OPEN,2026-05-28,107648,25256,18
MLTX,2026-05-23,13650,0,1
CCK,2026-05-23,0,0,1
HEI,2026-05-28,938350,138640,3
MTDR,2026-05-27,34000,0,1
LUV,2026-05-20,45384,0,6
WEAT,2026-05-28,13315,0,1
FE,2026-05-22,21000,0,1
TER,2026-05-20,0,0,1
BKKT,2026-05-21,0,0,1
PLTR,2026-05-26,666445,289006,16
MP,2026-05-27,3233034,0,13
SPXW,2026-05-20,25074668,4298320,195
AEM,2026-05-27,0,54600,1
COF,2026-05-21,0,550295,2
CVX,2026-05-27,222400,257642,7
AAP,2026-05-26,0,0,4
IGV,2026-05-23,82500,18736470,15
APH,2026-05-22,63480,0,7
SNAP,2026-05-20,43714,16857,3
UUUU,2026-05-20,269619,0,6
PENG,2026-05-28,258361,0,6
KRE,2026-05-23,35784,362824,10
BR,2026-05-22,0,12600,1
FLY,2026-05-29,608330,334337,20
IWM,2026-05-28,2155943,7521238,44
CLW,2026-05-22,0,0,1
BKR,2026-05-28,0,0,2
VECO,2026-05-26,51500,0,1
UNH,2026-05-21,89430,512716,12
SWKS,2026-05-28,277249,0,10
TFC,2026-05-28,0,50600,1
BEAM,2026-05-28,22099,0,1
SOFI,2026-05-27,495941,152012,40
NOK,2026-05-22,3144391,1509155,43
KEEL,2026-05-22,190458,19960,13
PRCT,2026-05-22,27720,0,2
AEP,2026-05-21,0,0,1
INTC,2026-05-23,1738003,232989,18
MRVL,2026-05-26,7279638,516516,44
CAT,2026-05-26,227355,0,7
ACHR,2026-05-21,22977,0,1
SATL,2026-05-19,122104,0,3
AXTX,2026-05-22,0,0,2
ONDS,2026-05-27,531671,159544,34
EOSE,2026-05-28,171597,0,8
BTG,2026-05-29,43159,0,3
SEI,2026-05-22,118398,67650,2
AEHR,2026-05-20,170440,0,8
EPD,2026-05-21,0,0,1
BBW,2026-05-28,0,0,1
CNR,2026-05-22,97525,0,1
SHOO,2026-05-19,0,0,1
LDOS,2026-05-28,0,0,1
KEEL,2026-05-26,139479,0,8
DUK,2026-05-28,429000,0,3
BULL,2026-05-27,0,0,2
ORBX,2026-05-26,112466,0,2
OUST,2026-05-20,0,0,1
BAC,2026-05-20,551445,239013,7
FSLY,2026-05-27,324464,14800,9
OKE,2026-05-26,0,63720,3
APO,2026-05-26,135585,78200,3
Z,2026-05-28,0,0,1
BWEN,2026-05-20,14000,0,1
KORU,2026-05-20,0,3343224,9
BROS,2026-05-26,183732,0,3
MNST,2026-05-27,115000,0,1
CI,2026-05-28,0,0,1
ADBE,2026-05-20,1299312,711539,13
VTGN,2026-05-26,0,0,1
URA,2026-05-27,0,30000,3
NEE,2026-05-21,292826,0,2
PANW,2026-05-22,7599721,141750,17
UCTT,2026-05-28,0,0,1
FLO,2026-05-27,0,29400,1
ABVX,2026-05-19,12950,43800,7
ZM,2026-05-20,457040,68685,13
NVTS,2026-05-20,623960,0,22
HBM,2026-05-27,133635,0,2
ALB,2026-05-21,422165,815080,26
PEP,2026-05-21,0,0,1
UNH,2026-05-20,966575,388815,14
NVDA,2026-05-19,23304865,20418895,252
CHAT,2026-05-27,18214,0,1
UWMC,2026-05-27,0,21450,1
ACN,2026-05-21,84150,0,7
PZZA,2026-05-28,0,0,1
PCT,2026-05-23,0,0,1
SMCI,2026-05-21,844989,347877,60
DBA,2026-05-28,11096,0,1
A,2026-05-27,0,0,1
FRVO,2026-05-19,42450,0,3
COHU,2026-05-28,23000,0,1
MMM,2026-05-21,0,0,1
CAPR,2026-05-21,109200,0,4
IWM,2026-05-27,1485538,1727866,70
GATX,2026-05-26,0,0,1
BWXT,2026-05-20,0,0,1
MET,2026-05-22,0,0,1
RVMD,2026-05-23,0,0,1
OPRA,2026-05-28,27500,0,1
RUN,2026-05-19,27903,0,4
OKLO,2026-05-29,2034469,277344,55
MNKD,2026-05-23,0,0,1
VIK,2026-05-21,0,106912,2
JOBY,2026-05-23,34800,0,5
MRCY,2026-05-28,73195,0,1
UTI,2026-05-20,11550,0,1
KLAC,2026-05-20,0,0,1
ZUMZ,2026-05-21,0,28881,1
RIVN,2026-05-29,541483,19000,28
STX,2026-05-27,3867735,323631,15
JCI,2026-05-19,394240,0,2
BKNG,2026-05-22,0,0,3
ENTG,2026-05-21,0,16720,2
PSKY,2026-05-26,0,0,1
RIOT,2026-05-28,649917,160070,29
XLI,2026-05-19,52424,272240,12
GOOGL,2026-05-20,13106745,916768,75
TME,2026-05-23,0,10293,1
LUV,2026-05-22,0,69130,7
RYAN,2026-05-23,0,0,1
SHEL,2026-05-27,0,61661,3
EL,2026-05-28,0,0,2
JD,2026-05-26,13992,0,2
BAM,2026-05-23,0,50096,1
IBKR,2026-05-26,700415,0,4
HCA,2026-05-23,79200,0,1
ALLY,2026-05-22,19200,0,1
GPN,2026-05-23,180000,0,1
KHC,2026-05-20,74902,0,5
NFLX,2026-05-27,364412,104536,7
ZETA,2026-05-20,1640522,40803,11
ETHA,2026-05-22,42246,16038,8
SRAD,2026-05-19,40800,0,1
PSKY,2026-05-21,58166,320226,11
ASHR,2026-05-22,0,0,2
MCK,2026-05-28,57000,158460,2
CORZ,2026-05-19,2005474,28042,10
VCYT,2026-05-20,26790,0,1
KHC,2026-05-23,0,0,1
STEX,2026-05-28,10200,0,3
CMG,2026-05-27,160405,18901,10
ZETA,2026-05-23,10413,0,1
FND,2026-05-22,23010,0,1
DFEN,2026-05-20,52257,0,1
QUBT,2026-05-27,389374,0,8
TMC,2026-05-21,0,0,1
CG,2026-05-19,511132,0,3
ENPH,2026-05-21,1120372,608493,70
ABBV,2026-05-23,0,131510,1
ICLN,2026-05-27,60000,0,1
AZO,2026-05-23,69300,0,1
CHDN,2026-05-22,100715,0,3
HYMC,2026-05-23,0,0,1
VTI,2026-05-27,258699,0,1
SFM,2026-05-20,139642,0,2
UAMY,2026-05-27,20250,31281,3
MNKD,2026-05-22,0,0,1
FRPT,2026-05-22,53550,0,1
TSM,2026-05-19,2270305,7039586,32
SQQQ,2026-05-22,802721,67550,21
NOG,2026-05-21,64248,0,2
HYMC,2026-05-28,0,0,1
SNOW,2026-05-27,3162417,64965,31
LHX,2026-05-21,0,0,1
GFS,2026-05-21,1167012,0,19
PTON,2026-05-29,0,0,2
NXT,2026-05-27,25810,55250,5
ORLY,2026-05-27,0,178380,1
PATH,2026-05-28,1041423,0,41
NTRA,2026-05-27,10500,0,1
FTNT,2026-05-23,195288,0,2
LOW,2026-05-26,151110,0,5
GE,2026-05-22,0,132500,2
EMR,2026-05-19,0,0,1
HSY,2026-05-26,0,0,2
LEA,2026-05-22,11880,0,1
DINO,2026-05-26,300390,0,8
SG,2026-05-21,225799,0,7
FLEX,2026-05-23,150350,0,3
NTRA,2026-05-19,28676,0,3
BETA,2026-05-22,125578,0,2
FSLY,2026-05-19,247484,0,3
NXPI,2026-05-20,795377,128970,7
RACE,2026-05-26,0,0,1
STX,2026-05-20,297470,2138600,24
XLV,2026-05-26,83391,0,6
MAR,2026-05-20,0,349166,4
SLB,2026-05-22,114240,0,3
CANE,2026-05-20,0,0,1
IHI,2026-05-21,0,0,1
CAVA,2026-05-21,15530,112200,4
DHI,2026-05-20,254160,53560,8
TSM,2026-05-26,428665,115065,19
OKTA,2026-05-29,1778135,452528,62
AAL,2026-05-20,293301,62584,13
VSAT,2026-05-28,15063540,0,13
LEU,2026-05-27,24180,0,4
UUUU,2026-05-21,68004,0,6
CVCO,2026-05-20,92680,0,5
INDI,2026-05-26,159614,0,6
TPR,2026-05-21,130587,0,7
ATOM,2026-05-20,0,0,1
HSBC,2026-05-26,353120,0,2
BROS,2026-05-21,32000,0,3
SPIR,2026-05-22,100200,0,1
TMO,2026-05-21,0,0,1
WRBY,2026-05-26,10400,0,5
INFQ,2026-05-22,712122,63750,39
KZIA,2026-05-27,56992,0,2
CHWY,2026-05-27,0,10464,3
RDDT,2026-05-20,532647,174378,26
MRLN,2026-05-20,32950,0,3
CRI,2026-05-21,34200,0,1
VKTX,2026-05-28,34292,89705,3
NNE,2026-05-21,22172,0,4
PRU,2026-05-19,0,127400,3
RKT,2026-05-19,1049642,11100,11
TSLL,2026-05-28,113601,0,8
SATS,2026-05-28,767612,48340,22
MRAM,2026-05-26,76657,0,6
CIBR,2026-05-27,136050,0,4
XBI,2026-05-20,297774,1319700,26
XIFR,2026-05-22,13499,0,1
LOW,2026-05-22,0,230256,6
SOLT,2026-05-20,0,10500,1
HPE,2026-05-19,0,0,4
VSH,2026-05-23,11760,0,1
SMTC,2026-05-20,36181,0,1
URI,2026-05-20,141572,0,1
FLY,2026-05-20,0,49532,3
BLSH,2026-05-23,11748,0,2
WGO,2026-05-23,0,0,1
WM,2026-05-20,75434,0,1
GFS,2026-05-26,1048729,0,13
DRAM,2026-05-20,1892029,715489,59
PZZA,2026-05-26,0,0,1
HTZ,2026-05-28,73144,0,4
CBRL,2026-05-27,105647,0,1
DHT,2026-05-22,73138,0,2
NUCL,2026-05-21,0,0,2
APLD,2026-05-27,576537,17160,38
DOMO,2026-05-28,0,0,1
U,2026-05-29,1402800,82133,28
CSGP,2026-05-26,75649,0,2
YUM,2026-05-20,24180,0,3
VOYG,2026-05-23,412800,0,6
NTRA,2026-05-28,0,0,1
DGX,2026-05-20,0,25000,1
BA,2026-05-21,491690,115876,8
PDYN,2026-05-26,47500,0,2
CME,2026-05-27,0,79915,1
ASPI,2026-05-29,354959,0,7
TPL,2026-05-28,816689,189010,7
CENX,2026-05-19,99640,0,1
TE,2026-05-28,1832704,88331,94
FLUT,2026-05-26,0,0,2
TSM,2026-05-20,7518840,4685204,54
ASH,2026-05-28,0,0,1
BAX,2026-05-28,0,0,2
ESTC,2026-05-21,0,10560,1
RLAY,2026-05-19,40420,0,2
XLU,2026-05-26,1204400,45292,4
XLF,2026-05-27,1363454,409759,40
TAN,2026-05-22,161996,0,2
ALT,2026-05-28,20280,0,1
OLLI,2026-05-29,0,0,1
ORCL,2026-05-29,10348258,0,67
KRE,2026-05-29,330633,0,15
AMBA,2026-05-20,95492,0,1
TLT,2026-05-28,3139293,990366,102
LUMN,2026-05-28,141768,0,5
CVS,2026-05-28,70850,89000,3
GE,2026-05-28,78459,138920,3
AEIS,2026-05-22,356280,159960,3
USAR,2026-05-22,1017574,0,14
DPZ,2026-05-20,263012,0,5
GDXJ,2026-05-28,82280,0,4
CVNA,2026-05-28,174520,374965,7
TEM,2026-05-19,34585,0,9
COTY,2026-05-28,12000,0,1
XLE,2026-05-22,909710,548950,78
WDAY,2026-05-21,0,1313030,16
FTAI,2026-05-21,0,0,2
DRAM,2026-05-23,259282,67196,28
LION,2026-05-23,0,0,1
VELO,2026-05-29,78747,0,8
UNM,2026-05-23,0,0,1
TER,2026-05-22,0,0,1
WHR,2026-05-20,16965,321900,4
APP,2026-05-21,60000,359549,13
ALHC,2026-05-20,543750,0,1
XOVR,2026-05-20,50480,0,2
SPCE,2026-05-27,13056,0,1
VFC,2026-05-22,0,0,1
TSM,2026-05-23,658109,1026805,15
VG,2026-05-20,139457,21214,12
TER,2026-05-26,160476,0,1
INFQ,2026-05-23,68537,0,6
NTAP,2026-05-21,10920,54150,3
XRT,2026-05-26,14039,16137,4
KO,2026-05-28,0,0,2
SN,2026-05-26,73330,0,5
COP,2026-05-23,0,69900,2
LDOS,2026-05-21,0,0,1
CORZ,2026-05-27,103953,93385,14
AS,2026-05-22,18040,0,1
BWXT,2026-05-27,0,0,2
CLOV,2026-05-23,11599,0,1
FRVO,2026-05-20,14720,0,2
TJX,2026-05-21,128029,0,3
DK,2026-05-22,0,0,3
BHP,2026-05-22,226439,0,2
ITW,2026-05-26,0,0,1
IREN,2026-05-22,1756795,541250,112
PPTA,2026-05-21,16674,0,2
PCG,2026-05-21,82500,30420,7
VST,2026-05-29,90104,0,3
GLOB,2026-05-23,0,0,1
NXPI,2026-05-22,0,0,2
ALLY,2026-05-21,0,0,1
SN,2026-05-20,15002,0,1
KGS,2026-05-28,0,69540,2
SQQQ,2026-05-20,750013,285610,22
ACN,2026-05-26,182935,0,2
RYAN,2026-05-22,0,0,1
MCO,2026-05-28,0,0,1
FSK,2026-05-21,0,27413,1
MSI,2026-05-20,0,0,1
AZN,2026-05-27,59840,0,1
JNJ,2026-05-19,276975,1375892,5
LVS,2026-05-26,0,0,3
DIS,2026-05-22,180960,77420,2
AXTI,2026-05-20,116500,15750,8
QQQ,2026-05-20,33970968,18877255,334
NVTS,2026-05-27,190375,98424,22
ASX,2026-05-29,0,0,1
VST,2026-05-27,70647,0,8
BNO,2026-05-20,159147,68319,12
MDB,2026-05-23,261117,67110,6
IWM,2026-05-20,1332804,15221818,87
IIPR,2026-05-28,0,0,1
UEC,2026-05-20,222021,14800,5
NN,2026-05-26,262489,0,4
META,2026-05-23,3146514,603819,30
UVV,2026-05-19,11158,0,1
CLOV,2026-05-19,31124,14400,2
RIVN,2026-05-19,466848,336115,36
METU,2026-05-28,12226,27300,2
HYG,2026-05-26,0,230000,5
LAC,2026-05-23,0,0,1
EWZ,2026-05-21,343252,252586,23
SOFI,2026-05-26,2632519,151508,49
EMR,2026-05-26,0,0,1
KLAR,2026-05-19,46074,71180,8
TSCO,2026-05-19,158696,0,5
WSM,2026-05-26,0,0,1
HAL,2026-05-26,146778,0,6
DAL,2026-05-22,170354,148299,25
WCN,2026-05-22,63358,0,1
GRMN,2026-05-28,0,0,1
DRS,2026-05-27,0,0,1
WDAY,2026-05-26,531050,0,4
UPS,2026-05-23,113993,68298,3
MSGE,2026-05-21,54849,0,2
BNTX,2026-05-20,303107,13500,7
AMAT,2026-05-23,3707690,181170,12
NB,2026-05-22,192890,0,2
IBRX,2026-05-20,54990,0,7
NVS,2026-05-21,0,0,1
FITB,2026-05-28,20155,0,1
CAVA,2026-05-20,211593,386160,29
ERY,2026-05-28,91000,0,2
SOXL,2026-05-20,569758,352584,59
AGRO,2026-05-28,0,0,1
HOOD,2026-05-23,410382,309074,8
PS,2026-05-20,0,0,1
XES,2026-05-20,68320,0,1
UNM,2026-05-21,0,0,1
ABT,2026-05-23,0,114458,4
RBLX,2026-05-19,498788,126148,11
DOCS,2026-05-27,14001,0,2
TMUS,2026-05-22,0,0,1
TECL,2026-05-26,0,49500,1
CVNA,2026-05-29,145948,410643,5
MCD,2026-05-22,214020,56085,4
AMPX,2026-05-27,0,0,1
PODD,2026-05-28,0,0,1
BDX,2026-05-28,0,0,1
EDV,2026-05-20,0,0,1
NU,2026-05-20,115949,0,11
KWEB,2026-05-26,1389780,73741,17
CLS,2026-05-22,133900,66629,8
IMDX,2026-05-19,13750,0,1
UFO,2026-05-26,426670,0,9
RSP,2026-05-28,181220,0,2
PH,2026-05-26,0,0,1
DVN,2026-05-19,448186,21840,8
LUMN,2026-05-29,172578,0,7
ENR,2026-05-28,10660,0,1
MU,2026-05-20,59375937,19069459,236
AOS,2026-05-28,14175,0,2
UEC,2026-05-19,280345,10982,8
FAS,2026-05-21,43600,0,10
UL,2026-05-26,250110,0,3
FIGR,2026-05-27,0,0,3
PH,2026-05-22,0,135820,5
CLX,2026-05-27,0,0,3
IBIT,2026-05-26,1181772,446452,20
ADP,2026-05-23,0,279662,1
SILJ,2026-05-27,168360,48318,3
CMPX,2026-05-27,12000,0,2
AISP,2026-05-28,0,0,1
NVRI,2026-05-23,35090,0,3
QXO,2026-05-23,43070,0,2
PFSI,2026-05-21,145480,0,2
CBRL,2026-05-28,0,0,1
SANM,2026-05-20,0,0,3
ARES,2026-05-28,0,14720,3
LWLG,2026-05-26,0,0,2
FBIN,2026-05-27,0,0,1
HUBS,2026-05-28,230250,104010,9
AAL,2026-05-27,94117,294321,33
ARRY,2026-05-28,50230,0,8
NIO,2026-05-20,71114,160968,17
GLD,2026-05-28,3165043,942012,82
NU,2026-05-27,42253,67026,9
AVL,2026-05-27,0,0,1
USO,2026-05-20,316679,1915997,71
NIO,2026-05-27,215109,85061,25
AOS,2026-05-20,18975,0,1
LOGI,2026-05-29,617444,18000,16
GM,2026-05-27,855526,133529,10
XLY,2026-05-22,0,0,1
ZETA,2026-05-29,518881,42745,27
CORZ,2026-05-26,3329857,85365,20
PGY,2026-05-23,0,0,1
P,2026-05-23,65400,24800,5
GGAL,2026-05-21,0,48000,2
ADI,2026-05-22,249000,829652,6
JD,2026-05-21,364830,0,6
RIG,2026-05-21,0,117437,4
HPP,2026-05-28,1212999,0,3
GIS,2026-05-23,11040,0,1
GILT,2026-05-26,193271,0,2
SIL,2026-05-26,0,0,3
TENB,2026-05-27,181250,0,1
GNRC,2026-05-21,0,0,1
MANU,2026-05-28,34000,0,1
RXRX,2026-05-23,0,15000,1
CPRI,2026-05-22,237498,0,3
XYZ,2026-05-19,56786,0,9
SPOT,2026-05-20,104619,0,3
TBT,2026-05-20,18920,0,1
OTLK,2026-05-28,36636,0,3
ALGM,2026-05-20,0,37350,1
UCO,2026-05-27,245030,90000,6
GNRC,2026-05-26,274710,0,5
JKHY,2026-05-23,32175,0,1
XLF,2026-05-29,140661,599882,24
DRAM,2026-05-29,404203,118430,44
CSGP,2026-05-27,0,46910,2
USFD,2026-05-23,0,0,2
AMBA,2026-05-22,0,0,2
CRH,2026-05-28,0,62720,1
BTU,2026-05-23,34742,282004,2
TXG,2026-05-29,84854,0,1
CLS,2026-05-20,170568,0,11
WHR,2026-05-26,95458,0,2
UNH,2026-05-22,682328,72145,13
INDI,2026-05-22,493046,0,4
DVN,2026-05-23,1119490,0,27
ANF,2026-05-28,548258,33910,6
WCC,2026-05-20,123480,0,4
TXN,2026-05-28,721062,698404,11
FLEX,2026-05-20,343553,0,12
BMNU,2026-05-28,0,0,6
HAWK,2026-05-19,0,90000,1
BRZE,2026-05-28,21850,139470,12
CPRT,2026-05-19,0,0,1
BURL,2026-05-21,180291,43510,3
KD,2026-05-27,0,0,1
ADM,2026-05-21,0,0,1
POET,2026-05-23,1452237,0,44
PCVX,2026-05-27,0,0,1
PSQ,2026-05-20,22000,0,1
BAX,2026-05-21,41650,0,3
LMND,2026-05-23,20860,0,3
ICLN,2026-05-23,305744,0,1
SIL,2026-05-22,0,0,5
LOW,2026-05-27,120400,0,1
CRDO,2026-05-19,909638,28000,21
LFUS,2026-05-26,0,0,1
ALAB,2026-05-21,4835017,301391,51
UMAC,2026-05-27,68603,0,4
PATH,2026-05-22,85384,0,8
LNG,2026-05-27,96045,0,5
QXO,2026-05-19,179133,73115,14
DQ,2026-05-27,0,0,1
TIGR,2026-05-26,27000,13170,5
F,2026-05-22,670981,154797,16
WYNN,2026-05-19,0,27200,3
HAL,2026-05-27,29208,0,10
GLPI,2026-05-22,21685,0,1
URA,2026-05-19,28540,0,9
STHO,2026-05-22,16120,0,1
TSLL,2026-05-22,12432,0,3
CME,2026-05-26,0,0,1
SIMO,2026-05-23,1554670,215480,13
SBUX,2026-05-29,249114,0,2
XLK,2026-05-20,693267,33540,11
AKAM,2026-05-27,47100,0,5
CGNX,2026-05-23,58580,0,2
GRPN,2026-05-29,42970,46090,7
PEN,2026-05-21,0,640000,2
FLNC,2026-05-26,157089,0,9
EXE,2026-05-19,1792860,0,2
SKM,2026-05-22,13260,0,2
SPXW,2026-05-27,24971895,5153750,134
FIVE,2026-05-21,0,0,1
QQQM,2026-05-26,0,0,1
FISV,2026-05-27,10175,0,2
MSFT,2026-05-19,6645530,1011310,87
VG,2026-05-21,173858,106780,4
CVNA,2026-05-19,58497,636093,55
ZVRA,2026-05-22,109615,0,3
ADI,2026-05-20,861580,277000,9
PCT,2026-05-19,0,0,4
SONY,2026-05-28,0,77290,1
BBD,2026-05-23,0,13700,1
PBR,2026-05-20,0,0,1
ZION,2026-05-27,0,0,1
ERY,2026-05-23,0,0,1
SCHW,2026-05-29,86925,77495,5
IBRX,2026-05-26,70345,0,3
DAVE,2026-05-20,13250,0,2
SOUN,2026-05-22,43754,0,3
HSIC,2026-05-27,0,0,1
DBX,2026-05-22,0,0,1
BOIL,2026-05-26,0,0,2
WLK,2026-05-27,0,0,1
GT,2026-05-22,0,0,1
FLUT,2026-05-22,0,0,1
DHT,2026-05-23,0,19579,1
Z,2026-05-21,165599,0,1
BSX,2026-05-21,0,112100,3
USB,2026-05-22,0,259195,2
FRMI,2026-05-23,19856,22850,3
VG,2026-05-22,113745,37315,9
RIG,2026-05-23,29000,0,4
BTGO,2026-05-27,10000,0,1
B,2026-05-28,145840,0,7
EEM,2026-05-28,6309295,729580,36
TD,2026-05-27,63238,0,1
TD,2026-05-23,0,136443,2
CRSR,2026-05-28,584976,430483,24
DELL,2026-05-26,2357765,328610,28
SE,2026-05-23,0,104160,1
C,2026-05-22,0,242642,6
SIMO,2026-05-20,0,36200,6
ADBE,2026-05-19,2092345,613475,21
CMPS,2026-05-27,81882,0,3
GSIT,2026-05-27,0,0,3
AZZ,2026-05-28,0,0,1
SHEL,2026-05-28,0,0,1
AEHR,2026-05-27,256580,0,4
TMO,2026-05-27,0,316813,2
REGN,2026-05-19,369460,77380,2
NVO,2026-05-29,121720,11228,10
CPNG,2026-05-28,2038675,33825,16
LYB,2026-05-21,14630,0,2
RL,2026-05-26,105750,0,2
NTAP,2026-05-19,0,0,1
LI,2026-05-27,0,0,1
LYB,2026-05-22,0,0,1
KWEB,2026-05-22,773032,191390,46
MRLN,2026-05-21,0,0,1
AMC,2026-05-20,20596,0,2
MA,2026-05-26,727457,0,5
FIGR,2026-05-19,63114,13365,5
SBLK,2026-05-26,0,0,1
GEO,2026-05-26,27650,0,1
BIDU,2026-05-19,101753,23430,17
AEM,2026-05-19,0,0,1
EWY,2026-05-27,6634896,302281,39
ITRN,2026-05-23,0,0,1
DKS,2026-05-21,39620,0,3
ADI,2026-05-23,51120,0,4
COHR,2026-05-29,977381,263458,13
NTR,2026-05-28,0,42570,3
SNAP,2026-05-19,434321,0,9
BLDP,2026-05-19,0,0,1
HUBS,2026-05-19,271680,0,3
DECK,2026-05-27,0,65240,5
WVE,2026-05-19,16300,0,1
BITX,2026-05-28,75000,0,2
AAPL,2026-05-29,4465377,217515,53
CASY,2026-05-27,0,46900,2
DHT,2026-05-27,0,0,1
CHTR,2026-05-20,71780,33201,7
NTRA,2026-05-20,38261,61559,3
FBIN,2026-05-26,164858,0,2
RCL,2026-05-20,242643,0,7
PL,2026-05-28,750883,0,7
ASTX,2026-05-26,0,0,1
SMTC,2026-05-21,58941,269463,7
AEP,2026-05-20,124845,0,2
TTWO,2026-05-29,519922,45949,10
LLY,2026-05-26,135562,0,4
ADM,2026-05-23,0,0,1
OXY,2026-05-26,319963,0,4
SA,2026-05-20,350000,0,4
CPSH,2026-05-23,140198,0,4
EXE,2026-05-26,30000,238700,3
TWLO,2026-05-21,0,0,5
VST,2026-05-21,220318,58680,35
BBNX,2026-05-22,0,0,4
AA,2026-05-26,595873,0,5
SNOW,2026-05-23,225735,74020,7
TEAM,2026-05-26,428154,0,9
ACHR,2026-05-22,69140,0,7
WOR,2026-05-21,0,0,2
AGNC,2026-05-20,73000,0,4
TOYO,2026-05-21,0,0,1
CAR,2026-05-26,101125,0,7
RLMD,2026-05-22,0,0,1
RKLB,2026-05-29,1425229,382200,16
FTAI,2026-05-23,14660,0,2
IGV,2026-05-29,4389701,2194492,135
TOST,2026-05-26,84504,0,4
V,2026-05-19,134540,918080,4
EOSE,2026-05-20,763329,15809,13
GLOB,2026-05-27,14985,0,1
XOVR,2026-05-22,104500,0,8
ALGN,2026-05-21,11050,0,2
AFRM,2026-05-21,44442,0,8
AZN,2026-05-19,0,149760,1
XHB,2026-05-28,0,0,1
SVXY,2026-05-22,0,0,1
CRWV,2026-05-22,3210918,4669568,129
FLUT,2026-05-28,0,0,1
APP,2026-05-20,219068,888761,17
KRE,2026-05-27,116759,162273,10
CRMG,2026-05-29,0,0,1
PALL,2026-05-20,0,15376,1
GFI,2026-05-28,0,0,1
DY,2026-05-27,14483,155220,4
ELF,2026-05-27,46680,34126,3
AR,2026-05-19,0,270000,2
DRI,2026-05-27,0,0,1
AGI,2026-05-27,0,0,1
BILL,2026-05-20,0,0,2
DRS,2026-05-26,11700,0,1
RL,2026-05-21,494800,80500,4
SGI,2026-05-26,0,0,3
STRL,2026-05-22,0,0,2
WFC,2026-05-28,0,0,2
ALGM,2026-05-27,0,0,1
ORA,2026-05-28,87200,0,1
DUOL,2026-05-22,42769,39979,2
PGR,2026-05-28,54325,0,2
XPEV,2026-05-29,82422,0,6
APLD,2026-05-23,151251,11680,16
FSLR,2026-05-20,2722998,563750,21
TTMI,2026-05-27,1592482,10150,9
DDD,2026-05-28,0,0,1
EL,2026-05-22,25670,59750,7
HAL,2026-05-22,105857,249077,22
DHI,2026-05-19,40260,0,1
AU,2026-05-19,288084,0,1
ICHR,2026-05-27,11344,0,1
APO,2026-05-28,0,0,1
CMPS,2026-05-26,53930,0,4
DFEN,2026-05-19,0,0,1
ARQQ,2026-05-27,0,0,1
BBBY,2026-05-26,0,0,1
TXN,2026-05-21,0,77805,3
CRDU,2026-05-29,16470,0,1
CMPS,2026-05-21,63413,0,3
MPC,2026-05-21,0,117863,1
DIA,2026-05-21,1307525,100833,44
HL,2026-05-23,116000,0,3
VALE,2026-05-28,162360,0,2
VOYG,2026-05-28,196504,0,4
CRBP,2026-05-23,49998,0,1
RIVN,2026-05-21,1092256,207382,69
CRWD,2026-05-20,3395380,583447,29
AXON,2026-05-29,0,136000,6
MO,2026-05-27,0,0,2
OLMA,2026-05-21,76370,0,4
ISRG,2026-05-26,170990,54560,3
BJ,2026-05-23,0,0,6
QCOM,2026-05-20,3429317,323390,42
CDE,2026-05-28,0,0,2
KORU,2026-05-27,0,0,2
TT,2026-05-20,81840,0,1
SOXX,2026-05-23,35944,792726,32
PTIR,2026-05-26,10120,0,1
AMKR,2026-05-22,90868,0,13
COIN,2026-05-29,2630435,2138941,153
TSCO,2026-05-26,43970,0,3
COHR,2026-05-28,1865528,0,4
NDSN,2026-05-21,18358,0,1
GLW,2026-05-26,416646,0,4
BLD,2026-05-22,129907,0,5
SEDG,2026-05-21,389562,0,10
QURE,2026-05-23,0,0,1
VSH,2026-05-29,0,1975291,16
FRO,2026-05-27,0,28160,1
ASHR,2026-05-26,0,0,2
BNTX,2026-05-19,79468,0,3
VZ,2026-05-20,0,0,1
AGRO,2026-05-27,15960,0,1
WY,2026-05-27,10040,0,1
VLO,2026-05-23,0,0,1
WVE,2026-05-21,17185,0,1
VRTX,2026-05-28,0,83214,1
GRPN,2026-05-27,198910,0,12
EVER,2026-05-20,0,51841,4
CEG,2026-05-28,0,150777,2
TMUS,2026-05-28,543376,0,5
XRX,2026-05-23,0,0,1
CRCL,2026-05-23,340285,235094,21
GDYN,2026-05-21,12750,50006,3
SPX,2026-05-28,6522410,3196840,42
ATOM,2026-05-26,36015,0,2
ESLT,2026-05-19,47000,0,1
SE,2026-05-22,27998,14733,12
CPNG,2026-05-29,170438,0,7
KR,2026-05-27,48704,248030,8
RKT,2026-05-21,280862,132760,17
AEM,2026-05-22,0,0,1
COP,2026-05-26,280316,0,3
CLFD,2026-05-26,58340,0,2
U,2026-05-23,39879,65172,10
VELO,2026-05-22,65000,40020,5
CRML,2026-05-26,27445,0,2
THC,2026-05-20,205460,0,5
VECO,2026-05-20,127980,0,1
VFC,2026-05-19,127167,62238,3
NNE,2026-05-28,76439,0,1
FRPT,2026-05-27,29450,0,1
TTEK,2026-05-20,0,0,1
ZLAB,2026-05-23,0,0,2
GME,2026-05-26,204400,0,8
LAES,2026-05-28,116450,0,7
BE,2026-05-22,1824798,981750,41
ESTC,2026-05-23,0,0,1
LAKE,2026-05-20,0,0,1
PGR,2026-05-26,125890,0,2
PTEN,2026-05-21,45885,0,1
APP,2026-05-26,2743824,112960,20
QBTS,2026-05-23,1545454,838290,86
UFO,2026-05-23,15852,0,1
OMER,2026-05-22,0,0,1
RCAT,2026-05-27,409073,280293,16
DK,2026-05-28,32250,0,1
NASA,2026-05-26,958863,0,14
FER,2026-05-22,0,22050,1
DXYZ,2026-05-28,0,0,1
VNET,2026-05-26,0,0,1
AMPG,2026-05-26,0,0,5
ITB,2026-05-27,66105,0,4
BHP,2026-05-23,0,0,1
FWRG,2026-05-23,61269,0,4
AXTI,2026-05-21,67316,0,8
ONDS,2026-05-29,1301938,51117,89
BA,2026-05-23,510411,220660,11
RIOT,2026-05-21,1404006,0,14
LUNR,2026-05-26,1184633,45301,21
AIZ,2026-05-21,120000,0,1
CVSA,2026-05-28,0,0,1
CRWD,2026-05-26,55115,118750,4
TWST,2026-05-21,0,0,1
LAES,2026-05-27,216704,0,8
JOBY,2026-05-26,238793,0,11
ONDS,2026-05-19,58959,0,16
NCLH,2026-05-27,77268,38965,8
CRVS,2026-05-23,0,0,1
HPE,2026-05-20,208894,210210,11
BAP,2026-05-28,30100,0,1
SEDG,2026-05-22,2409656,965130,26
ABNB,2026-05-22,104811,80770,5
JKHY,2026-05-20,43260,0,1
LQDA,2026-05-19,150532,0,5
KOLD,2026-05-29,33760,0,3
IQV,2026-05-19,163657,0,2
OUST,2026-05-22,69377,0,5
VIAV,2026-05-29,800010,0,11
TLT,2026-05-20,4705821,2740758,241
HAL,2026-05-19,127145,0,4
KD,2026-05-28,0,0,1
AFRM,2026-05-22,444258,54400,8
ILMN,2026-05-22,0,22560,1
SMR,2026-05-21,157440,0,10
COST,2026-05-20,201235,75474,11
BILI,2026-05-26,27994,0,3
PEP,2026-05-28,115013,0,3
BBAI,2026-05-27,190253,0,5
ZM,2026-05-29,509576,265510,16
CGNX,2026-05-26,0,0,2
IYW,2026-05-21,325084,0,2
BRR,2026-05-28,0,0,2
NVT,2026-05-23,260000,0,2
EEM,2026-05-21,1551914,452257,14
TMDX,2026-05-20,0,0,4
ORCL,2026-05-27,3689571,2842019,48
LEN,2026-05-27,17730,82806,3
ORKA,2026-05-26,0,17680,1
PATH,2026-05-20,13800,39946,3
ETHA,2026-05-27,0,168711,8
DAVE,2026-05-22,140790,0,4
BTDR,2026-05-23,0,0,2
PAYX,2026-05-21,13230,0,2
DG,2026-05-19,74795,233121,13
FIG,2026-05-20,284035,74412,16
GRAL,2026-05-28,0,0,2
AR,2026-05-29,115200,0,3
MELI,2026-05-28,191100,0,1
INTU,2026-05-27,956954,525500,9
ENPH,2026-05-23,188912,492845,28
HII,2026-05-21,0,0,1
SWKS,2026-05-19,47104,0,11
LAZ,2026-05-19,50000,0,2
AMD,2026-05-29,8119615,8389422,88
NG,2026-05-22,0,0,1
FXI,2026-05-21,0,91389,9
NICE,2026-05-28,11630,0,1
SNOW,2026-05-29,3781558,262400,45
CEVA,2026-05-26,43500,0,1
WU,2026-05-27,0,0,2
INSM,2026-05-22,257928,15400,5
RAL,2026-05-22,35000,0,1
GOOG,2026-05-27,767787,260669,32
OKTA,2026-05-21,310301,388339,18
CNC,2026-05-20,33615,10650,5
EWZ,2026-05-20,136917,0,11
DECK,2026-05-22,29459,39790,14
WD,2026-05-23,29920,0,1
META,2026-05-28,23509193,1082480,138
CPNG,2026-05-19,213155,0,12
AAPL,2026-05-20,1669075,1868725,31
FWONK,2026-05-21,0,1264160,1
INTU,2026-05-23,0,59360,1
CLMT,2026-05-22,116807,0,3
SGML,2026-05-29,15040,0,1
CWH,2026-05-21,10000,0,1
RELL,2026-05-22,10875,0,2
RVMD,2026-05-20,145000,0,1
VMC,2026-05-20,0,0,1
XBI,2026-05-23,11114,31520,6
BIDU,2026-05-23,14446,0,4
EME,2026-05-26,300238,0,2
IBKR,2026-05-27,0,0,7
PTON,2026-05-22,0,0,1
WT,2026-05-20,58330,0,1
BTU,2026-05-20,10260,0,1
TXN,2026-05-22,1138445,0,15
LEN,2026-05-29,0,0,2
BABA,2026-05-29,634343,540217,50
TE,2026-05-23,104925,21600,15
UMAC,2026-05-20,0,0,1
HUBS,2026-05-21,0,105572,3
WYNN,2026-05-28,875760,130767,35
YPF,2026-05-19,428674,39020,9
SMH,2026-05-23,3655092,8174286,109
CLBT,2026-05-28,0,0,1
VCX,2026-05-20,2280000,0,3
BMY,2026-05-26,254292,0,3
TEAM,2026-05-28,112279,123205,14
FRMI,2026-05-22,179015,0,4
MSOS,2026-05-28,59589,0,5
EVC,2026-05-23,450000,0,1
RKLB,2026-05-27,1129737,363285,27
LVS,2026-05-22,0,14396,1
RUT,2026-05-27,0,524160,1
AU,2026-05-20,13940,0,3
EAT,2026-05-22,11200,0,6
CAT,2026-05-19,0,440536,9
JBLU,2026-05-20,10010,16500,3
FXI,2026-05-29,13549,0,9
MTDR,2026-05-23,0,0,1
LMT,2026-05-21,58080,0,2
ULS,2026-05-22,0,0,1
DG,2026-05-22,24664,462155,12
OC,2026-05-23,15168,0,1
BYD,2026-05-27,17160,13500,2
ABR,2026-05-23,0,21689,1
IOT,2026-05-27,0,0,1
TENB,2026-05-23,0,0,2
SMH,2026-05-26,8139321,8187979,104
BWA,2026-05-27,980219,0,22
AI,2026-05-22,343364,44150,7
MTUM,2026-05-22,20160,39500,4
LHX,2026-05-26,128760,0,1
FIG,2026-05-26,421986,107950,10
SATS,2026-05-22,1736237,413598,52
U,2026-05-21,13500,44800,3
APLD,2026-05-20,258927,222609,23
TD,2026-05-20,0,0,1
PTRN,2026-05-19,56090,0,3
SNX,2026-05-28,76297,0,3
CGNX,2026-05-28,0,0,1
ON,2026-05-29,432654,0,9
STX,2026-05-21,1675558,891166,12
UGI,2026-05-20,37225,0,1
ETN,2026-05-19,255855,54900,3
DGX,2026-05-27,0,0,1
KVYO,2026-05-28,0,0,1
CEG,2026-05-23,0,143350,2
XRPT,2026-05-27,15500,0,1
KULR,2026-05-22,238737,0,7
FPS,2026-05-21,0,0,1
FANG,2026-05-28,0,0,1
AGNC,2026-05-28,0,0,2
AAL,2026-05-22,428700,656146,36
GDS,2026-05-21,18423,0,3
TREE,2026-05-20,0,58000,1
RIOT,2026-05-20,623067,128328,27
XYZ,2026-05-23,13573,134198,5
ACHR,2026-05-20,110841,0,6
NOVT,2026-05-23,632000,0,1
XME,2026-05-23,0,10259,1
XPEV,2026-05-28,0,59064,2
VOYG,2026-05-26,0,0,2
DUOL,2026-05-19,159444,13120,8
TCBX,2026-05-27,11440,0,1
GLD,2026-05-26,1795996,210936,44
NEXT,2026-05-27,0,10000,2
ELA,2026-05-26,10254,0,2
BBY,2026-05-20,32379,0,4
PPH,2026-05-22,0,12683,1
TAN,2026-05-28,17765,0,2
WWD,2026-05-22,0,0,1
RLMD,2026-05-20,0,0,1
FIGR,2026-05-20,231401,0,8
AUPH,2026-05-29,0,0,1
HACK,2026-05-23,0,0,1
JBL,2026-05-21,101878,0,5
NKTR,2026-05-27,0,14760,2
FCEL,2026-05-28,45510,0,11
PBF,2026-05-27,201925,0,1
ABVX,2026-05-22,155020,99450,22
LUNR,2026-05-29,484006,445535,44
MU,2026-05-22,31008129,13686892,190
SKLZ,2026-05-19,24750,0,1
NUE,2026-05-26,530400,0,4
KWEB,2026-05-19,171143,156105,41
GAP,2026-05-22,0,11468,4
BBY,2026-05-22,0,213060,2
CDNS,2026-05-21,0,200634,4
ITB,2026-05-28,33480,16320,4
PBA,2026-05-21,72000,0,1
QDEL,2026-05-28,23226,0,1
ADSK,2026-05-27,721698,0,3
MOH,2026-05-28,0,53780,3
HRL,2026-05-19,628994,0,4
AB,2026-05-28,0,0,1
UFO,2026-05-28,0,0,19
SNXX,2026-05-23,0,0,1
JBL,2026-05-26,40680,0,6
GTLB,2026-05-21,44640,0,3
AUGO,2026-05-27,27500,0,1
CCI,2026-05-27,27125,0,1
BTG,2026-05-23,0,0,1
TMF,2026-05-19,56250,0,7
DKNG,2026-05-20,180092,0,2
RUN,2026-05-23,14200,0,2
ACHR,2026-05-23,29096,0,2
OKE,2026-05-23,0,0,1
DIS,2026-05-26,54912,0,3
GPN,2026-05-28,57065,0,6
CELC,2026-05-22,0,0,6
MULL,2026-05-20,693550,0,2
DLO,2026-05-21,0,0,3
FTNT,2026-05-27,216467,582352,5
HIVE,2026-05-28,390059,12500,22
SEZL,2026-05-27,37408,61250,2
GLD,2026-05-23,34629463,80610,29
DQ,2026-05-22,0,0,1
RZLV,2026-05-23,0,0,1
ESTC,2026-05-19,10000,0,1
ARM,2026-05-23,2756691,379110,19
GEV,2026-05-20,664810,165010,5
TLT,2026-05-23,854028,405864,76
VICR,2026-05-22,0,0,4
CAR,2026-05-28,42890,475000,16
PODD,2026-05-20,0,20740,1
NVAX,2026-05-27,10272,0,3
BMNR,2026-05-22,100677,250470,22
VUZI,2026-05-23,30754,22676,4
MARA,2026-05-22,397775,132700,31
EOSE,2026-05-26,45114,0,5
SNAP,2026-05-27,65068,0,5
WWW,2026-05-27,0,0,1
NUCL,2026-05-20,27860,0,1
XLF,2026-05-23,140112,473200,19
PZZA,2026-05-20,0,0,1
LFUS,2026-05-28,0,166132,1
MP,2026-05-29,588539,0,10
METC,2026-05-28,10800,0,1
SOFI,2026-05-20,920433,0,38
SO,2026-05-28,0,0,1
VEU,2026-05-28,0,0,1
IGV,2026-05-27,556441,46735,32
FANG,2026-05-23,0,197460,2
MLYS,2026-05-28,0,10620,6
TPR,2026-05-23,0,12810,1
SOFI,2026-05-19,151346,74640,24
SM,2026-05-20,13500,0,1
GRPN,2026-05-23,115376,0,4
FIVN,2026-05-26,72778,0,4
BBAI,2026-05-29,434150,42096,45
ZM,2026-05-26,1393036,100560,15
LIN,2026-05-20,195659,0,2
OXY,2026-05-22,0,321798,5
GDXJ,2026-05-22,11400,131130,6
ESTA,2026-05-29,0,0,1
YELP,2026-05-27,10966,0,1
SNDK,2026-05-29,3551569,8514164,67
BIIB,2026-05-22,0,0,2
GMAB,2026-05-21,0,0,1
ED,2026-05-21,0,0,1
CHTR,2026-05-29,54180,174775,3
NVDL,2026-05-27,10200,12012,2
CLSK,2026-05-22,783876,95638,26
ADEA,2026-05-28,59970,0,3
MAR,2026-05-19,103700,54740,2
BE,2026-05-23,1803258,1214645,15
AVAV,2026-05-21,0,68686,1
UFO,2026-05-22,10030,0,5
UMC,2026-05-27,13916,0,4
NVTS,2026-05-23,50692,117507,24
TCOM,2026-05-28,0,0,1
AEIS,2026-05-20,82587,0,4
NVAX,2026-05-20,0,0,1
EWW,2026-05-20,0,50000,1
GAP,2026-05-23,0,0,1
AEP,2026-05-28,0,134635,2
MMYT,2026-05-22,0,0,1
XOM,2026-05-21,0,139696,2
MBLY,2026-05-27,17500,0,3
GWW,2026-05-26,0,0,1
TWLO,2026-05-28,651194,24300,7
PCT,2026-05-28,0,0,6
RIVN,2026-05-22,245782,0,17
PEN,2026-05-22,0,0,3
EW,2026-05-29,24350,0,4
OMER,2026-05-27,25541,18778,4
ODFL,2026-05-22,0,0,2
DUOL,2026-05-20,37740,86150,4
CLF,2026-05-26,118985,0,4
RKLB,2026-05-23,540520,1096460,22
VRT,2026-05-26,125400,172960,7
WDC,2026-05-21,232225,683676,18
SPXS,2026-05-23,67344,0,1
ORKA,2026-05-22,0,11675,1
SNAP,2026-05-29,0,20828,2
SKM,2026-05-28,36480,0,4
ENB,2026-05-28,67500,0,1
ESLT,2026-05-21,0,0,1
DIA,2026-05-19,291314,564125,33
WFC,2026-05-21,54250,71242,3
SLB,2026-05-28,136740,220662,3
VCX,2026-05-27,33960,0,2
YOU,2026-05-22,56399,0,2
DLTR,2026-05-27,0,0,1
GOOG,2026-05-23,504906,265512,17
PSX,2026-05-21,0,0,1
AXTI,2026-05-28,9540906,206030,41
APD,2026-05-23,0,0,1
UVXY,2026-05-28,16863,0,5
FSLR,2026-05-21,1666849,134570,31
MVLL,2026-05-27,0,10400,2
EAT,2026-05-23,0,157940,2
OHI,2026-05-21,0,16000,1
IBB,2026-05-28,14300,0,1
NUGT,2026-05-20,0,0,2
FXI,2026-05-19,0,27988,2
TTEK,2026-05-28,0,10640,1
BNO,2026-05-26,62669,147139,8
MRVL,2026-05-23,2163705,522249,28
EAT,2026-05-26,0,0,1
SOXX,2026-05-27,625960,1032617,34
APLD,2026-05-29,381558,36161,15
VOO,2026-05-28,390480,0,1
IIIN,2026-05-27,0,13110,2
YOU,2026-05-27,118000,0,1
JOYY,2026-05-21,13200,0,1
ABNB,2026-05-20,248296,142781,5
UCO,2026-05-23,0,160000,3
SITM,2026-05-23,0,71208,6
HD,2026-05-19,300464,125413,4
TXN,2026-05-27,583970,908948,12
CLFD,2026-05-27,31470,0,2
NMRA,2026-05-23,10000,0,1
CAVA,2026-05-27,262978,0,4
CTEV,2026-05-22,0,56000,1
CRL,2026-05-21,34259,0,1
GETY,2026-05-26,27868,0,3
AMGN,2026-05-26,145406,0,1
CHWY,2026-05-26,10200,0,3
IOVA,2026-05-23,0,0,1
GENI,2026-05-23,0,0,2
MTSI,2026-05-19,582937,90600,5
GILD,2026-05-28,123990,194263,5
SPYI,2026-05-22,0,0,2
CWEB,2026-05-28,0,0,1
HAS,2026-05-28,0,0,1
CAL,2026-05-27,0,0,1
AR,2026-05-28,45478,0,3
LYV,2026-05-21,97700,80960,5
PSX,2026-05-27,0,66614,1
SEI,2026-05-23,132835,0,1
XLE,2026-05-21,801693,1019885,88
RUT,2026-05-19,415200,3487750,9
WULF,2026-05-26,1600744,49889,44
TIGR,2026-05-23,0,1019002,5
CTRI,2026-05-22,0,90450,1
BABA,2026-05-20,505722,493201,47
AMPG,2026-05-27,154282,0,7
GPC,2026-05-21,0,0,1
DB,2026-05-20,89640,0,1
CHTR,2026-05-23,0,20570,2
PINS,2026-05-21,0,0,3
DKNG,2026-05-27,148764,72606,4
BWEN,2026-05-21,0,0,1
UMAC,2026-05-29,400282,196218,20
MSTX,2026-05-22,0,0,1
MMM,2026-05-20,217330,53628,2
QBTS,2026-05-29,1012992,104925,34
VOD,2026-05-19,13500,0,1
CYTK,2026-05-27,39780,0,3
AU,2026-05-22,0,842280,2
PNC,2026-05-20,68137,0,1
WOLF,2026-05-26,4770380,55000,8
TLN,2026-05-29,26950,189810,7
PM,2026-05-22,0,546854,4
KEEL,2026-05-27,383227,80840,14
KGC,2026-05-26,10036,0,1
CAVA,2026-05-26,323327,108700,2
LOW,2026-05-21,60945,0,3
SMMT,2026-05-27,0,14850,3
S,2026-05-27,24198,89919,4
HOOD,2026-05-28,1807923,982332,38
TCOM,2026-05-20,0,0,5
SWK,2026-05-28,0,0,2
WCC,2026-05-21,293180,0,1
CORZ,2026-05-28,1319796,63350,70
ALB,2026-05-27,0,0,3
IONQ,2026-05-28,1418400,14664,70
AME,2026-05-20,354315,0,1
DOCU,2026-05-21,0,0,2
SAP,2026-05-27,0,0,1
FDS,2026-05-22,0,40621,2
RGTI,2026-05-29,1665953,190635,63
HIVE,2026-05-23,182125,0,9
CRH,2026-05-19,200550,0,1
CF,2026-05-21,17738,0,7
NEBX,2026-05-23,0,0,1
FISV,2026-05-26,115169,0,3
TECL,2026-05-22,127400,0,3
WHR,2026-05-19,23481,0,2
JNJ,2026-05-20,121920,0,2
HLT,2026-05-23,0,141862,2
BUG,2026-05-29,94122,0,2
AOSL,2026-05-26,180000,0,1
SVIX,2026-05-27,0,0,2
DDOG,2026-05-26,2378731,191774,8
FIVE,2026-05-28,12650,0,6
AVGO,2026-05-19,7121537,772085,24
SPXW,2026-05-19,380777970,6325975,171
SYF,2026-05-27,0,0,1
LEGN,2026-05-21,95398,0,2
KLAC,2026-05-27,268200,0,2
FIG,2026-05-21,36000,0,2
TRI,2026-05-22,0,29070,2
TRGP,2026-05-21,57920,0,1
SNOW,2026-05-20,679775,102645,11
GRMN,2026-05-21,15039,0,1
CHYM,2026-05-20,0,11475,1
VIAV,2026-05-27,408110,0,12
WAT,2026-05-22,18150,0,2
RYAM,2026-05-22,35000,0,1
CCL,2026-05-23,44423,118237,5
QCML,2026-05-21,0,0,1
XLP,2026-05-26,203345,0,2
ELV,2026-05-23,0,153903,1
T,2026-05-21,0,0,1
NIO,2026-05-19,52874,44185,13
CAG,2026-05-20,0,0,1
YPF,2026-05-21,0,0,2
CSCO,2026-05-21,927640,171404,16
SOXL,2026-05-29,301215,513950,51
ONDS,2026-05-22,106361,25452,12
DNN,2026-05-27,0,0,1
DRIP,2026-05-22,10000,0,1
OWL,2026-05-22,10400,36156,3
SHAK,2026-05-27,0,0,1
DE,2026-05-21,106200,486050,4
SOXX,2026-05-19,170980,1357742,46
AMZN,2026-05-26,1678446,415740,13
URI,2026-05-22,0,0,1
WPM,2026-05-20,0,0,1
RUT,2026-05-20,0,0,1
BMY,2026-05-28,0,0,5
IONQ,2026-05-27,248569,92808,26
KMI,2026-05-22,0,0,1
FLNC,2026-05-23,553699,0,20
CCI,2026-05-28,17600,0,1
HIMX,2026-05-27,0,0,2
METU,2026-05-22,0,0,1
ESLT,2026-05-28,0,0,1
OMF,2026-05-19,0,0,1
TSLA,2026-05-29,18638013,6191515,169
PCG,2026-05-23,0,72980,2
CENX,2026-05-22,0,27741,3
CSX,2026-05-27,0,229580,1
ATAI,2026-05-22,11900,0,1
AMRC,2026-05-19,21778,0,7
ABNB,2026-05-27,74260,176130,2
GLXY,2026-05-21,0,0,3
FORM,2026-05-27,406599,0,1
SNPS,2026-05-22,774928,202770,8
SEI,2026-05-26,0,0,2
TLRY,2026-05-20,42600,0,2
LAES,2026-05-29,0,0,3
BE,2026-05-21,1905142,1531537,40
TWLO,2026-05-20,689642,115830,13
CCL,2026-05-26,114987,0,8
TEM,2026-05-28,1113203,13500,18
SOUN,2026-05-21,0,0,1
BTBT,2026-05-28,64985,0,1
RUT,2026-05-26,0,1312160,3
MA,2026-05-22,0,93750,1
SEV,2026-05-19,20000,0,1
NAIL,2026-05-21,0,0,1
FTAI,2026-05-28,446840,0,3
FWRD,2026-05-28,0,0,1
EQT,2026-05-28,61710,19575,3
ALK,2026-05-20,2568437,0,12
ADTN,2026-05-28,729276,0,17
QBTX,2026-05-22,0,10399,1
BWA,2026-05-22,179562,38508,8
QFIN,2026-05-27,18195,0,1
RUM,2026-05-27,42009,17850,3
SIRI,2026-05-27,231703,435477,3
UNG,2026-05-21,27900,0,2
XP,2026-05-22,22585,0,4
GIS,2026-05-22,321045,0,7
QQQ,2026-05-22,26650625,18142599,280
TJX,2026-05-26,81662,0,3
NXT,2026-05-19,0,0,5
UPXI,2026-05-27,0,0,1
NU,2026-05-28,0,0,1
XOM,2026-05-28,0,0,4
IBKR,2026-05-22,21000,253781,3
BE,2026-05-20,1372100,335635,21
CCJ,2026-05-22,88305,27650,7
NUE,2026-05-19,0,0,3
CVS,2026-05-26,0,0,1
WULF,2026-05-20,494120,0,32
XME,2026-05-22,0,107174,4
TAN,2026-05-20,0,36280,2
XLY,2026-05-20,198005,0,2
AAOI,2026-05-28,397042,240007,45
EWT,2026-05-26,117420,0,3
XOMA,2026-05-22,0,0,1
BAND,2026-05-26,34960,0,1
COR,2026-05-20,73796,0,1
MARA,2026-05-28,181771,202925,23
FBTC,2026-05-28,0,0,1
TRN,2026-05-22,0,0,1
PCG,2026-05-22,106849,24683,7
FUTU,2026-05-29,630704,239911,17
UPST,2026-05-26,174153,48064,5
NAMS,2026-05-21,0,2248000,1
RIVN,2026-05-27,432737,64135,21
CORZ,2026-05-22,819997,0,29
BL,2026-05-28,0,0,3
LWLG,2026-05-22,260949,0,5
TMF,2026-05-27,40920,0,11
AGI,2026-05-20,0,0,1
MSI,2026-05-26,138060,0,1
PBR,2026-05-26,419490,0,2
DRAM,2026-05-28,1566574,186190,31
SANM,2026-05-28,0,0,2
GM,2026-05-28,320089,0,6
HAWK,2026-05-28,45682,0,1
KRMN,2026-05-19,0,0,2
COHU,2026-05-27,0,0,1
MRK,2026-05-22,411217,71628,8
AZTA,2026-05-20,49320,0,4
SAP,2026-05-26,135020,0,1
RBLX,2026-05-23,29386,110360,4
ALAB,2026-05-26,8451373,0,3
JOBY,2026-05-21,0,0,3
BRZE,2026-05-26,142050,0,2
DXCM,2026-05-29,359821,545000,5
CDNS,2026-05-23,0,0,3
LASR,2026-05-26,222750,0,1
ORBX,2026-05-23,114287,0,2
WRBY,2026-05-19,14720,0,2
AWR,2026-05-26,0,0,1
CHWY,2026-05-28,149604,0,7
SNDK,2026-05-28,2751770,2353502,65
BIRK,2026-05-22,0,22925,3
HPE,2026-05-28,392392,0,8
DOCN,2026-05-29,0,27699,5
EQX,2026-05-27,0,0,1
CTAS,2026-05-23,71200,0,1
VELO,2026-05-19,36376,0,3
VEEV,2026-05-22,0,0,1
CYTK,2026-05-23,23500,0,1
NVDX,2026-05-21,0,0,2
XLV,2026-05-28,1100172,197454,24
DASH,2026-05-19,1204415,0,4
QXO,2026-05-20,1351020,0,5
PAR,2026-05-22,64150,0,2
NVO,2026-05-20,73800,26423,11
EWJ,2026-05-29,0,0,2
DPZ,2026-05-28,68970,102063,3
GILD,2026-05-20,624726,0,4
MDT,2026-05-21,0,385000,2
DAL,2026-05-27,50240,101120,4
VALE,2026-05-26,461466,0,2
TER,2026-05-19,0,1048933,4
NBIS,2026-05-26,699418,0,34
HPQ,2026-05-22,1177562,1585506,28
PAYC,2026-05-19,64445,0,4
ALL,2026-05-20,73946,0,1
FSLR,2026-05-23,329710,89000,8
AAOI,2026-05-21,9126338,115675,54
HCA,2026-05-21,117000,0,1
EVER,2026-05-21,0,0,1
LUNR,2026-05-19,265604,17105,14
MOS,2026-05-28,116990,640069,6
XLY,2026-05-28,0,80912,2
EME,2026-05-21,0,672840,1
CRSR,2026-05-23,0,0,2
CDE,2026-05-21,0,0,4
ETN,2026-05-22,303680,105790,5
CSCO,2026-05-26,538450,135735,8
NTRA,2026-05-21,100820,0,2
VRT,2026-05-20,889119,153904,19
HOOD,2026-05-22,335200,1505939,13
FEIM,2026-05-23,46155,0,1
M,2026-05-22,0,38372,3
PLAB,2026-05-27,71250,0,4
TEVA,2026-05-28,0,26471,2
XLK,2026-05-29,33390,95565,22
MSGS,2026-05-22,36000,0,1
HLIT,2026-05-28,112379,0,8
ATI,2026-05-28,0,0,1
QSR,2026-05-20,0,103500,1
USAR,2026-05-26,433035,0,8
VELO,2026-05-27,11571,22000,5
ACN,2026-05-28,0,137033,2
RUM,2026-05-20,18900,0,2
SOXS,2026-05-27,277445,15000,28
ROKU,2026-05-26,421600,0,4
UCO,2026-05-26,37600,0,3
XLP,2026-05-21,14807,0,1
PLTR,2026-05-20,1900202,1034992,46
NTRA,2026-05-22,26980,0,1
GSK,2026-05-22,0,0,1
FETH,2026-05-27,434280,0,2
RCL,2026-05-23,0,938541,4
BLSH,2026-05-26,0,58110,1
COLO,2026-05-23,0,0,1
JCI,2026-05-20,52650,0,2
ENPH,2026-05-20,763968,560153,27
SSO,2026-05-19,18600,0,1
AEM,2026-05-21,0,147200,3
CROX,2026-05-22,49500,0,2
REGN,2026-05-20,208220,0,3
GPGI,2026-05-26,19630,0,1
CHKP,2026-05-20,0,0,1
BUG,2026-05-28,0,33630,1
RIOT,2026-05-29,379363,0,18
AA,2026-05-27,17250,145040,4
RELL,2026-05-28,0,0,3
VTR,2026-05-21,95285,0,1
HUT,2026-05-23,50815,46448,9
INDA,2026-05-20,0,85000,1
SLV,2026-05-21,2886435,818597,117
DLR,2026-05-28,0,0,1
GDXJ,2026-05-29,225000,0,6
YINN,2026-05-21,61179,0,4
VPG,2026-05-19,0,0,1
PGR,2026-05-27,0,179548,2
QCOM,2026-05-26,8741446,766012,65
COLO,2026-05-26,768000,0,1
TECK,2026-05-27,0,0,2
CF,2026-05-23,142402,0,6
GRNY,2026-05-22,29646,0,1
CLOV,2026-05-28,0,0,5
EWG,2026-05-20,0,12760,4
SW,2026-05-28,112050,0,1
IREN,2026-05-19,4843603,789984,69
WMS,2026-05-21,88037,0,1
LUMN,2026-05-19,212640,10000,5
MDLN,2026-05-20,0,10528,1
JBS,2026-05-19,33000,22000,3
APP,2026-05-19,521218,273741,16
GIL,2026-05-28,27435,0,1
CYTK,2026-05-20,13510,0,1
XLK,2026-05-27,105475,32337,6
EMN,2026-05-21,0,0,2
MDLZ,2026-05-28,135850,0,1
JBLU,2026-05-26,0,0,3
DRAM,2026-05-19,329116,728819,48
IEF,2026-05-27,74991,11121,4
SQM,2026-05-28,11112,0,1
SHOP,2026-05-21,562103,0,6
FRPT,2026-05-23,0,120000,5
ACN,2026-05-22,436470,0,2
DOW,2026-05-20,56502,34245,10
DKS,2026-05-23,63360,0,2
MX,2026-05-20,10800,0,2
AME,2026-05-28,206460,0,2
AKAM,2026-05-23,0,0,5
URA,2026-05-22,0,0,1
NOVT,2026-05-27,0,49925,2
WTW,2026-05-26,0,51600,1
BMNR,2026-05-20,434228,83499,34
PFG,2026-05-21,0,0,1
CMC,2026-05-21,0,10815,1
AAP,2026-05-20,617455,32110,7
JOBY,2026-05-19,27666,0,4
BHP,2026-05-26,685500,0,2
GFI,2026-05-23,32000,0,2
TTD,2026-05-19,281009,105500,10
CROX,2026-05-20,40348,0,4
DUOL,2026-05-26,484350,0,2
APO,2026-05-27,0,168370,2
KSS,2026-05-26,0,13193,1
PAAS,2026-05-23,73750,0,1
MEOH,2026-05-21,0,0,2
ASX,2026-05-26,146925,0,1
CEPT,2026-05-29,36230,0,1
QXO,2026-05-28,60600,0,4
QUBT,2026-05-19,45022,30031,5
KMB,2026-05-27,13260,100170,4
LFUS,2026-05-19,0,72800,3
CBOE,2026-05-27,0,0,1
PSKY,2026-05-22,82573,0,6
ZM,2026-05-28,13860,0,4
PSKY,2026-05-28,142919,0,2
OKE,2026-05-22,0,242315,2
GAP,2026-05-26,0,0,1
ARQQ,2026-05-28,40515,0,4
KIM,2026-05-28,0,0,1
QS,2026-05-28,279055,0,8
NVO,2026-05-26,126870,56133,15
IBRX,2026-05-21,73000,0,10
CARR,2026-05-28,0,104160,1
ALB,2026-05-26,21595,31580,7
DBA,2026-05-23,0,0,1
SEI,2026-05-20,339038,0,4
BLDP,2026-05-21,276059,0,17
TEM,2026-05-27,71362,0,7
XBI,2026-05-27,130076,11160,7
ACLS,2026-05-28,0,0,1
OKLO,2026-05-26,2388201,82676,30
OXY,2026-05-20,253868,250649,12
PAGP,2026-05-28,17000,0,2
GAP,2026-05-28,0,45188,6
TMDX,2026-05-28,10625,17718,2
MXL,2026-05-23,63400,0,6
VKTX,2026-05-21,0,0,1
SYM,2026-05-27,0,0,1
KDP,2026-05-23,12390,0,7
QXO,2026-05-22,71760,0,3
TRS,2026-05-27,0,0,5
SG,2026-05-26,194852,0,6
NRGV,2026-05-21,0,0,1
JOYY,2026-05-26,0,0,1
CD,2026-05-19,17052,0,1
LITE,2026-05-23,0,0,5
JBLU,2026-05-28,68085,10311,4
GFS,2026-05-23,19250,81000,5
CBRS,2026-05-20,907244,3036710,48
BBAI,2026-05-19,35136,0,3
MOD,2026-05-23,0,0,1
VRT,2026-05-19,1651461,657940,31
CAVA,2026-05-23,76433,0,2
UWMC,2026-05-21,0,0,1
MCY,2026-05-20,35000,15250,3
DDOG,2026-05-20,504285,0,11
PUMP,2026-05-28,19280,0,2
AMSC,2026-05-23,0,0,1
GUSH,2026-05-20,66550,0,3
LYG,2026-05-20,148350,0,2
SPXL,2026-05-19,0,15820,1
SATL,2026-05-29,0,0,2
F,2026-05-19,208971,0,3
TGB,2026-05-21,19954,0,1
AMAT,2026-05-21,507680,1274129,18
JCI,2026-05-21,0,0,1
JPM,2026-05-22,0,0,1
NVTS,2026-05-22,852112,493793,53
KGC,2026-05-20,0,0,5
CRC,2026-05-23,0,0,1
SOXS,2026-05-19,173833,63984,27
TVTX,2026-05-22,21450,0,1
FIG,2026-05-29,540356,0,19
DINO,2026-05-27,12320,0,2
ABT,2026-05-22,0,76483,1
RXO,2026-05-21,63750,0,2
OSCR,2026-05-22,24800,45436,10
QUBX,2026-05-23,0,0,1
CIEN,2026-05-20,0,0,1
WEN,2026-05-23,0,0,1
WDC,2026-05-19,752035,466365,8
ALLY,2026-05-23,19076,0,1
RRX,2026-05-21,512400,0,1
XIFR,2026-05-20,200019,0,1
COF,2026-05-26,0,442160,2
WYFI,2026-05-21,0,0,1
MDB,2026-05-28,890801,214485,36
PBRA,2026-05-23,145215,0,2
EPAM,2026-05-28,57350,0,3
VICI,2026-05-27,0,0,1
TIGO,2026-05-22,176220,0,1
AMD,2026-05-22,16203714,5279496,165
ETOR,2026-05-21,0,0,1
WPM,2026-05-21,0,0,1
DUOL,2026-05-28,11200,36044,6
SOPH,2026-05-29,12600,0,2
JD,2026-05-23,39183,0,2
XLV,2026-05-23,155474,49300,10
MVLL,2026-05-20,0,30000,1
WOLF,2026-05-28,378896,167283,19
CMG,2026-05-23,0,0,2
QURE,2026-05-22,10850,50250,2
SYNA,2026-05-20,0,0,1
NVDX,2026-05-19,32500,0,2
ENPH,2026-05-29,205709,401169,28
W,2026-05-19,0,132560,7
GIS,2026-05-26,103211,0,2
CDW,2026-05-26,0,0,1
VSAT,2026-05-27,454960,106326,3
SSSS,2026-05-27,20650,0,2
AAP,2026-05-27,82079,0,5
PRCT,2026-05-21,14400,0,5
ROK,2026-05-26,90440,0,2
PUMP,2026-05-22,869351,0,28
SRRK,2026-05-22,0,264751,6
BIDU,2026-05-27,226996,104271,17
BRKR,2026-05-29,52584,0,4
RDTL,2026-05-23,0,0,1
ACHR,2026-05-27,118704,39204,8
CRWD,2026-05-19,1526616,1106069,30
ASML,2026-05-20,644910,0,8
DVA,2026-05-28,0,0,1
IMO,2026-05-27,0,487500,1
HIVE,2026-05-27,11911,0,5
PCT,2026-05-26,32875,0,4
PTEN,2026-05-26,0,0,1
KR,2026-05-20,35519,10700,7
TSLL,2026-05-23,53775,0,4
AA,2026-05-23,251937,25704,18
CRML,2026-05-21,39130,0,4
XOP,2026-05-27,215354,380526,16
TEM,2026-05-26,454229,0,14
GEV,2026-05-21,0,0,3
NVO,2026-05-23,100794,32427,6
APP,2026-05-29,1291254,2777040,23
FTAI,2026-05-26,486950,0,5
RCAT,2026-05-26,59050,0,3
DOW,2026-05-28,0,2814287.5,4
FLR,2026-05-26,0,0,1
USO,2026-05-27,825274,776998,73
FIS,2026-05-28,162177,0,2
LOW,2026-05-20,0,123360,8
NFLX,2026-05-26,2546342,76560,4
ZS,2026-05-21,185129,605915,38
BORR,2026-05-27,0,30000,1
USAR,2026-05-29,384807,0,11
SPX,2026-05-27,127449194,2090840,30
MKC,2026-05-20,0,23820,1
CZR,2026-05-27,26285,0,3
SOUN,2026-05-20,174400,17064,3
MAGS,2026-05-26,12000,0,1
ORLY,2026-05-20,74500,0,1
MLYS,2026-05-29,120139,17280,7
KMI,2026-05-26,55032,0,1
XE,2026-05-27,0,0,1
VTGN,2026-05-22,13750,0,1
TPL,2026-05-27,0,437000,1
VIK,2026-05-27,32610,0,3
XLE,2026-05-19,1171168,790762,79
FXI,2026-05-26,0,43388,2
DPZ,2026-05-26,0,0,1
ORCL,2026-05-23,0,109650,7
VST,2026-05-23,62316,82070,6
MKC,2026-05-28,0,0,1
DNUT,2026-05-22,0,0,1
CEVA,2026-05-29,0,0,3
RDW,2026-05-27,1074916,78398,52
TSLA,2026-05-20,22233758,10052557,223
MRAM,2026-06-02,164950,0,9
MCK,2026-06-01,0,0,1
VSAT,2026-06-01,0,0,2
AXTI,2026-05-29,2500936,1025581,29
IBKR,2026-06-01,35378,21509,4
FN,2026-06-05,72760,0,4
VOYA,2026-06-06,12950,0,2
OMDA,2026-05-29,0,0,1
AMSC,2026-06-03,13810,0,5
AA,2026-06-04,10175,60200,8
B,2026-06-11,0,0,2
KDP,2026-06-02,20710,0,1
PNC,2026-06-12,0,0,1
ICLR,2026-06-10,0,87300,2
TXG,2026-05-30,0,0,3
ATEX,2026-05-29,0,0,1
ENTG,2026-06-09,0,0,1
XLF,2026-06-06,467172,494625,51
WDCX,2026-06-06,0,0,1
MCHP,2026-06-08,0,36000,2
GNRC,2026-05-19,0,0,1
EWT,2026-06-03,0,0,1
CHYM,2026-06-04,0,17500,1
QQQ,2026-06-05,40594241,25096091,464
NXPI,2026-06-04,0,60360,2
STX,2026-06-02,886865,461205,13
VPG,2026-06-05,95799,0,2
UPS,2026-06-11,74000,107060,2
QURE,2026-06-11,0,0,4
VECO,2026-06-03,345631,0,5
ERIC,2026-06-12,0,0,1
CAT,2026-06-09,509950,114300,4
GLW,2026-06-10,2644130,245310,22
RDW,2026-06-05,451876,0,29
FIVN,2026-06-01,165150,0,6
VCX,2026-06-05,157700,31360,3
SBLK,2026-06-01,87740,0,3
FATE,2026-06-04,52670,0,2
EWT,2026-06-04,0,0,1
TRMB,2026-06-06,0,0,1
BMA,2026-05-30,57750,0,1
FTNT,2026-05-30,245428,0,6
UTI,2026-06-09,42535,0,1
RH,2026-06-04,30780,0,2
ABVX,2026-06-12,690800,107970,12
RS,2026-06-12,38720,0,1
CVX,2026-06-04,0,127148,3
ZTS,2026-06-11,35979,0,8
JNJ,2026-06-01,113241,0,1
BROS,2026-06-11,19499,0,2
GM,2026-06-11,131364,0,5
ARKG,2026-06-08,0,0,2
VEEV,2026-06-03,51640,0,6
PKE,2026-05-30,11249,0,1
OKLO,2026-05-30,358323,177730,26
TDOC,2026-06-10,36762,0,3
GS,2026-06-04,3607790,1366424,36
AMSC,2026-06-10,0,0,2
AVBP,2026-06-04,0,0,1
JBLU,2026-05-30,11780,0,3
SNOW,2026-06-01,1329595,886800,14
TPL,2026-05-19,0,0,1
SG,2026-06-08,16250,193276,2
UDOW,2026-05-19,0,0,1
SU,2026-06-04,99430,205907,3
TGB,2026-06-04,280710,0,2
LEN,2026-05-30,25680,43200,2
ASAN,2026-06-11,0,101400,1
CLF,2026-06-03,497917,0,36
SDOW,2026-06-06,10600,0,1
PNC,2026-06-04,0,61421,1
LAC,2026-06-02,163369,41484,10
AMAT,2026-06-12,1558075,143680,16
FEZ,2026-06-03,0,0,4
BITI,2026-06-01,25814,0,1
HUBS,2026-05-30,0,573000,2
TEM,2026-06-06,147315,117790,17
TXN,2026-05-29,98900,0,2
CEPU,2026-06-09,0,0,1
WH,2026-06-06,88035,0,5
PVH,2026-06-02,15490,0,1
FJET,2026-06-08,24500,0,1
ZVRA,2026-06-09,54955,0,6
ACMR,2026-06-10,24360,0,3
ATI,2026-06-10,86630,0,2
WOLF,2026-06-04,47025,12000,6
PLUG,2026-06-11,0,0,1
SKY,2026-06-04,43327,0,4
WDAY,2026-06-06,0,31365,3
TQQQ,2026-06-10,2757448,3917070,185
BTDR,2026-06-12,72760,15680,6
UNFI,2026-06-06,13705,0,1
ONON,2026-06-08,0,11250,4
MLYS,2026-06-03,0,21000,2
TQQQ,2026-06-05,1523889,2569958,84
DOW,2026-06-09,15360,0,5
RACE,2026-06-02,0,0,1
COP,2026-06-06,0,0,2
VAC,2026-06-11,0,13320,2
PM,2026-06-09,610708,0,3
FCN,2026-06-05,0,0,1
PPL,2026-06-05,0,12460,1
TNL,2026-06-05,58450,0,1
WSM,2026-05-30,56400,0,2
AMDL,2026-05-30,22770,97982,4
PI,2026-06-02,0,0,1
YUM,2026-06-05,0,10384,1
MPWR,2026-06-01,0,144320,1
SHOP,2026-06-11,465503,1111488,9
PENN,2026-06-02,70423,0,9
NRG,2026-06-01,0,36960,3
EMBJ,2026-05-29,15840,0,3
UPST,2026-06-11,72450,0,4
OPEN,2026-06-09,55800,0,5
GGLL,2026-05-19,0,0,1
ZBH,2026-06-01,0,10750,1
MO,2026-06-10,50232,0,2
USO,2026-06-01,1206984,737552,43
GSIT,2026-05-29,0,0,1
NVDA,2026-06-02,62070284,5390426,447
NOK,2026-06-11,287628,0,12
POR,2026-06-03,54000,0,2
TGB,2026-06-03,25500,0,3
APPS,2026-06-03,51250,13713,2
EOG,2026-06-02,0,57620,1
PH,2026-06-09,0,0,1
AOSL,2026-06-06,19800,10080,4
STM,2026-06-10,1079184,0,12
MDT,2026-06-04,70088,0,5
GFS,2026-06-12,575840,49476,10
TER,2026-06-12,244630,133103,4
IBKR,2026-05-30,51160,0,5
RSP,2026-06-10,0,0,1
ASST,2026-06-05,634465,0,6
ICUI,2026-06-10,42000,0,1
IMO,2026-06-11,0,0,1
CLS,2026-05-30,65500,32500,5
CHTR,2026-06-09,70890,13020,5
SLV,2026-06-08,1901626,1844364,95
OLN,2026-05-29,0,0,1
CE,2026-06-05,0,15201,1
PONY,2026-06-06,399798,0,1
INTC,2026-06-09,4221191,2086594,87
OPEN,2026-06-11,49166,0,4
EXK,2026-06-02,10976,0,1
SOLV,2026-06-04,33870,0,1
COPX,2026-06-10,6731470,0,6
AGX,2026-05-19,318620,0,4
ETHA,2026-06-06,335814,1230064,54
USD,2026-06-10,0,0,1
DLTR,2026-06-11,0,139661,4
AFRM,2026-06-08,0,90741,4
TMF,2026-06-05,66990,43500,9
CPER,2026-06-05,32000,0,2
XOVR,2026-06-01,0,63840,2
ARRY,2026-06-04,27000,0,2
PL,2026-06-09,189904,25500,10
CDE,2026-06-02,179998,19900,3
TSLA,2026-06-03,18334211,4659960,176
CVX,2026-06-12,61790,256111,9
CMG,2026-06-06,25025,11862,5
PGEN,2026-06-11,30000,0,1
CLF,2026-05-19,72842,0,3
TCOM,2026-06-10,12480,31970,4
REPL,2026-06-01,31570,0,2
CPB,2026-06-10,33300,0,2
CCI,2026-06-05,0,0,2
ADTN,2026-06-01,0,0,1
MU,2026-06-09,25806765,12651389,115
CLW,2026-05-29,62500,0,1
BXP,2026-06-03,0,0,1
JHX,2026-06-12,22000,0,2
SAIL,2026-06-09,44880,114202,7
AVTR,2026-06-09,0,0,1
TKO,2026-06-01,104020,0,5
IOVA,2026-06-10,12100,0,1
TSLA,2026-06-01,4381647,3188124,85
V,2026-06-12,573750,148111,3
PCG,2026-06-12,63823,0,5
NVS,2026-06-12,0,0,2
TDG,2026-05-30,0,0,2
SPXS,2026-06-05,62020,0,2
ADP,2026-06-02,0,54750,1
IDCC,2026-06-09,48474,0,2
NU,2026-06-08,0,19550,5
SWKS,2026-06-09,72680,0,4
ZS,2026-06-11,0,81354,16
IOVA,2026-06-05,14250,74601,4
NVST,2026-06-01,17279,0,1
CSGP,2026-06-01,0,21000,2
KLAC,2026-06-10,6170539,590580,11
XLE,2026-06-06,236334,401187,39
PLUG,2026-06-05,0,0,6
HCA,2026-06-05,137760,0,1
SQQQ,2026-06-05,801923,0,38
TIGR,2026-06-12,0,0,1
SMR,2026-06-06,125570,101176,21
SLS,2026-06-12,0,172225,8
APP,2026-06-11,669450,54150,14
CNC,2026-05-19,38556,12540,3
RCAT,2026-06-12,13723,0,3
EQIX,2026-05-29,0,102871,1
PCOR,2026-06-03,0,0,1
ABAT,2026-06-02,27984,0,2
NTNX,2026-06-03,171750,0,3
PYPL,2026-06-12,139039,557876,18
METC,2026-06-04,98780,0,1
NTR,2026-06-06,0,0,2
COPX,2026-06-12,10109,0,5
KKR,2026-06-10,0,0,1
FXY,2026-06-05,30000,0,2
BLDR,2026-06-10,39350,0,3
OMC,2026-06-10,0,0,1
CRWV,2026-06-06,4888738,712143,94
CMCSA,2026-06-05,0,55500,1
CRCL,2026-06-01,290550,309895,32
BLK,2026-06-10,412230,0,6
CVX,2026-05-30,0,2302299,3
WDAY,2026-06-11,0,559299,16
BWMX,2026-05-30,12808,0,1
WRD,2026-05-29,16196,0,1
ASHR,2026-06-03,0,0,3
ROKU,2026-05-29,144248,431745,13
BE,2026-06-01,5363450,1356385,9
NRP,2026-06-12,0,86000,6
KRE,2026-06-01,0,0,2
ARE,2026-06-10,211386,0,9
LEGN,2026-06-04,56935,0,4
FLR,2026-06-03,64260,49775,5
ALK,2026-06-02,160290,0,5
ENTG,2026-06-04,0,0,1
SAP,2026-06-04,0,0,2
CZR,2026-06-08,0,0,2
PFSI,2026-05-19,0,0,1
TOST,2026-06-01,62025,0,7
TT,2026-06-03,0,272800,1
AEVA,2026-06-04,12455,10500,5
NVDL,2026-06-04,105300,0,7
CHTR,2026-06-06,88480,45546,6
DLLL,2026-05-29,0,0,1
VZ,2026-05-19,67716,85513,3
RKLB,2026-06-12,1181950,1386329,34
AMCR,2026-05-30,31094,0,1
SOLS,2026-06-01,56430,0,1
SCHW,2026-06-10,217080,113225,3
APP,2026-06-05,1112470,673120,19
QURE,2026-05-30,48000,10400,5
EWJ,2026-06-04,0,0,1
KPTI,2026-05-19,13285,0,1
GGAL,2026-06-12,264000,1301580,5
BAC,2026-06-06,137000,560742,3
GKOS,2026-06-02,0,0,1
CRGY,2026-06-03,0,0,1
CGON,2026-06-10,81350,0,5
USO,2026-06-06,756695,561506,18
W,2026-05-30,0,110106,3
GDXJ,2026-06-12,118733,0,5
JOBY,2026-06-12,88918,0,3
SKLZ,2026-06-03,0,0,1
BE,2026-06-08,2124154,310112,13
HPE,2026-06-02,4255182,742418,62
FLR,2026-05-29,0,65910,2
XLU,2026-06-02,0,155421,7
SMR,2026-06-02,263678,12012,21
GME,2026-05-30,42346,12690,10
IWO,2026-06-05,0,343800,4
TE,2026-06-11,130384,24570,7
ABSI,2026-06-05,0,0,1
AXTI,2026-06-08,37850,16510,6
RELY,2026-06-04,0,0,1
MPWR,2026-06-05,0,1020480,2
OKLO,2026-06-04,725280,372785,59
ITA,2026-06-02,0,14837,1
CPNG,2026-06-11,670590,388710,32
ORA,2026-06-11,0,0,1
TDOC,2026-05-30,0,0,1
BXP,2026-06-05,0,0,1
SANM,2026-06-06,0,0,1
UEC,2026-06-06,0,28000,5
KR,2026-06-02,23917,19042,3
ALGN,2026-06-02,0,643500,8
NUAI,2026-06-11,71250,0,4
VST,2026-06-09,375140,196391,11
VLO,2026-06-04,0,77000,1
DHR,2026-06-06,0,329707,1
HYMC,2026-06-02,14430,0,1
CBRE,2026-06-12,10850,0,1
OUST,2026-06-10,124490,24204,6
WOLF,2026-06-03,381806,11264,17
CEG,2026-06-11,0,232449,7
ASX,2026-06-09,96502,0,2
EXC,2026-06-01,0,38920,1
WELL,2026-06-03,0,0,1
CRML,2026-06-12,36000,21340,5
VEEV,2026-06-11,0,77515,1
XOMA,2026-06-04,20385,0,2
CVNA,2026-06-10,167899,199920,30
AMKR,2026-06-05,417183,0,14
SOFI,2026-06-08,135413,0,9
AS,2026-06-12,30685,0,1
NN,2026-06-11,0,0,5
WPM,2026-05-29,119380,0,2
CORZ,2026-06-02,1153216,0,25
KDP,2026-06-05,65730,0,1
ATI,2026-06-09,46650,0,5
UL,2026-06-10,0,52715,1
ORCL,2026-06-06,2200426,1108815,33
NVS,2026-06-10,0,90710,1
PLTR,2026-06-06,1621581,1163004,39
NVO,2026-06-06,95464,0,7
WELL,2026-06-08,50210,0,1
MSFT,2026-06-01,735872,554421,17
SHEL,2026-06-04,0,0,2
SNPS,2026-06-09,0,0,1
MDY,2026-05-30,421055,0,3
DLLL,2026-06-05,0,0,1
XLV,2026-05-29,583931,45924,11
BROS,2026-06-10,131277,0,6
KLAC,2026-06-03,0,638585,7
AA,2026-06-12,51522,114672,4
MBLY,2026-05-30,27754,0,2
RACE,2026-05-19,98000,0,1
BLDP,2026-06-10,0,0,3
WYNN,2026-06-05,142915,27903,7
CBRS,2026-06-09,2952167,56378,66
CSGP,2026-06-05,0,0,1
BB,2026-06-12,113822,0,6
CF,2026-06-11,24176,0,2
RUM,2026-05-30,87500,0,1
COHR,2026-06-10,82180,237851,14
GDXJ,2026-06-08,68150,0,3
XLI,2026-06-02,146290,120730,7
TEM,2026-05-30,0,0,6
KOPN,2026-06-08,42000,0,1
CHKP,2026-06-10,0,0,2
HII,2026-06-01,0,70000,2
AI,2026-06-06,0,0,1
DGX,2026-06-06,21979,11767,2
CNK,2026-06-11,0,0,1
CHTR,2026-06-02,30090,21400,14
COKE,2026-06-09,0,17000,1
SPXW,2026-06-06,17641360,25374890,382
GENI,2026-06-10,0,0,1
MDLZ,2026-05-29,119257,0,1
INSW,2026-06-09,0,0,1
MX,2026-06-09,0,0,1
CNC,2026-06-09,155367,310236,17
CRSP,2026-06-09,10000,0,1
XRX,2026-06-08,73910,0,2
PBI,2026-05-29,0,0,1
MAMA,2026-06-11,25000,0,2
EXPE,2026-06-10,0,10800,1
ROKU,2026-06-09,182635,0,10
RZLV,2026-06-06,12500,0,1
USAR,2026-06-03,285044,0,20
PLTR,2026-06-05,1283502,2004269,58
NOC,2026-06-10,0,0,1
TSCO,2026-05-29,14440,17085,2
TRGP,2026-06-05,230038,0,2
BB,2026-05-19,241234,0,7
MITK,2026-05-29,0,0,1
GOOG,2026-06-11,702290,377400,15
SMCX,2026-06-11,13260,16000,3
SLV,2026-06-11,931718,1343503,107
APLD,2026-06-05,230662,62000,24
BNO,2026-06-03,358677,0,6
CRWD,2026-06-04,1627132,2749455,55
CHWY,2026-06-12,319337,30450,12
SIG,2026-06-02,2640259,40890,9
TIGR,2026-06-08,11477,0,1
WW,2026-06-11,0,0,1
KSS,2026-05-29,15660,0,1
CMPS,2026-06-08,67648,0,1
EFX,2026-06-05,0,0,1
PFE,2026-06-02,0,0,1
ACRS,2026-06-10,0,0,1
SYM,2026-06-04,0,0,1
ICLR,2026-06-04,0,111360,2
INTU,2026-06-05,341330,106000,7
KSPI,2026-06-10,348000,0,1
HD,2026-06-08,289715,0,3
PENN,2026-06-10,55005,0,1
SNDK,2026-06-06,1803805,26507376,131
MT,2026-05-19,0,16960,1
EWG,2026-06-09,25200,0,1
VEEV,2026-06-10,22720,10050,11
AEO,2026-06-11,0,0,2
MBLY,2026-06-10,0,13473,2
CRSR,2026-05-30,53990,94590,7
AMPG,2026-05-29,0,0,1
MMM,2026-06-11,121935,141633,3
MRNA,2026-06-05,1765260,0,28
SNPS,2026-06-05,0,780500,2
WYFI,2026-05-29,28160,0,1
OLN,2026-05-30,0,0,1
HTZ,2026-06-03,0,28623,1
ABVX,2026-06-11,55500,0,1
SG,2026-06-06,10000,0,1
CELC,2026-06-11,763857,0,2
PVH,2026-06-12,0,16730,1
ANGI,2026-06-01,11249,0,1
TRVI,2026-06-12,32928,0,2
SITM,2026-06-09,0,1118619,19
RR,2026-06-02,77510,0,5
AEHR,2026-05-29,0,55440,4
TIGR,2026-06-09,0,0,1
PPG,2026-06-02,0,0,3
INSW,2026-06-12,0,0,14
MRVL,2026-06-10,8756346,5956392,187
NCLH,2026-06-02,18375,26325,8
VSCO,2026-06-02,11400,31084,4
CMG,2026-06-05,316522,0,6
ALKT,2026-05-29,51380,0,3
MSOX,2026-05-19,15600,0,1
KULR,2026-06-03,70230,0,2
BITO,2026-06-06,10000,0,1
HNGE,2026-06-04,0,0,2
MLI,2026-06-05,82080,0,1
RIOX,2026-06-05,0,0,1
CHWY,2026-06-05,0,24273,2
DIA,2026-06-11,251776,338806,19
BIRK,2026-06-01,0,0,3
HON,2026-06-11,286300,51700,6
STWD,2026-06-02,0,0,2
EXE,2026-05-30,0,172520,1
LYB,2026-06-08,99810,0,1
ENVX,2026-06-04,25029,0,3
LYV,2026-06-08,37009,14715,4
TRIP,2026-06-10,0,0,1
SGI,2026-05-29,0,0,1
PGR,2026-06-03,91020,306380,16
SAIL,2026-06-06,0,0,1
PEP,2026-06-03,0,98482,1
SQQQ,2026-06-10,1258739,27050,79
UEC,2026-06-11,0,0,4
TLT,2026-06-05,1123521,588653,78
INTW,2026-06-09,14900,0,5
RH,2026-06-06,32928,0,8
DOW,2026-06-10,0,93972,3
GOOGL,2026-06-04,18343174,4402823,87
ANF,2026-05-30,0,120120,1
EBAY,2026-06-09,0,0,1
EOSE,2026-05-19,181686,0,13
GTES,2026-06-09,0,0,1
WYFI,2026-06-08,20250,0,1
MSFT,2026-06-08,2863929,580845,34
DLO,2026-06-11,0,0,2
PAYX,2026-05-30,13520,0,1
CL,2026-05-19,164738,0,1
AEM,2026-06-06,0,0,2
TXN,2026-06-05,0,0,3
BSOL,2026-06-06,0,0,1
KTOS,2026-06-11,99210,0,4
TRGP,2026-06-06,69960,0,1
QUBT,2026-05-30,30500,11844,4
LIF,2026-06-02,0,0,1
DOCN,2026-06-12,434005,26800,7
NU,2026-06-04,1612765,270999,54
ADEA,2026-06-02,1044122,0,21
PH,2026-06-06,0,0,1
AXTX,2026-06-08,35000,0,1
A,2026-06-05,17820,644200,4
ITB,2026-06-10,50250,0,2
CIFR,2026-06-08,17200,91796,5
CAG,2026-06-10,0,105013,3
KMB,2026-05-19,0,0,3
FIGR,2026-06-08,38500,0,2
KTOS,2026-06-09,11610,0,3
BLK,2026-06-12,0,750100,1
XBI,2026-06-09,123876,13395,16
SOXX,2026-06-05,57780,826505,29
ACMR,2026-06-01,14400,0,1
MELI,2026-06-03,0,0,1
MSTY,2026-06-05,0,0,1
STT,2026-06-11,0,0,1
FUTU,2026-06-10,182240,11529,11
ASHR,2026-05-30,0,0,3
RBRK,2026-06-04,484450,174080,14
AESI,2026-06-03,24459,0,1
FIGR,2026-06-10,0,0,2
SHLS,2026-06-06,0,36900,5
W,2026-06-04,11550,15300,10
ATI,2026-06-05,0,0,1
AMSC,2026-06-08,146987,0,1
HUBS,2026-06-04,629249,0,5
HLIT,2026-06-08,92899,0,3
QS,2026-06-08,0,0,1
ADM,2026-06-04,0,0,2
UAMY,2026-06-09,0,0,2
SG,2026-06-12,10000,0,2
CRSR,2026-06-02,13770,17860,9
XLV,2026-06-12,198353,11700,12
NOG,2026-06-03,0,0,1
FRMI,2026-06-01,87248,0,2
ADEA,2026-06-04,637046,0,11
LITX,2026-06-08,0,78000,1
FIX,2026-06-10,0,0,1
DASH,2026-06-01,0,176189,4
TRGP,2026-06-03,232583,0,1
LVS,2026-06-01,63063,0,2
HLT,2026-06-01,54714,0,1
FXI,2026-06-03,44534,65900,8
CBRS,2026-06-10,989050,237426,27
GEV,2026-06-04,789737,273140,14
LABU,2026-06-08,46000,199860,8
TENB,2026-05-30,104150,0,3
KTOS,2026-06-06,0,0,5
PTON,2026-06-03,60760,0,2
NICE,2026-06-05,44105,0,11
AXTI,2026-06-03,1089717,38752,7
EBAY,2026-06-05,54537,0,2
AA,2026-06-08,14774,0,2
LRCX,2026-06-12,1049747,295560,29
RXT,2026-06-10,115370,0,8
SHLS,2026-05-30,0,0,1
HSY,2026-06-11,0,0,1
TMUS,2026-06-05,249650,86430,6
GTLB,2026-06-04,242994,11655,8
SBAC,2026-05-19,18899,0,1
HALO,2026-06-04,75948,0,1
NOK,2026-06-01,658144,0,6
HYMC,2026-06-12,0,51090,4
NBIS,2026-06-03,722465,665098,35
PAA,2026-06-06,0,40002,1
OMER,2026-06-09,0,0,1
ULS,2026-06-09,0,23525,2
GLW,2026-06-08,228400,283536,12
AMC,2026-06-10,141301,0,8
BHP,2026-06-04,0,69301,3
SPGI,2026-05-19,53130,0,1
EBAY,2026-06-12,17230,0,2
MIRM,2026-06-11,11000,0,1
IIPR,2026-06-10,12800,0,3
IMAX,2026-06-10,43259,0,2
AXSM,2026-06-11,11000,0,2
ALB,2026-06-02,0,136100,4
STZ,2026-06-03,0,0,1
CXW,2026-06-08,0,0,1
PEP,2026-05-30,0,0,2
DKS,2026-06-11,0,134750,3
NOK,2026-06-08,5078529,177390,18
SLS,2026-06-06,0,53030,4
JPM,2026-06-06,0,169999,20
FCEL,2026-06-05,34950,265960,7
URI,2026-06-05,84359,0,2
OKTA,2026-05-30,1032994,100000,31
BYND,2026-06-04,13655,0,1
SLV,2026-06-10,2302715,1704786,124
WEAT,2026-06-05,142400,0,2
FXI,2026-05-30,89922,0,6
CIBR,2026-06-01,67138,0,3
RH,2026-06-12,100300,53001,11
MSTR,2026-06-12,4102748,1631791,357
DRAM,2026-06-08,1351904,214930,63
BMBL,2026-06-04,0,17500,2
FUN,2026-05-29,0,43805,1
MAC,2026-06-10,79242,0,1
ROL,2026-06-12,25048,0,1
CBRS,2026-06-02,838468,575014,46
RDNT,2026-06-05,0,0,1
DRAM,2026-06-09,395029,323715,52
DUST,2026-06-05,17499,0,2
UBER,2026-06-04,59000,0,5
EWZ,2026-06-08,67460,15960,7
F,2026-05-30,1287580,75048,20
LUNR,2026-06-02,653683,368755,27
GRPN,2026-06-04,192505,0,2
RNR,2026-05-19,54860,0,1
LUV,2026-06-08,0,0,1
WPM,2026-06-05,0,0,1
RH,2026-06-09,231531,313742,19
ACWI,2026-06-01,0,0,1
BBWI,2026-06-04,0,0,1
LABU,2026-06-11,0,0,1
CHTR,2026-06-04,484978,139710,17
TRIP,2026-06-11,31244,0,4
DXYZ,2026-05-29,0,0,1
RIO,2026-05-30,0,0,1
XRX,2026-06-03,13000,0,1
FTW,2026-06-02,44000,0,1
VIAV,2026-06-10,62412,24700,4
AXP,2026-06-10,0,746966,5
WIT,2026-05-30,0,25021,1
ABBV,2026-05-29,56521,95452,4
NUGT,2026-05-19,37800,0,2
SWKS,2026-06-10,0,0,4
SOXS,2026-06-06,1093043,478312,67
NOW,2026-06-08,301808,0,4
VICR,2026-06-11,0,0,3
MCHP,2026-06-06,0,0,2
MCD,2026-06-04,0,0,2
LOGI,2026-06-06,0,0,2
DE,2026-06-12,0,0,1
RL,2026-06-12,49949,0,2
MVLL,2026-06-08,0,0,1
BBAI,2026-06-05,27620,0,5
INFQ,2026-06-04,50673,1842600,14
PHM,2026-05-29,0,255458,1
RMBS,2026-06-05,60800,0,6
USO,2026-06-12,2178627,1612521,100
ACN,2026-06-05,0,0,2
DUOT,2026-06-02,75000,0,1
QQQ,2026-06-06,20125963,41950080,464
KRE,2026-06-12,175154,549269,29
ET,2026-05-29,51000,0,2
AKAM,2026-05-30,119000,0,2
BRZE,2026-06-10,0,176242,3
SYM,2026-05-29,288900,0,5
EXC,2026-06-12,0,0,1
TFC,2026-05-30,0,245340,1
TSEM,2026-06-04,10750,1442346,3
SND,2026-06-04,24960,0,1
ROAD,2026-06-09,195840,0,1
WMB,2026-06-05,0,81635,1
GRRR,2026-06-11,34611,17162,4
QCOM,2026-05-30,1459491,567583,27
FLG,2026-06-12,0,0,1
PWR,2026-06-10,0,259400,1
IMAX,2026-05-19,0,0,1
URGN,2026-06-09,13100,0,1
CSX,2026-06-06,140753,0,2
ORIC,2026-06-10,186930,0,1
ACMR,2026-06-09,72900,0,3
RIOT,2026-06-08,43148,0,4
HAL,2026-06-02,11970,201623,6
SEZL,2026-05-19,0,13900,1
PINS,2026-06-04,43205,432969,9
PGEN,2026-06-05,13500,0,1
NVCR,2026-06-08,11980,0,2
CROX,2026-06-10,0,0,1
SNXX,2026-06-01,0,16108,1
UEC,2026-06-05,145455,0,4
CI,2026-06-04,356650,0,4
CONL,2026-06-08,12800,0,1
LEU,2026-06-02,146134,0,19
BAH,2026-06-04,0,0,1
WWD,2026-05-29,0,0,2
PTON,2026-06-06,0,0,1
FTNT,2026-06-11,612619,0,1
VST,2026-06-01,66910,0,3
SCHW,2026-06-02,146772,99586,4
CAKE,2026-06-12,0,0,1
LQD,2026-06-02,64919,0,3
UUUU,2026-06-04,466522,0,6
LITE,2026-06-10,706110,2266961,24
STX,2026-06-03,1092700,542570,7
NNN,2026-06-11,31570,0,1
FOUR,2026-06-05,47920,0,3
GIII,2026-06-11,0,28380,1
SMH,2026-06-09,9271703,4337310,132
ASTS,2026-06-12,5250518,643594,190
JPM,2026-06-03,378000,254340,9
TSLL,2026-06-09,11994,0,2
SMMT,2026-06-01,0,17010,1
LEU,2026-06-03,75270,0,2
CGAU,2026-06-05,0,0,2
BUG,2026-06-02,258645,0,2
AUR,2026-06-05,11891,0,1
KOPN,2026-06-12,0,0,1
KHC,2026-06-09,0,0,1
REI,2026-06-02,0,0,1
GMAB,2026-06-02,0,0,1
CMI,2026-06-02,241078,0,2
PGY,2026-06-10,0,0,1
STRL,2026-05-29,179740,0,1
FLNC,2026-06-10,0,0,1
CLX,2026-06-01,23029,47250,2
ROL,2026-06-02,49999,0,5
XYZ,2026-06-09,71272,52866,16
AMPG,2026-06-02,37209,0,3
APTV,2026-06-06,74810,164093,11
CAKE,2026-05-30,32940,0,1
JETS,2026-06-11,0,0,1
DOW,2026-06-06,55965,0,3
OXM,2026-06-08,0,0,1
MC,2026-06-06,159076,0,3
RZLV,2026-06-10,12860,0,1
ALOY,2026-06-02,74860,0,2
ABVX,2026-06-09,42420,329150,23
JPM,2026-06-08,655716,402492,3
SMR,2026-06-09,32830,138037,16
BNY,2026-06-03,465117,346312,6
SEDG,2026-06-09,33310,114450,14
XEL,2026-06-11,0,10601,1
TT,2026-06-09,0,175380,3
SITM,2026-06-11,0,0,1
NBIS,2026-05-30,1836107,604142,70
LABU,2026-06-03,0,20940,3
CRBP,2026-05-19,10500,0,1
FROG,2026-06-08,0,35880,1
AOSL,2026-06-10,0,0,1
LCID,2026-06-11,54230,0,1
BWXT,2026-06-12,0,0,1
CDW,2026-06-06,153678,0,1
CAR,2026-06-06,27270,20400,6
EXE,2026-06-11,0,84046,3
KOS,2026-06-06,13500,0,1
GDXJ,2026-06-06,0,270908,5
FRVO,2026-06-10,58480,0,2
GSAT,2026-06-03,0,20173,2
RZLT,2026-05-29,111145,0,2
IQV,2026-06-03,21920,0,1
VLO,2026-05-19,299351,0,4
HIMX,2026-06-04,967280,11340,6
BLSH,2026-06-05,177435,0,3
CORZ,2026-06-10,28912,56056,9
MITK,2026-06-09,66210,0,5
WULF,2026-06-12,2098557,37823,61
TDS,2026-06-12,0,0,1
TXRH,2026-05-29,0,0,1
NRGV,2026-06-01,10000,0,1
ROKU,2026-06-11,14200,0,3
MSTR,2026-06-03,792090,12901992,402
ORI,2026-06-06,10476,0,1
FISV,2026-06-01,56595,0,1
MA,2026-06-11,0,945810,8
METC,2026-05-30,0,0,1
DLO,2026-05-29,0,0,1
SMCI,2026-05-30,2631348,1752756,79
NCLH,2026-06-03,0,95491,6
MLYS,2026-06-08,0,0,2
CAPR,2026-06-09,0,32110,1
PDD,2026-06-09,1240870,61200,12
METC,2026-06-03,14570,0,5
FIX,2026-06-12,0,0,1
CAVA,2026-06-10,23520,81345,7
CDE,2026-06-12,30810,0,3
CSX,2026-05-30,0,94475,1
LPTH,2026-06-09,14169,0,3
MDT,2026-06-08,60552,53820,2
TNA,2026-06-08,0,0,3
FIVE,2026-06-04,382910,309209,14
AEHR,2026-06-08,0,0,2
IE,2026-06-01,43700,0,5
PYPL,2026-06-02,281135,192291,28
ALHC,2026-06-05,48525,0,1
MDGL,2026-06-02,0,0,1
NTRA,2026-06-04,80640,0,1
CSCO,2026-06-12,194090,76635,6
VSXY,2026-06-06,0,0,1
JAZZ,2026-05-19,0,10040,1
CIBR,2026-06-09,0,0,1
GRAB,2026-06-08,0,0,1
JNJ,2026-06-11,146500,113511,5
QTUM,2026-06-02,11648,0,2
COO,2026-06-08,0,0,2
OUST,2026-06-08,32500,0,2
ADM,2026-05-30,0,23670,4
ORCL,2026-06-09,3800803,1595368,41
DINO,2026-06-09,88926,0,3
ITA,2026-05-29,0,21421,1
XLC,2026-06-05,0,3834600,3
BNO,2026-06-11,567283,0,10
DXC,2026-05-29,11794,0,1
LEN,2026-05-19,14000,0,1
TTWO,2026-05-30,0,50390,8
FANG,2026-05-19,89318,0,3
BTDR,2026-06-11,24318,42056,7
WH,2026-06-05,36300,0,3
INCY,2026-06-05,0,0,1
RUTW,2026-06-09,0,299930,2
LASR,2026-06-08,0,4111661,3
CDNS,2026-06-06,0,0,1
RUT,2026-06-05,475300,0,1
GLNG,2026-06-05,0,35217,1
CLOV,2026-06-12,0,0,1
XLB,2026-05-19,14896,0,2
IBM,2026-06-04,1557834,1827325,36
ITT,2026-06-11,0,0,1
KGS,2026-06-12,0,20500,1
XLU,2026-06-09,440103,0,11
AEHR,2026-06-05,82800,0,3
STM,2026-06-02,740578,430800,15
J,2026-06-11,19840,0,1
WDAY,2026-06-03,55935,214400,12
LLY,2026-06-05,3357142,249260,25
LEN,2026-06-05,29750,351390,2
USO,2026-06-05,561796,177584,41
STLD,2026-06-11,143720,0,3
DASH,2026-06-04,187341,62080,3
D,2026-06-09,238260,0,4
XPO,2026-06-02,0,0,2
RBLX,2026-06-06,146374,19646,12
CME,2026-05-30,0,85051,1
ERO,2026-06-12,0,0,1
PLAY,2026-06-01,0,0,1
MELI,2026-06-01,87220,207200,2
FICO,2026-06-08,0,0,1
AAPL,2026-06-12,2139308,1744795,35
FIG,2026-06-10,50715,0,6
MDT,2026-06-05,183571,55165,4
PRGS,2026-05-29,21500,0,1
UVIX,2026-06-01,20000,0,6
DXYZ,2026-06-03,14950,0,2
NN,2026-06-06,0,0,3
FFIV,2026-06-10,379040,0,1
TECL,2026-06-08,43750,71860,7
EVMN,2026-06-11,0,420000,1
PNC,2026-06-05,0,0,1
VCX,2026-06-10,17340,20471,4
SOXX,2026-06-03,184369,683878,20
AKAM,2026-06-04,108928,74168,9
FTNT,2026-06-05,213730,71360,3
OKTA,2026-06-08,20420,0,2
GPCR,2026-05-30,15050,0,1
LUV,2026-06-09,0,81510,1
MXL,2026-06-02,2819582,32518,19
TWLO,2026-06-10,17530,100860,3
MP,2026-06-02,195530,197483,19
GH,2026-06-09,0,0,4
SPGI,2026-06-02,0,0,1
BLDR,2026-06-01,0,108642,2
KWEB,2026-05-30,186312,57472,13
AXON,2026-06-09,732730,34410,7
BSY,2026-05-19,39520,0,3
TNA,2026-06-02,0,21390,3
BABA,2026-06-08,174221,82788,20
SIMO,2026-06-12,501500,160000,3
TSEM,2026-05-30,16290,183340,7
BTI,2026-06-04,151500,0,1
SG,2026-06-03,18000,0,3
SHOP,2026-06-10,0,0,3
ANET,2026-06-09,0,0,1
PODD,2026-06-05,0,0,1
AA,2026-06-06,177116,72486,15
MNKD,2026-05-29,76728,0,2
NEM,2026-06-10,2567978,660795,9
CSCO,2026-06-01,279682,133770,6
ARM,2026-06-02,5516708,4860250,75
NEBX,2026-06-04,0,0,1
PEGA,2026-06-04,123044,0,3
APO,2026-05-30,0,239940,3
EWT,2026-06-09,16995,0,3
NIO,2026-06-10,111624,119673,9
UNM,2026-06-10,130605,0,2
CLF,2026-06-10,166000,0,3
EME,2026-06-11,1055400,0,4
CEVA,2026-06-02,49582,0,7
NVTS,2026-06-09,22188,100885,20
HUBS,2026-06-05,10800,0,2
VOXR,2026-06-06,0,0,1
JBLU,2026-06-01,60975,0,3
FERG,2026-06-05,17500,0,1
IBM,2026-06-02,6600623,3616696,74
XLF,2026-06-10,256607,318570,32
RIG,2026-06-10,10920,0,1
NTLA,2026-06-02,14670,0,2
QUIK,2026-06-11,509954,0,1
FAS,2026-05-30,0,0,1
SGI,2026-06-10,97199,0,2
SEDG,2026-06-08,64444,59400,8
BBY,2026-06-01,37440,0,1
TPR,2026-06-09,146718,0,3
AMPG,2026-06-09,231929,0,13
DHR,2026-06-03,0,51510,2
CPER,2026-06-02,38000,0,1
IOT,2026-05-30,50926,0,6
MX,2026-06-08,0,0,1
OLED,2026-06-05,0,0,1
NVDA,2026-06-06,33639941,13244162,176
HD,2026-06-03,0,0,1
XRT,2026-06-01,0,49940,2
EOG,2026-05-19,0,0,1
GAP,2026-06-01,20470,48384,4
BLDR,2026-06-09,0,47190,3
QCOM,2026-06-08,476646,613464,10
RCI,2026-06-01,18725,0,1
MEOH,2026-06-02,0,58750,1
TMF,2026-06-12,43775,10465,6
UNFI,2026-06-09,0,0,1
ETHE,2026-06-10,0,0,1
SMCX,2026-05-30,0,356400,1
TGT,2026-06-05,0,0,3
SNPS,2026-06-06,0,0,1
CRCL,2026-06-03,806309,515544,68
AMC,2026-06-12,134799,0,12
ONDS,2026-06-09,441359,21794,33
SPXC,2026-05-19,0,0,1
SNDK,2026-06-11,3588803,6161426,82
SPMO,2026-06-06,0,220520,2
BTBT,2026-06-04,0,0,2
GIS,2026-06-11,121670,0,1
INTC,2026-06-06,2101934,1606755,36
EL,2026-05-30,0,0,2
MKC,2026-05-29,41949,0,3
APA,2026-06-04,10400,0,3
EVER,2026-06-02,24320,0,1
ETSY,2026-06-08,0,103830,2
PATH,2026-06-08,0,0,2
AOSL,2026-06-03,1046334,0,13
WEN,2026-06-09,10500,0,1
CHKP,2026-06-09,124315,0,2
TFC,2026-06-04,0,0,1
XRT,2026-06-04,50204,59298,8
XRX,2026-06-02,57825,0,2
CLF,2026-06-02,20320,0,2
SW,2026-05-30,0,0,2
AR,2026-05-30,0,0,1
CSX,2026-06-12,0,0,1
CLMT,2026-06-03,0,0,2
NXT,2026-06-06,0,50251,4
RVMD,2026-06-02,1174820,63830,16
RIVN,2026-06-09,94388,192052,29
SATL,2026-06-10,0,0,1
HPQ,2026-06-03,14000,157197,11
AM,2026-05-30,135000,0,1
PANW,2026-06-03,2511272,746556,62
S,2026-06-03,0,0,1
FIG,2026-06-09,80903,188150,7
PM,2026-06-12,0,406560,2
CMTL,2026-06-02,14460,0,1
ORCX,2026-06-08,0,10880,1
TMUS,2026-05-29,51060,0,2
MJ,2026-06-05,0,0,1
QBTS,2026-06-09,535792,339193,20
EPD,2026-06-03,624000,0,1
CHH,2026-05-29,54380,0,3
SLAB,2026-06-04,10065,0,2
SW,2026-05-29,1179349,0,35
RRX,2026-06-06,0,0,1
BETA,2026-06-02,17170,0,2
ORBS,2026-06-04,0,0,1
SPX,2026-06-05,64447394,12412390,76
CPRX,2026-06-03,0,0,1
PEG,2026-06-06,0,14700,1
MOH,2026-06-10,86300,0,3
NUGT,2026-05-29,0,0,1
TEVA,2026-06-05,24987,0,6
CMCO,2026-06-04,51483,0,2
ICLN,2026-06-02,146800,0,1
CC,2026-06-03,0,0,1
NVT,2026-06-04,338717,0,3
AGI,2026-06-08,0,17150,1
DPZ,2026-06-12,0,35100,1
SLV,2026-06-04,624148,1450985,71
NU,2026-06-10,73899,0,4
AEIS,2026-06-04,0,0,1
BMRN,2026-06-05,23096,0,1
ICLR,2026-06-08,57768,0,1
ENPH,2026-06-09,217695,59330,18
WU,2026-05-29,27489,0,1
GPCR,2026-06-09,128952,0,1
CRWV,2026-06-09,3611987,1300203,133
DE,2026-06-02,0,0,2
STRL,2026-06-02,0,0,2
WPM,2026-06-11,129420,17730,5
EQT,2026-06-09,0,17825,4
IAU,2026-06-01,0,0,1
RSP,2026-06-04,0,155902,2
ASO,2026-05-30,0,294750,1
IESC,2026-05-29,161040,0,1
SPXU,2026-06-10,0,0,1
VIK,2026-05-29,0,98013,4
ALGN,2026-06-04,0,0,2
KMB,2026-06-10,10000,27840,4
WAY,2026-06-02,28800,0,1
RACE,2026-06-12,0,526415,3
BW,2026-06-12,0,38700,1
NVMI,2026-06-06,0,0,1
BKNG,2026-06-11,197246,552170,7
MTZ,2026-06-05,68640,0,2
BWXT,2026-05-29,172640,0,2
RXRX,2026-05-30,31608,0,3
MTSI,2026-06-03,0,1707400,5
VXX,2026-05-30,0,0,1
FJET,2026-06-10,0,0,1
SEPN,2026-06-12,0,29880,1
RCL,2026-06-08,214760,0,1
STX,2026-06-12,596980,221590,12
GAP,2026-06-11,14874,16775,3
LRCX,2026-06-11,1562391,655102,24
SN,2026-06-12,49724,0,1
EL,2026-06-01,34760,0,1
Q,2026-05-29,69930,0,2
ULS,2026-06-12,22000,0,1
LQDA,2026-06-06,104000,0,3
SKM,2026-06-09,0,0,6
PSKY,2026-06-06,190000,0,3
ACMR,2026-06-04,0,69702,2
GLW,2026-06-12,1350657,544548,12
CGON,2026-05-30,0,172558,1
ADI,2026-05-30,0,348960,3
NVDA,2026-06-04,10022265,6620102,133
WVE,2026-06-11,20940,0,1
P,2026-06-03,0,0,2
CPRT,2026-06-03,0,13170,1
PFE,2026-06-03,0,0,1
CWEB,2026-06-02,11200,0,1
OXY,2026-06-04,410828,292210,13
SPXL,2026-06-10,43500,0,5
USAR,2026-06-06,17908,13999,4
PATH,2026-06-06,374852,11360,12
CAVA,2026-06-11,11340,17958,4
TSEM,2026-06-09,289140,181170,5
ACLS,2026-06-04,124018,0,1
REMX,2026-06-05,25400,0,1
DIS,2026-06-12,97781,84040,2
CME,2026-06-04,0,242400,1
EVER,2026-05-30,24800,0,1
APP,2026-06-04,523676,401570,11
NUAI,2026-05-30,57125,0,1
GLD,2026-06-10,2135204,3467636,186
LRCU,2026-06-06,0,0,1
OVV,2026-05-19,0,0,2
ASML,2026-06-11,192110,647560,11
PL,2026-06-02,643006,18260,15
FISV,2026-06-12,0,0,2
WDC,2026-06-01,96001,78000,10
NDAQ,2026-06-04,0,48962,3
SAIL,2026-06-05,43400,0,2
DDOG,2026-06-04,697338,214235,14
BA,2026-05-29,0,221370,7
BZH,2026-05-19,0,0,2
GLOB,2026-06-01,169292,0,11
ALKT,2026-06-02,0,47225,2
USAR,2026-06-10,0,0,3
IBIT,2026-06-03,1168601,1897419,47
IE,2026-06-05,0,0,2
PWR,2026-06-08,0,286620,2
DVN,2026-06-05,214108,88738,21
Q,2026-06-11,649106,0,5
ZG,2026-05-19,0,26880,1
COMP,2026-06-09,0,0,1
TEAM,2026-06-11,0,0,1
PFSI,2026-05-30,0,0,1
GLW,2026-06-01,242410,442930,4
PATH,2026-06-10,0,0,3
SQQQ,2026-06-04,44021,0,11
BTDR,2026-06-01,1053326,0,7
NRG,2026-06-12,0,0,1
TEVA,2026-06-03,10050,11400,4
KKR,2026-06-01,0,0,1
KGC,2026-05-30,452352,79170,2
HCC,2026-05-30,20520,0,1
GTLB,2026-06-09,10120,197883,4
IBB,2026-06-06,0,0,1
GIS,2026-06-05,21770,14400,4
INTU,2026-06-11,0,113930,4
XLU,2026-06-10,134035,66003,13
IBKR,2026-06-08,110000,53960,3
VICR,2026-06-04,302680,0,3
ROST,2026-06-09,0,287266,2
CVX,2026-06-02,88125,682968,6
SMCL,2026-06-04,0,12020,1
IONQ,2026-06-02,548070,122105,38
NKTR,2026-06-08,73140,0,1
RCL,2026-05-30,58520,0,1
BURL,2026-06-01,243865,0,1
POET,2026-06-05,1455005,4534179,76
UIS,2026-05-30,81603,0,5
NTNX,2026-06-11,0,0,1
IREN,2026-06-01,6788555,886057,152
ALLY,2026-05-19,11700,0,1
AAP,2026-06-11,0,0,1
KORU,2026-06-04,0,912000,2
USAR,2026-06-08,43428,0,3
MSFT,2026-06-04,3068418,850614,43
FORM,2026-06-11,533232,0,2
CRWD,2026-05-30,3340325,1172678,13
TTD,2026-06-12,599040,15437,17
MX,2026-06-05,0,0,1
SBET,2026-06-05,427321,24600,4
CRDO,2026-06-01,888135,307040,9
VICR,2026-06-09,134400,0,4
SPY,2026-06-08,3057929,8395086,142
SILJ,2026-06-02,0,0,1
TOST,2026-06-02,0,0,1
CDW,2026-06-03,0,54750,2
PENG,2026-06-10,13400,0,2
AVEX,2026-06-05,23200,0,3
RELL,2026-06-06,0,0,1
TMF,2026-06-06,0,37145,4
INO,2026-06-04,0,0,1
IGV,2026-06-03,1818647,935266,81
PH,2026-06-03,0,172040,1
XOVR,2026-06-02,0,0,4
NVDL,2026-06-08,0,23750,2
NET,2026-06-09,0,0,4
UEC,2026-06-09,32625,54365,11
XLP,2026-06-04,39465,51751,9
TMO,2026-06-05,586170,0,1
KBE,2026-06-10,0,0,1
RXRX,2026-06-05,17958,0,2
MXL,2026-06-08,14040,16487,2
XOVR,2026-06-10,153101,18500,6
AEM,2026-06-12,276000,0,1
ENSG,2026-06-09,31350,36765,4
CLS,2026-06-10,288233,34360,13
IREN,2026-06-12,3674595,1988424,115
EQNR,2026-06-12,85110,0,2
RL,2026-06-02,151467,0,2
STEP,2026-05-30,0,0,1
RAL,2026-06-11,12685,0,1
IRDM,2026-06-10,0,40231,2
QURE,2026-06-01,10500,0,2
SCHW,2026-06-11,482808,67510,8
CHTR,2026-06-01,0,0,1
VTRS,2026-06-12,0,0,1
C,2026-06-10,1003010,998940,20
NUGT,2026-06-12,0,0,3
MSGS,2026-06-11,0,0,2
SHLS,2026-06-09,22778,0,6
SIDU,2026-06-12,10050,0,1
SDGR,2026-06-02,11400,0,1
MARA,2026-06-12,116534,281271,26
CPB,2026-06-11,0,75855,6
ADM,2026-06-05,0,0,2
CMPS,2026-06-03,0,0,1
EXK,2026-06-11,12500,0,1
OUST,2026-06-01,13505,0,4
SOC,2026-05-30,94577,0,2
GLXY,2026-06-06,131411,0,7
APA,2026-06-12,174695,0,3
WIX,2026-06-01,19220,0,1
LIN,2026-05-29,103680,0,4
AAP,2026-06-12,75400,34987,3
TEAM,2026-06-08,25500,0,6
FLNC,2026-06-02,2099688,129056,66
GM,2026-06-09,0,0,5
SIRI,2026-06-10,0,0,1
OKTA,2026-06-09,186471,148800,11
NTR,2026-05-30,188000,0,4
CZR,2026-06-06,0,0,1
AGX,2026-06-03,33320,0,2
UTHR,2026-06-03,195000,0,2
LUMN,2026-06-01,256346,10360,3
TMO,2026-05-30,0,112000,2
PCAR,2026-06-03,95630,0,1
LABU,2026-06-04,95278,0,7
MGNI,2026-06-12,0,0,1
IYR,2026-06-08,0,0,1
ALK,2026-06-10,0,45080,3
ETHA,2026-06-01,0,18000,1
VG,2026-05-30,32702,0,2
GIS,2026-06-12,0,0,1
TMUS,2026-05-19,70560,0,2
SARO,2026-05-30,14992,0,1
MCHP,2026-06-05,0,53000,3
TECS,2026-06-10,40000,0,1
FROG,2026-06-12,29155,0,2
OKTA,2026-06-03,1081570,661336,28
TAC,2026-06-06,0,0,2
JD,2026-06-12,320525,16000,10
ACMR,2026-06-05,0,32130,1
CLX,2026-05-29,16625,0,2
SCO,2026-05-30,41934,0,2
TAP,2026-06-03,0,60000,1
SFM,2026-05-29,0,74700,6
LAC,2026-06-10,11736,0,3
AAPL,2026-06-05,5182673,312744,41
FIVN,2026-06-10,183444,0,7
PUMP,2026-06-01,0,0,1
ROK,2026-06-09,0,0,1
SII,2026-06-12,0,0,1
PATH,2026-06-03,136778,143701,16
PCG,2026-06-01,13884,0,2
SHOP,2026-06-02,742024,0,7
ARRY,2026-06-10,17000,14520,3
QID,2026-06-11,10500,0,1
NTRA,2026-06-12,0,0,1
SRAD,2026-06-12,0,0,1
PLAB,2026-06-09,15244,0,2
COST,2026-06-10,75974,469709,5
MANU,2026-05-30,19565,0,1
SMTC,2026-06-01,0,0,1
MVLL,2026-06-06,36360,0,1
PEN,2026-06-03,0,0,1
DAVE,2026-06-12,576530,203020,6
EWW,2026-06-10,0,0,1
LQDA,2026-06-09,25500,0,3
RIG,2026-06-02,17550,0,1
QURE,2026-05-19,63997,0,4
ENPH,2026-05-30,192580,88952,7
EME,2026-06-08,0,0,1
EXPE,2026-06-08,0,0,1
YPF,2026-06-12,0,0,3
VCX,2026-06-12,215301,0,11
CINF,2026-06-02,0,0,1
ALKS,2026-06-06,25000,0,2
JBS,2026-06-02,13084,15500,3
NFLX,2026-05-30,327843,0,6
MOD,2026-06-05,0,0,1
ALK,2026-06-04,151802,0,4
WYNN,2026-05-30,0,160160,1
GM,2026-06-02,86235,0,6
TNA,2026-06-04,0,0,5
VEEV,2026-06-05,425347,0,3
TT,2026-06-05,176220,0,2
RDWU,2026-05-29,0,13776,1
AMSC,2026-06-04,10500,145717,4
RKT,2026-06-05,131076,18700,5
ACM,2026-06-08,0,0,1
ORCL,2026-06-12,4558237,4043568,46
PLUG,2026-06-02,269312,0,15
ALC,2026-06-10,33070,0,2
NVDU,2026-06-10,12760,0,2
FLNC,2026-06-04,133152,0,9
OXY,2026-05-30,64000,0,4
AMZN,2026-06-12,7200252,5254760,56
TGT,2026-05-30,0,0,1
INDA,2026-06-04,0,0,1
SBUX,2026-06-03,66400,0,3
BLK,2026-06-09,80000,865630,2
LMND,2026-06-04,726834,0,4
DIA,2026-06-05,231213,611933,46
SPCE,2026-06-03,191807,0,11
SBUX,2026-06-12,0,522080,3
SCO,2026-05-19,35550,0,2
NMAX,2026-05-19,0,0,1
VICI,2026-06-02,0,37500,1
ORLY,2026-05-29,0,0,1
AMD,2026-06-01,15710221,3130852,69
IRDM,2026-06-09,72240,0,3
CCL,2026-06-04,269050,87093,13
CAH,2026-06-09,213500,0,1
PCG,2026-06-10,23000,63363,7
KTOS,2026-06-08,293035,0,9
IQV,2026-06-11,0,95465,1
SATL,2026-06-01,44960,0,1
AEM,2026-06-05,0,0,1
PATH,2026-06-04,81412,0,11
CRBG,2026-06-05,0,0,1
CBOE,2026-06-11,0,22195,9
ITRI,2026-05-29,40150,0,1
MVST,2026-06-02,32000,0,1
PYPL,2026-06-10,117221,0,12
RKT,2026-06-02,205015,106123,9
NVO,2026-06-03,403859,340763,37
INTU,2026-05-30,347500,0,3
SYK,2026-06-09,68393,0,1
WWD,2026-06-02,681280,19740,14
UMAC,2026-06-12,14632,92224,5
OXY,2026-06-05,0,190610,1
RPD,2026-05-19,34356,0,2
SGHC,2026-06-11,0,0,4
SPX,2026-06-08,18731610,1502080,19
IHI,2026-06-08,0,0,1
VAC,2026-06-04,0,12320,1
NXPI,2026-06-10,0,0,1
XE,2026-06-03,29500,0,4
FCX,2026-06-08,60610,0,3
RZLV,2026-06-09,33670,0,2
CLF,2026-06-09,130590,0,13
GEMI,2026-05-30,0,0,3
DPST,2026-06-08,0,0,2
AR,2026-06-02,34336,0,2
CMTL,2026-05-30,25020,0,1
CVS,2026-06-05,830286,210375,4
AS,2026-06-08,76210,15750,3
SOFI,2026-06-03,234979,56968,48
ESTC,2026-06-09,35890,0,2
MNDY,2026-05-30,631622,0,2
JOE,2026-06-10,0,0,1
HSY,2026-06-04,18590,19900,2
MNTS,2026-06-11,16095,0,1
MNTN,2026-06-02,26128,0,2
SPXW,2026-06-09,17965360,28759808,423
SPOT,2026-06-09,0,521920,7
SHW,2026-06-05,125060,102600,2
VZ,2026-06-11,0,544660,4
SG,2026-06-04,0,0,1
GME,2026-06-06,188189,0,10
AEO,2026-06-05,0,0,4
SHAK,2026-06-12,0,0,2
M,2026-05-30,11572,22446,3
RNG,2026-06-02,0,0,1
PURR,2026-06-01,445877,401236,25
FXI,2026-06-01,54035,295616,9
HIMZ,2026-06-02,0,0,1
HIMX,2026-05-29,0,10205,2
ENS,2026-06-04,71108,0,4
MOH,2026-05-30,0,0,1
MU,2026-06-12,34961094,13373941,245
AMSC,2026-06-05,11000,127100,2
STRL,2026-06-09,0,0,2
ALKS,2026-06-03,0,19610,1
KEYS,2026-06-04,0,0,1
CLSK,2026-06-05,849670,12097,35
ON,2026-05-30,10375,21300,5
FRSH,2026-06-01,0,0,1
BITU,2026-06-09,0,0,1
JBL,2026-06-03,24900,0,2
SW,2026-06-02,355135,0,4
CEG,2026-06-03,0,189739,5
RMD,2026-06-02,0,0,1
NTAP,2026-06-09,0,53980,2
DBA,2026-06-12,0,0,1
UHS,2026-06-05,0,0,2
F,2026-06-05,390357,0,6
TKO,2026-06-11,0,0,3
VKTX,2026-05-29,20064,0,3
WFC,2026-06-01,0,58142,1
MSI,2026-06-05,219830,0,1
WDAY,2026-06-09,143478,333012,11
XHB,2026-06-05,0,0,2
APP,2026-06-06,185330,0,7
AG,2026-06-01,38614,113145,10
DHR,2026-06-09,0,0,1
FEZ,2026-06-01,117900,0,2
COMP,2026-06-05,139115,0,2
IREN,2026-06-05,3194721,887428,144
TEVA,2026-05-29,205016,0,1
QCOM,2026-06-03,3280933,1576463,73
EGY,2026-06-04,37425,0,1
BITO,2026-05-29,0,16200,1
JPM,2026-06-05,0,247647,21
PLUG,2026-06-08,54048,0,2
WFC,2026-06-02,136296,0,3
AZO,2026-06-03,0,0,2
PRU,2026-05-29,30864,35520,2
ADEA,2026-06-11,69425,0,3
JBLU,2026-06-04,14112,0,1
D,2026-06-02,0,59800,1
NCLH,2026-06-04,139315,81069,14
IBB,2026-06-04,14800,0,2
M,2026-06-10,46128,0,3
RUT,2026-06-08,0,2731760,3
VG,2026-06-12,23750,0,5
ACHR,2026-06-10,0,22644,8
BURL,2026-06-11,0,0,1
SCO,2026-06-05,12500,0,2
SNXX,2026-06-10,33340,0,2
NVTS,2026-06-12,206314,32850,16
SPXW,2026-06-04,6867950,5618148,133
SQQQ,2026-06-12,776074,10266,31
TRMD,2026-06-02,0,12511,1
DLTR,2026-06-10,0,47922,3
XBI,2026-06-04,594296,128140,10
SPOT,2026-06-10,81305,0,3
SMR,2026-06-08,0,18600,3
AZN,2026-05-29,0,0,1
J,2026-05-30,31625,0,1
SMCI,2026-06-01,582233,94464,46
HAS,2026-05-29,0,0,1
ALAB,2026-06-01,1872565,0,30
GEV,2026-06-02,98030,0,11
PSX,2026-06-05,0,0,1
MRLN,2026-06-04,58407,0,3
VYX,2026-06-12,56275,0,2
NVDU,2026-06-04,72078,0,1
CDE,2026-05-30,53060,0,3
IGV,2026-06-05,1548876,287315,76
KRE,2026-06-03,34927,1001352,18
GRAB,2026-06-03,0,0,1
MCK,2026-06-12,0,90440,1
TQQQ,2026-06-04,896947,410412,44
AMG,2026-06-05,118558,0,2
MA,2026-06-06,0,0,3
LQD,2026-06-05,0,28127,1
AI,2026-06-02,402841,0,19
FSLY,2026-06-06,30578,0,4
RUN,2026-06-02,19040,0,3
MULL,2026-06-09,0,0,1
ARKG,2026-06-04,375431,11640,13
VIX,2026-06-09,236256,0,4
NBIS,2026-06-05,6338148,2858034,50
IP,2026-06-09,0,54000,1
IWM,2026-06-06,3997291,18111241,126
BOX,2026-06-09,10000,0,1
AXTI,2026-06-05,434899,90750,10
URA,2026-05-29,0,0,2
MLI,2026-05-29,0,0,1
XBI,2026-06-01,58785,120424,8
PLUG,2026-06-04,52465,0,4
QQQ,2026-06-01,9656499,3752664,114
EWQ,2026-06-08,0,0,1
CIFR,2026-06-10,12255,46397,11
CALY,2026-06-09,0,38055,1
HALO,2026-06-02,48360,0,1
ALKS,2026-05-29,104999,0,1
SPOT,2026-06-03,130500,0,7
ARKG,2026-06-11,0,269361,6
SNOW,2026-06-04,170155,354542,8
OSCR,2026-05-30,0,0,4
CMG,2026-06-10,0,0,7
NVTS,2026-06-10,417776,272830,10
MDGL,2026-06-09,0,0,1
FDX,2026-06-03,0,0,1
USO,2026-06-10,900527,466190,61
BDX,2026-05-30,159380,0,1
SATL,2026-06-11,0,15000,1
DRAM,2026-06-06,1297187,200135,95
PTON,2026-06-11,168984,0,2
MELI,2026-05-19,83850,0,1
XPEV,2026-06-02,101887,0,8
JBL,2026-06-05,784319,0,2
HD,2026-06-09,175164,0,8
JD,2026-06-01,116762,16852,7
DXYZ,2026-06-02,0,0,2
UVIX,2026-06-04,24542,0,3
NET,2026-06-11,0,0,4
FICO,2026-05-19,199959,0,3
WDC,2026-06-10,600460,174125,14
FEZ,2026-05-19,10400,0,1
FCX,2026-06-10,0,135328,4
NVS,2026-06-11,328645,128774,3
CORZ,2026-06-01,10862047,0,35
ROK,2026-06-03,0,0,2
CDE,2026-06-08,0,0,1
BLDP,2026-06-11,105465,0,12
RMBS,2026-06-08,343200,0,2
OKE,2026-06-12,0,170800,1
MULL,2026-05-30,347240,0,2
STRO,2026-06-03,0,0,1
BITO,2026-06-04,224734,0,2
CRSP,2026-06-10,0,0,1
AAP,2026-06-08,0,0,1
ABVX,2026-05-29,167080,0,13
SEDG,2026-05-29,753875,83075,20
KRE,2026-06-02,16401,51548,11
AEIS,2026-06-10,0,0,1
MDY,2026-05-29,0,37730,3
ONON,2026-06-11,0,19369,1
AXON,2026-05-19,0,0,1
RUN,2026-06-08,0,0,1
CPER,2026-06-06,0,0,1
AMPG,2026-06-11,343814,0,15
VIAV,2026-06-06,0,0,4
OIH,2026-06-06,0,32620,3
STZ,2026-06-09,0,52650,8
FLEX,2026-06-06,0,0,1
DUST,2026-06-09,0,0,1
SAIL,2026-06-03,0,0,1
SO,2026-05-29,0,0,1
ELF,2026-06-02,18310,0,4
LOW,2026-06-09,54172,0,2
AME,2026-06-03,0,0,1
VFC,2026-06-08,10374,26400,3
NTLA,2026-05-19,0,0,1
PK,2026-06-03,10780,0,2
AMC,2026-06-09,21200,0,2
META,2026-06-05,2353885,1311665,56
CELH,2026-06-12,0,173636,5
STNG,2026-05-19,0,0,1
DIS,2026-06-10,0,0,2
QTWO,2026-06-01,16660,0,1
HUM,2026-06-06,0,0,1
METU,2026-06-12,17180,0,1
MKSI,2026-05-19,0,11510,1
ITB,2026-06-12,83294.5,66650,5
MPC,2026-05-30,0,0,1
CELC,2026-05-30,0,0,1
FLR,2026-06-10,194879,0,1
WU,2026-06-04,11186,0,1
LFVN,2026-06-01,34219,0,2
DVN,2026-05-30,132327,64648,22
ENPH,2026-06-10,54437,170881,20
IBKR,2026-06-09,195222,0,6
SAIL,2026-06-04,28140,0,1
UCTT,2026-06-03,0,48925,2
XNDU,2026-06-03,30580,0,5
BKSY,2026-06-10,0,129632,2
CAPR,2026-06-11,0,0,4
CVBF,2026-06-06,0,0,1
FN,2026-06-10,12900,175840,4
BX,2026-06-08,0,96500,3
AMPX,2026-06-05,0,19780,1
BWXT,2026-06-04,90000,0,4
SIDU,2026-05-29,41472,0,4
RTX,2026-06-06,0,0,1
BBWI,2026-05-19,99984,0,1
BAC,2026-06-12,0,0,1
ULTA,2026-06-04,259840,27550,8
PCT,2026-06-12,320918,220500,24
SMH,2026-06-06,2501970,8395252,147
CSGP,2026-05-19,46797,0,1
RGEN,2026-06-10,848500,0,3
RXT,2026-06-02,114095,0,9
DOW,2026-06-12,0,0,2
GMAB,2026-06-08,0,0,2
DINO,2026-06-10,0,0,1
SRAD,2026-06-09,3838443,0,26
ITA,2026-06-10,12710,0,1
BLDR,2026-06-12,79545,0,4
LOGI,2026-05-30,367586,0,5
LRCU,2026-05-29,0,0,1
PSIX,2026-06-02,11900,0,1
HUM,2026-06-08,64400,0,2
BABA,2026-06-04,305027,1536465,42
DY,2026-06-09,0,200250,2
CIFR,2026-06-09,71809,13840,6
NTNX,2026-06-10,0,290080,1
EWZ,2026-06-10,227859,138198,25
QCOM,2026-06-09,989455,730080,42
XSW,2026-06-10,0,0,1
SOC,2026-06-02,15840,0,3
CHE,2026-06-12,0,697500,1
BHF,2026-06-12,11730,0,1
STUB,2026-06-10,71407,0,5
CELH,2026-06-01,23300,0,2
PTON,2026-06-10,52794,0,3
BSX,2026-06-08,0,0,1
LYB,2026-06-04,222667,0,1
TEM,2026-06-12,129885,187005,8
RNG,2026-06-05,0,24500,1
BKR,2026-06-04,0,0,1
STLA,2026-06-09,94575,0,3
ACLS,2026-06-09,11950,16730,2
C,2026-06-12,709854,0,13
CGAU,2026-06-08,0,0,1
LPTH,2026-06-03,35000,11310,7
BLFS,2026-06-06,0,0,1
VIX,2026-05-30,100050,0,2
JPM,2026-05-30,0,238440,1
COIN,2026-06-09,817253,1270892,97
SNAP,2026-06-12,30400,19500,3
CAG,2026-06-06,15500,0,2
EBAY,2026-06-01,25740,21085,2
LUMN,2026-06-04,127500,0,3
FLY,2026-06-03,11470,35700,5
QCOM,2026-06-05,1582956,1441919,40
AUR,2026-05-29,47464,0,2
SPCE,2026-06-09,142420,0,13
NOW,2026-06-06,531352,717022,21
GRPN,2026-06-05,0,0,2
NXT,2026-06-03,107008,290943,6
ABVX,2026-06-05,703483,0,19
AVGO,2026-06-08,2844146,126081,22
RUTW,2026-06-01,0,0,2
CRK,2026-06-02,30239,0,1
BB,2026-06-06,937110,364428,31
OKE,2026-06-05,269310,0,2
FFAI,2026-06-02,15968,0,2
DXC,2026-06-02,12500,0,3
MLYS,2026-06-05,0,0,1
WDAY,2026-06-02,305160,0,8
SU,2026-06-10,89320,0,3
DIS,2026-06-09,0,971307,3
IOT,2026-06-01,775895,19550,6
AAL,2026-06-02,13260,207988,13
KKR,2026-05-29,355326,0,4
CRDO,2026-06-12,992220,638295,43
UHS,2026-06-02,89206,0,1
CDW,2026-06-02,155018,35550,5
PEP,2026-06-01,0,0,1
BBAR,2026-06-12,0,0,2
IDYA,2026-06-09,21000,0,1
VTRS,2026-06-10,13342,0,3
YETI,2026-05-29,27740,0,2
AMDL,2026-06-03,0,0,1
BWXT,2026-06-08,19440,0,1
SAIL,2026-06-02,93000,0,3
CHWY,2026-06-03,83224,0,4
MCK,2026-06-02,0,0,2
EEM,2026-06-03,2003660,0,11
BNO,2026-06-01,1017919,0,14
AIQ,2026-06-04,0,0,1
DJT,2026-06-10,35342,94588,5
ESLT,2026-06-04,0,0,1
UPST,2026-06-09,93879,11457,6
EWY,2026-06-12,3896961,2603696,82
SIL,2026-06-03,102000,0,1
DUOL,2026-06-06,11590,0,4
DLLL,2026-06-10,0,13800,1
VIPS,2026-06-10,0,0,1
INFQ,2026-06-05,118250,75001,10
SHOP,2026-06-01,468033,0,3
VKTX,2026-06-03,0,0,1
DIA,2026-06-01,681174,48500,10
DRI,2026-06-03,0,0,1
VIX,2026-06-01,501000,144606,2
CEPT,2026-06-08,11750,0,1
SPX,2026-06-01,24018700,0,10
HBAN,2026-06-09,0,0,1
VOYG,2026-06-03,0,55745,2
HRL,2026-06-10,0,0,1
HYLN,2026-06-09,0,0,3
GEO,2026-06-05,75768,0,2
PRDO,2026-06-04,19988,0,1
OKE,2026-06-04,0,0,1
CAKE,2026-06-06,15340,0,1
MCD,2026-06-08,0,0,1
FPS,2026-06-05,423222,0,19
ONTO,2026-06-09,0,0,1
GD,2026-06-03,0,0,1
VRTX,2026-06-04,125600,68820,2
NRG,2026-06-05,0,0,1
NOC,2026-06-05,318080,0,1
HSY,2026-06-08,32000,0,5
ALHC,2026-06-09,0,0,1
AS,2026-06-04,0,373468,4
REGN,2026-05-30,77209,0,1
TEVA,2026-06-04,97554,0,2
GILT,2026-05-19,20956,0,2
DBC,2026-06-02,0,0,2
QUBT,2026-06-04,258824,62718,15
RR,2026-05-30,0,0,2
BBAI,2026-06-04,40146,0,4
HIMS,2026-06-02,944014,103067,59
MITK,2026-06-04,20900,0,2
SGHC,2026-06-03,352500,0,1
MTUM,2026-06-05,0,0,1
AFRM,2026-06-11,0,11986,2
LITE,2026-06-03,2956620,530439,55
TOST,2026-06-08,115449,0,2
WWD,2026-05-30,0,0,1
STX,2026-06-10,198510,148230,8
LMT,2026-05-19,223740,0,4
VTRS,2026-06-05,21720,0,4
BWA,2026-06-08,407598,0,3
PI,2026-06-12,51170,0,1
GLD,2026-06-11,2702703,9325570,280
BRKR,2026-06-10,0,12160,1
RILY,2026-06-02,0,0,1
TIGR,2026-06-01,0,50820,1
ALMU,2026-06-03,0,0,1
S,2026-06-11,147286,0,3
MCO,2026-06-01,0,68200,1
TMDX,2026-06-10,169000,170640,3
NVT,2026-06-03,0,0,6
MA,2026-06-05,155610,0,3
DINO,2026-06-03,231525,0,7
XERS,2026-06-11,0,0,1
PCT,2026-06-10,56450,13770,12
NTAP,2026-06-04,111016,273181,4
HSAI,2026-05-19,0,0,1
APLD,2026-06-02,687499,77720,38
XLC,2026-06-06,0,391050,1
IWM,2026-06-10,3027607,25601665,156
P,2026-06-05,0,90895,8
BFB,2026-06-04,0,0,1
AAOX,2026-06-04,96834,0,2
GXO,2026-05-30,36530,0,2
BIDU,2026-06-12,75772,149539,14
BLFS,2026-06-01,76640,0,4
NVO,2026-05-30,174300,17262,10
RBRK,2026-06-08,271945,27300,29
UPXI,2026-05-29,26351,0,2
INTU,2026-06-02,2844627,293371,26
CART,2026-06-01,0,0,2
PTON,2026-06-12,29000,0,2
SOXS,2026-05-30,215405,0,10
INO,2026-06-09,0,0,1
TFC,2026-06-06,0,0,1
C,2026-06-04,1097150,0,7
VELO,2026-06-04,11000,0,1
APA,2026-06-02,0,0,1
AMRZ,2026-05-29,0,0,1
COF,2026-06-11,0,73040,6
TSEM,2026-06-10,226900,794180,15
OXY,2026-06-08,76000,92050,2
ON,2026-06-09,82534,0,15
CF,2026-06-08,0,0,5
LUNR,2026-06-10,12100,190433,11
ORA,2026-06-02,70200,0,1
BB,2026-06-05,468330,11600,26
DT,2026-05-30,12000,0,6
TYL,2026-06-08,32200,0,1
USB,2026-06-08,0,96384,1
ETSY,2026-05-30,45140,16680,9
INFQ,2026-06-08,32400,0,3
HLIT,2026-06-04,0,0,2
JMIA,2026-05-29,0,0,1
RGTI,2026-06-12,896069,346373,21
HWM,2026-06-10,0,406000,2
TXN,2026-06-02,0,53100,3
D,2026-06-08,0,0,1
RIVN,2026-06-01,263060,58378,11
MBLY,2026-06-09,29058,0,1
XLI,2026-06-10,0,156956,17
KEEL,2026-06-04,792063,14674,11
V,2026-05-29,0,651480,3
ASHR,2026-06-10,0,0,1
PDD,2026-06-02,241790,1256125,9
PRCT,2026-06-10,17251,0,1
GDDY,2026-05-19,36360,0,1
SPY,2026-06-02,30777557,18725813,310
MRAM,2026-06-01,91544,0,5
TTD,2026-06-09,90724,0,10
ERO,2026-06-06,59410,0,3
UNM,2026-06-09,2250254,0,4
POWL,2026-06-09,38180,0,5
MVLL,2026-06-05,95540,0,3
BBY,2026-05-19,17125,0,2
LMT,2026-06-05,231998,0,2
SOC,2026-06-08,29138,108810,2
INTC,2026-06-08,11253822,270793,106
TEL,2026-06-06,0,0,1
CIEN,2026-06-03,0,303703,11
VICR,2026-06-08,0,0,1
DDD,2026-06-05,50000,0,1
STLD,2026-06-05,63960,0,1
BSY,2026-06-01,10998,0,1
RGTI,2026-06-04,400533,0,53
LQDA,2026-06-12,123660,18127,9
BOIL,2026-06-08,0,18450,1
ARCC,2026-06-05,24010,0,2
VERA,2026-06-12,0,0,1
IBIT,2026-06-08,1550673,2361513,43
OPEN,2026-06-06,0,0,7
PINS,2026-06-01,44608,14958,3
CCL,2026-06-12,729125,36980,11
DBX,2026-06-02,0,0,1
UBER,2026-06-06,0,0,1
HYG,2026-06-03,17440,92930,12
SIDU,2026-05-19,36000,0,2
DKNG,2026-06-11,308627,63008,24
FLR,2026-06-02,30750,0,4
IBRX,2026-05-29,23460,0,1
NTNX,2026-05-30,412777,0,5
NKTR,2026-06-02,21950,0,1
PANW,2026-06-04,800568,1491941,27
ENLT,2026-06-05,0,0,2
ASST,2026-06-08,105782,0,6
LULU,2026-06-09,105724,111121,23
ZSL,2026-06-03,0,0,1
ADSK,2026-06-09,186770,22630,5
FIS,2026-06-10,0,16665,1
QXO,2026-06-12,79315,16940,5
SOUN,2026-06-03,23939,17956,4
MBLY,2026-06-01,278105,0,5
ZM,2026-06-02,796789,329272,45
CBRS,2026-06-12,853229,574380,31
DAVE,2026-06-10,64017,489600,5
RKT,2026-06-01,29247,0,2
DDOG,2026-06-05,1257583,1609684,11
ADEA,2026-06-06,36450,0,5
APTV,2026-06-10,284495,0,6
COP,2026-06-10,0,0,2
LYV,2026-06-04,0,52600,1
NKE,2026-06-08,0,116357,2
GO,2026-06-10,797480,0,1
BLK,2026-06-06,0,0,1
SANM,2026-06-10,325950,0,2
METU,2026-06-04,46100,0,4
DDOG,2026-06-01,598426,2866555,32
AVO,2026-06-11,0,0,1
BKNG,2026-05-19,340141,0,3
CIFR,2026-06-01,275532,0,11
MET,2026-06-11,0,0,1
RXRX,2026-06-12,14471,0,1
PONY,2026-06-08,0,0,1
TSLL,2026-06-10,0,0,2
SOUN,2026-06-10,10608,34782,4
ADEA,2026-06-08,194639,0,5
DXCM,2026-06-08,155577,0,3
SRAD,2026-06-08,69400,0,2
SIG,2026-06-05,28349,0,1
CRM,2026-06-11,331643,161841,8
MNDY,2026-06-01,679319,0,5
SOXS,2026-06-12,837985,236114,72
TSLQ,2026-06-01,0,0,1
TEAM,2026-06-04,0,0,3
FEIM,2026-06-03,0,0,2
CODI,2026-06-12,0,0,1
SYNA,2026-06-12,58500,0,1
ROKU,2026-06-10,0,12150,5
CIFR,2026-06-11,562794,0,11
MTN,2026-06-11,168100,0,3
FICO,2026-06-04,782720,0,2
GDYN,2026-05-19,10999,0,1
FIGR,2026-06-03,73296,0,5
ROK,2026-06-08,234329,0,4
UPS,2026-06-04,138100,0,1
AVGG,2026-06-04,10004,0,1
BWA,2026-06-04,0,0,5
NVS,2026-06-03,400140,0,1
JBHT,2026-06-02,0,73085,1
SYK,2026-06-02,134400,0,1
TBCH,2026-06-03,0,0,1
SOFI,2026-06-12,423544,352375,45
NN,2026-06-02,30090,0,4
MAN,2026-05-30,32941,0,2
XLY,2026-06-08,0,339901,2
LEU,2026-06-05,27924,0,2
STM,2026-06-03,513965,0,7
WOOF,2026-06-02,31140,0,1
MSTR,2026-06-10,1019590,3067518,185
BIDU,2026-06-04,20425,796367,15
NN,2026-06-04,106940,0,8
ASYS,2026-06-08,31750,0,1
SJM,2026-06-10,45540,29190,4
STUB,2026-05-29,0,107400,2
FAS,2026-06-05,0,0,1
AIRO,2026-06-04,43833,0,2
UEC,2026-05-30,35125,0,2
GTM,2026-05-30,12000,0,1
COPX,2026-06-04,27864,0,2
FIG,2026-06-11,120650,52780,11
V,2026-05-30,0,0,2
VFC,2026-06-01,0,0,1
ARRY,2026-06-12,30530,0,5
MELI,2026-06-06,179180,0,2
ZS,2026-06-05,136555,154336,24
TXN,2026-06-11,0,0,7
KOLD,2026-06-03,0,0,1
SGHC,2026-05-30,0,64500,1
UNH,2026-06-12,778811,2586978,24
SHOP,2026-06-12,0,612897,9
PENG,2026-06-04,113735,0,11
LRN,2026-06-04,0,11700,1
NTNX,2026-06-06,585890,0,2
CRM,2026-06-06,159985,2004929,18
VPG,2026-06-06,0,0,1
MULL,2026-06-12,0,0,2
EFX,2026-06-09,0,0,1
VRSN,2026-06-02,14150,0,1
JNJ,2026-05-29,0,0,1
DECK,2026-06-05,0,0,1
CIA,2026-05-30,0,0,1
AER,2026-05-29,0,0,1
CDNS,2026-06-05,0,0,1
MGC,2026-06-02,0,0,1
PCG,2026-06-05,52114,0,5
DXCM,2026-05-30,66026,0,2
HYG,2026-06-01,38268,0,6
AMPG,2026-06-05,24110,0,2
JOBY,2026-06-09,39640,0,4
SWKS,2026-05-29,65916,0,6
STWD,2026-06-04,27183,0,2
SBET,2026-05-29,59661,0,4
WYFI,2026-06-02,10080,0,1
VST,2026-05-30,0,0,2
SWKS,2026-06-12,0,0,1
AMPG,2026-06-01,49938,0,4
DLLL,2026-06-03,34007,0,2
FMC,2026-06-11,29993,0,2
CF,2026-06-01,21620,0,2
VIK,2026-06-10,0,0,1
YPF,2026-06-09,31360,0,2
OWL,2026-06-02,600460,0,14
ARKG,2026-06-02,17849,0,2
AMD,2026-06-08,2610982,2208541,33
KMX,2026-06-08,10500,0,1
VEEV,2026-06-01,141450,58840,9
ASST,2026-06-02,118013,0,5
UNG,2026-06-09,0,0,1
LITE,2026-06-01,1288920,108850,16
NN,2026-06-10,13089,0,3
UVXY,2026-05-30,127974,0,5
KWEB,2026-06-08,67270,0,18
LFVN,2026-06-03,19230,0,1
NKTX,2026-06-12,12876,0,1
TWLO,2026-06-06,745755,708014,12
CME,2026-06-11,81188,0,4
IPX,2026-06-02,0,0,1
RVMD,2026-06-09,65000,0,6
DK,2026-06-02,140000,0,1
FBTC,2026-05-29,73346,0,2
VELO,2026-06-09,0,11340,1
BITX,2026-05-19,23874,0,6
SDGR,2026-06-05,17500,0,1
RUTW,2026-06-04,115430,0,2
HROW,2026-06-04,0,0,2
ISRG,2026-06-08,225367,0,1
SHOO,2026-06-09,0,0,1
QLYS,2026-05-30,69598,0,3
APA,2026-06-10,62084,0,2
EZPW,2026-06-12,13000,0,1
WHR,2026-05-29,38997,0,1
PAYX,2026-06-11,46500,34400,10
QBTS,2026-06-08,146650,10084,19
XOMA,2026-06-11,0,104400,2
S,2026-06-09,0,13940,1
VOYG,2026-06-04,250460,0,6
UEC,2026-06-04,0,0,2
ZM,2026-06-01,360203,0,9
VRT,2026-06-11,101430,544701,19
QRVO,2026-06-11,0,0,1
SVXY,2026-06-03,0,0,2
ALOY,2026-05-29,76900,0,2
RUM,2026-05-19,0,64980,2
XPO,2026-06-01,96380,0,1
GRPN,2026-06-03,21366,21000,3
EME,2026-06-04,0,0,1
PATH,2026-06-01,890450,0,22
AXTI,2026-06-04,612798,0,7
AEP,2026-06-10,60445,0,1
HIMS,2026-06-08,232019,55304,18
BRKB,2026-06-04,0,0,2
ONTO,2026-06-02,0,0,2
VZ,2026-06-03,0,741818,12
ORA,2026-06-04,0,0,1
ASHR,2026-06-06,14400,0,1
MSTR,2026-06-04,1054954,5035251,317
GEV,2026-06-01,452229,283640,8
GE,2026-06-10,798139,494594,10
KOS,2026-06-11,0,0,1
GOOG,2026-06-08,573922,2401190,12
DNUT,2026-06-09,0,60325,1
CHDN,2026-06-10,18500,0,1
RL,2026-06-01,0,55000,2
SGML,2026-06-11,102390,0,6
XLRE,2026-06-10,10386,0,1
BABA,2026-06-02,8645180,2145758,120
PEP,2026-06-09,0,93960,6
LWLG,2026-06-08,0,0,3
DAL,2026-05-30,0,50400,3
MSFX,2026-06-09,12000,0,1
DG,2026-06-08,0,0,1
WYNN,2026-06-04,170025,259471,7
THO,2026-06-05,0,0,1
WING,2026-06-05,94860,0,4
TSEM,2026-06-06,0,370680,4
TD,2026-06-10,76860,0,1
PEP,2026-05-19,275830,110973,4
CFG,2026-06-01,0,108875,2
KORU,2026-06-01,311999,14450,4
ANET,2026-06-08,530425,112320,17
PRCT,2026-06-11,64380,0,1
ESTC,2026-06-02,12997,0,2
PAYO,2026-06-11,0,0,1
HSY,2026-06-01,120400,291240,7
GS,2026-06-03,2962917,1184216,30
BETR,2026-06-04,0,0,1
YETI,2026-06-08,37420,0,2
COF,2026-05-19,51870,0,1
LEU,2026-06-04,10450,42300,2
DPST,2026-06-02,0,22050,1
LSCC,2026-06-09,111540,0,4
TDG,2026-06-10,161637,0,1
USB,2026-06-03,0,0,1
TMUS,2026-05-30,0,59160,4
SNDK,2026-06-05,3507352,10146933,99
COLO,2026-06-01,243000,0,3
DOCU,2026-06-05,440339,391136,34
GH,2026-05-29,33400,0,2
TXRH,2026-06-09,0,0,1
ATI,2026-06-06,0,0,1
UTI,2026-06-04,35890,0,1
PLUG,2026-06-06,15836,0,3
Z,2026-06-03,28800,16660,5
SMR,2026-06-05,162240,79267,19
RCL,2026-06-04,0,54000,2
AXSM,2026-06-02,144055,0,2
AUGO,2026-06-02,0,0,1
GDDY,2026-06-12,0,603000,1
GPC,2026-06-06,13000,0,1
DINO,2026-06-08,91020,0,1
AVGX,2026-05-30,10100,0,1
SKM,2026-06-08,0,57850,5
LEU,2026-06-10,824160,0,2
MELI,2026-06-05,0,0,2
DPZ,2026-06-10,0,177670,2
KULR,2026-06-02,0,0,3
TXG,2026-06-04,248773,0,1
UFPT,2026-06-12,59200,0,1
STUB,2026-06-12,0,10370,2
LOW,2026-05-30,65280,947256,2
TECX,2026-06-11,51530,0,4
HOOX,2026-05-30,19114,0,1
TTD,2026-06-08,25896,0,8
CCJ,2026-06-02,674631,285369,17
PLXS,2026-06-10,0,0,1
COHR,2026-06-11,373500,0,6
RXT,2026-05-29,11235,0,1
SPG,2026-06-11,223058,0,2
BKNG,2026-05-30,0,0,2
TRIP,2026-06-01,12026,0,1
MRK,2026-06-09,65036,0,1
VIX,2026-06-08,0,4092205,9
BA,2026-06-10,399527,146200,12
VSH,2026-06-02,207340,44660,22
SOFI,2026-06-09,242583,39780,39
GME,2026-06-09,22600,44576,8
XLF,2026-06-12,910895,220919,23
RDW,2026-06-02,239621,17500,21
IT,2026-06-06,0,0,1
LIN,2026-06-10,62790,201940,3
STRL,2026-06-03,10120,0,2
EWY,2026-06-10,1420018,7842289,118
SIG,2026-06-01,0,0,2
B,2026-06-10,0,0,1
NLY,2026-06-09,0,15800,1
COST,2026-06-08,282580,52490,3
BW,2026-06-03,0,27000,1
KLAC,2026-05-19,106960,0,5
BUD,2026-06-02,91010,0,2
NKTR,2026-06-03,0,0,1
UVIX,2026-06-08,0,0,1
VOYG,2026-06-11,96400,0,2
SBET,2026-05-30,46812,0,1
SCHW,2026-06-12,135945,221904,5
TSEM,2026-06-08,0,0,1
SMH,2026-05-30,869620,2182906,53
WY,2026-06-08,0,19600,1
B,2026-06-05,54625,0,5
MTZ,2026-06-04,374399,0,4
SAIL,2026-05-30,58103,0,2
EL,2026-06-10,0,0,3
AR,2026-06-08,19845,0,1
SIL,2026-06-06,20000,0,2
IRD,2026-06-05,23000,0,1
UDOW,2026-06-06,0,0,1
STT,2026-06-04,27499,0,1
ROK,2026-06-06,0,0,2
SPXL,2026-05-29,0,0,1
XYZ,2026-06-05,486797,68461,25
BRZE,2026-06-02,679968,0,3
TAC,2026-06-12,15000,0,2
BABA,2026-06-03,1128348,535020,62
MRAM,2026-06-05,0,0,2
CTAS,2026-06-10,0,82320,1
SILJ,2026-05-30,11537,0,2
ETOR,2026-06-02,0,0,3
AR,2026-06-06,0,0,1
CRNX,2026-06-10,27000,0,1
SKM,2026-06-12,76049,0,5
SNDQ,2026-06-04,68920,0,1
QURE,2026-06-09,61500,20474,4
VSH,2026-06-06,347232,226965,30
UUP,2026-06-12,10843,0,3
VAL,2026-06-12,56970,0,2
HST,2026-06-12,399420,0,1
CMG,2026-06-08,0,0,4
PWR,2026-05-29,851290,0,1
MOH,2026-06-02,0,63990,5
THC,2026-06-08,0,0,1
QQQ,2026-05-30,19639938,3321587,146
PANW,2026-06-09,1635745,1379869,16
SMH,2026-06-02,2920504,2086204,52
ADI,2026-06-08,0,0,1
ZENA,2026-06-04,25000,0,1
BSX,2026-06-01,0,0,1
CAG,2026-06-05,0,0,1
BBY,2026-06-02,76690,27825,5
ON,2026-06-06,767348,2325535,16
VG,2026-06-02,0,0,4
SHOP,2026-06-04,101010,0,5
AAPB,2026-06-08,12216,0,1
HBM,2026-06-01,72168,0,8
PURR,2026-06-03,706570,0,22
ONDS,2026-06-05,344449,68510,28
MDY,2026-06-12,33580,0,1
MEDP,2026-06-05,0,0,1
TGT,2026-06-06,0,217425,1
CAVA,2026-06-03,18870,0,3
FPS,2026-06-09,0,0,1
KRC,2026-06-08,540800,0,2
CCJ,2026-06-03,41014,12735,7
BTSG,2026-06-09,0,0,1
ASH,2026-06-11,0,0,1
COF,2026-06-03,113489,0,2
VRSN,2026-06-03,0,51030,1
AGQ,2026-06-10,73750,0,2
HCA,2026-06-08,0,0,1
VRSN,2026-05-30,0,10005,2
LLY,2026-06-06,0,0,4
NEXA,2026-06-04,0,0,1
HLIT,2026-06-06,0,0,2
CLS,2026-06-01,0,0,4
EWT,2026-05-30,0,0,1
KLAR,2026-06-10,0,11220,1
AVGG,2026-06-06,105790,0,1
MELI,2026-06-08,0,0,1
DKNG,2026-05-30,0,185435,2
PBR,2026-06-12,0,0,1
FSLY,2026-06-03,816097,0,35
MSTY,2026-06-02,0,14200,2
O,2026-06-05,72480,0,1
DKS,2026-06-04,0,0,1
CRNC,2026-06-11,16202,0,1
LYV,2026-06-11,43180,0,14
SVM,2026-06-06,0,0,1
CING,2026-06-05,0,0,1
ASST,2026-06-03,0,0,6
NAK,2026-06-02,0,0,1
ARKG,2026-06-09,10500,0,2
MRLN,2026-06-08,10000,0,2
EBAY,2026-06-06,29010,0,2
QCOM,2026-06-12,3896077,200195,35
ROKT,2026-05-29,0,0,1
AI,2026-06-12,10000,15008,3
YSS,2026-05-29,91660,0,6
TWLO,2026-06-01,291935,48260,15
AWK,2026-06-04,0,23940,3
LPTH,2026-06-01,0,0,1
ARKK,2026-06-08,0,38250,5
EW,2026-06-09,21450,53280,2
RIG,2026-06-04,12558,14193,2
NTSK,2026-06-03,0,0,2
VALE,2026-06-10,86485,0,1
CB,2026-06-02,60680,0,1
SLV,2026-06-03,1429428,915063,37
NOG,2026-06-12,0,0,1
EOG,2026-06-06,0,290230,2
AGL,2026-06-10,0,0,1
TECL,2026-06-09,137510,31500,9
MCHP,2026-05-19,357871,60210,5
AGX,2026-06-09,0,27100,2
ANF,2026-06-10,11400,0,2
XOP,2026-06-06,0,0,3
TSLA,2026-06-05,10969893,3880219,115
SKM,2026-05-29,0,0,2
EL,2026-06-06,0,22140,2
AMBA,2026-06-11,0,0,2
AEHR,2026-06-10,1043106,0,3
SHAK,2026-06-09,0,59670,3
RMBS,2026-06-11,462833,167480,12
TEAM,2026-06-12,0,325900,4
USAR,2026-05-30,133409,21825,8
CRL,2026-06-11,103789,0,4
HL,2026-06-04,20772,88880,4
SKY,2026-05-19,12496,0,1
FCFS,2026-06-11,13420,0,1
TGT,2026-06-03,0,0,2
CRWV,2026-06-10,6113891,1042143,72
TXG,2026-06-11,0,17640,1
HD,2026-06-06,131572,99400,3
ITB,2026-05-29,0,0,2
GFS,2026-05-19,0,8882690,5
SOUN,2026-06-05,53000,0,4
ABVX,2026-06-01,50200,0,4
RL,2026-06-03,10000,0,1
LI,2026-06-03,34610,24000,8
OXY,2026-06-11,0,86044,6
EWT,2026-06-08,0,26320,2
KO,2026-06-09,52948,0,1
BA,2026-06-11,723333,0,8
NVAX,2026-06-05,40000,0,2
BTU,2026-06-08,0,0,1
WST,2026-06-05,0,0,1
AMPG,2026-06-10,124473,0,5
CHWY,2026-06-04,0,0,3
UNG,2026-06-05,17010,0,4
QQQ,2026-06-04,22939453,32615008,426
APPS,2026-06-09,80669,0,4
XLK,2026-06-11,32125,278614,14
EWJ,2026-06-06,0,0,2
QQQ,2026-06-03,26378192,19071601,319
V,2026-06-01,0,0,6
PDD,2026-06-01,0,0,7
ALGN,2026-06-08,0,0,1
ZM,2026-06-09,20340,90887,13
SEDG,2026-06-06,28175,18465,4
HPQ,2026-06-09,27600,18013,7
UVIX,2026-06-10,117531,14455,15
P,2026-06-09,38760,0,7
LUMN,2026-06-09,0,0,2
OCUL,2026-06-12,22640,0,2
ZETA,2026-06-01,412026,96061,14
TEL,2026-06-12,0,132500,1
AEO,2026-06-10,0,0,1
WDC,2026-06-09,235535,2469550,20
ZM,2026-06-11,33732,26622,13
ALNY,2026-06-02,0,0,2
RXT,2026-06-11,0,0,1
RCAT,2026-06-05,401317,0,16
BOIL,2026-06-12,0,0,1
VST,2026-06-08,0,150035,2
ENLV,2026-06-03,15425,0,1
CNR,2026-06-09,0,0,1
ANET,2026-05-30,216324,621420,8
ST,2026-06-04,0,0,1
ALOY,2026-06-05,27000,0,2
PSN,2026-05-30,0,0,1
KSS,2026-06-09,0,37350,3
NVO,2026-06-04,215974,172314,32
DAL,2026-06-06,0,155490,1
INFQ,2026-06-06,0,0,4
SOXX,2026-06-08,2228626,289334,19
SBUX,2026-06-06,0,144324,1
USAR,2026-06-09,17808,0,3
XOVR,2026-06-11,32712,0,2
AAOX,2026-05-19,70060,20774,2
GFS,2026-06-03,634886,42703,22
FCX,2026-06-04,5546182,0,26
PHM,2026-05-30,11305,684740,2
PPTA,2026-06-03,0,104380,2
USFD,2026-05-19,0,0,1
BWXT,2026-06-06,0,0,1
VIX,2026-06-03,3354268,0,10
CGON,2026-06-05,0,0,2
NEE,2026-05-30,160948,0,2
ASHR,2026-06-04,0,0,2
APP,2026-06-12,132510,63069,7
SYM,2026-06-12,0,19000,1
XXRP,2026-06-08,30000,0,1
IWM,2026-06-02,4733622,6628972,37
PRAX,2026-06-02,0,0,1
OPEN,2026-06-05,0,15656,1
FIX,2026-06-03,104419,0,1
BKLN,2026-06-10,0,0,1
FRMI,2026-06-11,761212,43572,33
KHC,2026-06-10,0,16284,3
XLC,2026-05-29,0,20160,1
SMTC,2026-06-05,193500,0,2
UGL,2026-06-12,0,0,7
CELC,2026-06-03,104140,21660,13
FPS,2026-06-04,176730,0,5
LCID,2026-06-05,45558,0,2
IWM,2026-05-30,481011,4832195,56
VOO,2026-06-02,773142,0,3
BRKB,2026-05-19,0,0,1
TTD,2026-06-01,358998,20394,9
CBRL,2026-06-12,34380,45387,3
LINE,2026-06-05,0,0,1
NUE,2026-06-02,0,550826,4
KKR,2026-05-30,57850,0,2
LITX,2026-06-03,0,0,4
EXK,2026-06-10,25640,63000,3
NUCL,2026-06-05,0,16575,1
GE,2026-06-12,0,99830,1
EW,2026-06-02,25250,0,2
ADBE,2026-06-08,294360,210210,11
BTG,2026-06-10,11646,0,4
ETSY,2026-06-01,106120,0,2
FLNC,2026-06-01,709634,0,23
FCEL,2026-06-12,0,353370,4
TREE,2026-05-29,33600,0,1
GDDY,2026-06-04,0,33600,1
UPS,2026-06-01,102600,0,1
SPMO,2026-06-11,10770,0,3
USB,2026-06-05,68649,0,1
PSNL,2026-05-29,0,0,1
SNDK,2026-06-12,13014523,8146732,154
HAL,2026-05-29,0,11475,4
NET,2026-06-04,535573,256050,12
GFS,2026-06-02,723998,59304,8
JETS,2026-05-19,0,42120,1
TKO,2026-05-29,23400,0,1
DAL,2026-06-02,0,114760,1
HAL,2026-06-12,62116,356034,17
UPRO,2026-06-08,0,0,2
CLX,2026-05-30,0,53200,2
CLSK,2026-06-04,343985,0,9
UAL,2026-06-03,78200,98402,12
TD,2026-06-04,0,55870,1
PENG,2026-06-02,1018535,0,7
ANET,2026-06-11,0,0,1
RCL,2026-06-06,0,58050,2
T,2026-06-12,0,72520,1
IWM,2026-06-12,9269839,5869092,91
LOW,2026-06-08,0,0,2
ARM,2026-06-05,320640,323674,13
CONI,2026-06-04,0,0,1
EQX,2026-06-03,0,12556,1
RRX,2026-05-19,12970,0,1
TNL,2026-06-10,81900,0,1
GLXY,2026-05-30,0,0,3
MX,2026-06-04,0,0,1
SOXS,2026-06-10,884432,37440,52
POWI,2026-06-05,21994,0,2
AEHR,2026-05-30,0,56090,1
BTU,2026-06-09,14362,0,4
BSX,2026-06-09,0,0,2
CMPS,2026-05-30,139355,0,6
PL,2026-06-10,52250,53666,8
HIVE,2026-06-02,385255,16001,23
ON,2026-06-12,83615,18345,10
AXSM,2026-06-09,86450,0,1
CNI,2026-06-03,71300,0,1
MCHP,2026-06-10,211853,452140,30
UIS,2026-06-05,0,0,1
PDYN,2026-06-01,0,0,1
AMC,2026-05-30,41655,0,6
GIS,2026-06-02,40561,0,3
APG,2026-06-03,417968,0,3
AMKR,2026-06-01,14820,0,3
AU,2026-06-05,11577,0,2
LULU,2026-05-30,54695,60735,7
LQDA,2026-06-08,0,78080,1
VKTX,2026-06-10,0,12920,2
GOOGL,2026-06-11,4634816,2869841,44
GTLB,2026-05-30,354220,28210,8
AXON,2026-05-30,0,121600,2
AOSL,2026-06-12,45000,0,2
HOOD,2026-06-03,498224,398905,29
STNG,2026-06-03,0,299270,2
GGAL,2026-05-30,140250,0,4
EWJ,2026-06-10,0,0,2
FBIN,2026-06-03,12880,0,1
SPIR,2026-06-03,0,0,1
RBRK,2026-06-02,607560,0,12
LOW,2026-06-01,179395,0,1
DINO,2026-06-02,84135,0,5
ARWR,2026-06-04,24920,0,1
DFTX,2026-06-03,0,0,1
NNN,2026-06-10,51000,0,2
HNGE,2026-06-10,12580,31820,4
SLDE,2026-05-30,0,15350,1
RMBS,2026-06-03,682895,198716,9
RKLB,2026-06-11,353380,432410,15
INOD,2026-06-01,29195,100000,5
SOFI,2026-06-05,912448,117408,57
RBRK,2026-06-03,18720,30275,10
TRI,2026-05-30,0,0,1
MPWR,2026-05-30,0,534181,2
SHLS,2026-06-02,305228,0,1
HIVE,2026-06-11,0,0,1
CDE,2026-06-04,0,0,2
FSLY,2026-05-29,25335,24000,2
ESPR,2026-06-03,20000,0,2
STLA,2026-06-11,0,0,1
IYR,2026-06-06,0,0,1
BDX,2026-05-29,47693,0,2
DOCN,2026-06-04,4117825,0,14
TLRY,2026-06-04,0,31620,1
CAT,2026-06-12,0,2380762,9
LITX,2026-05-30,38704,74014,2
BL,2026-06-05,0,26800,1
SKM,2026-06-03,0,53115,5
PFE,2026-06-06,0,0,1
TLYS,2026-06-04,10964,0,1
ARMK,2026-06-05,0,0,1
ZETA,2026-06-03,304571,64228,18
PANW,2026-05-30,1201121,248940,17
ACHR,2026-06-04,15704,0,2
TLN,2026-06-11,589950,86020,4
AMAT,2026-05-29,0,570310,3
POWL,2026-06-05,638218,0,4
KR,2026-06-05,123375,0,1
KLIC,2026-05-19,0,0,2
WDAY,2026-06-12,0,108030,5
LWLG,2026-06-11,0,0,1
XE,2026-06-04,21935,323400,7
URA,2026-06-02,0,0,3
XHB,2026-06-02,0,61212,6
VPG,2026-06-12,20500,33546,2
DPZ,2026-06-02,0,0,2
EBAY,2026-06-11,10093,0,1
BWEN,2026-06-12,13000,0,1
MRNA,2026-06-06,82704,40296,11
PWR,2026-06-01,0,971490,1
LION,2026-06-10,1600000,0,1
DBX,2026-05-19,16560,0,1
XOMA,2026-06-06,0,99750,1
NVAX,2026-05-30,12446,0,2
IBIT,2026-06-05,2428437,3075891,76
NOVT,2026-06-06,0,14600,2
DVN,2026-06-04,536462,98502,21
CORZ,2026-05-30,73355,13090,7
LABU,2026-06-01,0,0,1
HIVE,2026-06-09,29351,0,1
CWEN,2026-06-06,0,0,1
PD,2026-06-01,0,0,1
HLT,2026-06-02,0,117940,2
BR,2026-06-11,40100,258262,3
JNUG,2026-06-01,19530,0,1
HSY,2026-06-10,0,0,7
AZO,2026-06-04,0,64800,3
FLEX,2026-06-01,0,0,1
LLY,2026-06-11,351807,4309442,9
EQIX,2026-06-06,0,85684,1
ENPH,2026-06-04,0,41175,10
MCHP,2026-06-12,267744,0,7
VTI,2026-05-29,798824,0,1
Q,2026-06-12,222556,0,6
META,2026-05-30,1645103,293475,21
REMX,2026-06-08,138370,0,1
KMB,2026-05-30,0,68520,3
KKR,2026-06-03,0,0,2
MRX,2026-06-04,11520,0,2
THO,2026-06-09,0,52501,1
RKT,2026-06-08,27650,0,1
RUN,2026-06-11,62102,0,6
TAC,2026-06-10,0,0,1
DRAM,2026-06-10,1238686,1768596,91
UCTT,2026-05-19,0,0,1
SAIL,2026-06-01,11520,0,1
EFOR,2026-05-29,17745,0,1
UVXY,2026-06-06,265395,0,18
TTAN,2026-05-30,223103,0,6
LSCC,2026-06-03,24960,0,1
PZZA,2026-06-06,21750,0,2
JHX,2026-06-10,14490,0,1
UNH,2026-06-08,240380,60376,11
ANF,2026-06-08,16250,0,1
UTI,2026-06-05,0,0,1
CLX,2026-06-06,0,0,2
WYNN,2026-06-09,18525,0,5
ISRG,2026-06-09,186817,278045,6
LH,2026-06-10,24400,0,1
PARR,2026-06-05,0,37800,1
CIFR,2026-06-04,395357,153799,23
DPST,2026-06-04,0,0,4
ATI,2026-06-11,509043,0,5
AI,2026-06-05,0,10695,2
HWM,2026-06-01,0,0,2
ENPH,2026-06-02,445747,68590,35
AEVA,2026-06-08,0,0,1
SOUN,2026-06-02,228389,25885,18
EOSE,2026-06-11,69942,0,2
AFRM,2026-06-05,17900,23800,3
ITA,2026-06-11,0,250500,2
BAH,2026-06-10,132000,0,2
AS,2026-05-30,0,0,2
XLC,2026-06-11,16575,0,1
EAT,2026-06-04,0,0,1
KWEB,2026-06-09,17000,110826,10
ARCC,2026-06-10,0,0,1
MAGS,2026-06-11,26242,0,4
NBIS,2026-06-02,1959752,1433836,55
CAT,2026-06-02,532231,244145,16
WDS,2026-06-12,73603,0,3
CONI,2026-06-05,0,0,1
S,2026-06-02,42680,0,5
LI,2026-06-05,21000,0,3
VSAT,2026-06-04,191170,0,7
VRSN,2026-06-06,137891,82822,4
AUR,2026-06-11,0,0,2
OPEN,2026-06-01,157028,0,12
BIIB,2026-06-05,159597,0,2
SPHR,2026-06-02,64680,0,1
FRPT,2026-05-30,29120,0,1
CB,2026-05-19,204680,71280,3
MNDY,2026-06-02,40425,0,4
TDOC,2026-06-12,14212,0,2
CPRI,2026-06-06,11050,0,1
RSP,2026-06-02,142670,0,2
DNOW,2026-06-10,64400,0,8
KR,2026-06-03,0,11280,1
WMT,2026-06-12,0,578202,5
WDC,2026-06-03,1988890,438945,18
INCY,2026-06-11,77480,0,1
BABA,2026-06-12,1467872,1726378,54
SSRM,2026-05-19,0,0,1
MRP,2026-06-06,42882,0,1
LNC,2026-06-08,0,23560,1
ASO,2026-06-09,0,15540,1
NAIL,2026-06-08,0,19035,2
BIRK,2026-06-03,81100,14270,4
ACN,2026-05-30,172049,518000,4
UNP,2026-06-01,0,151684,1
CF,2026-06-10,137488,58960,5
NVDL,2026-06-12,109803,220707,7
BX,2026-06-02,0,0,5
PATH,2026-05-30,224361,0,19
NIO,2026-06-11,25327,206632,7
QRVO,2026-05-19,10450,0,1
PRKS,2026-06-10,0,0,1
WPM,2026-06-06,0,0,1
VOO,2026-06-08,0,0,1
BBY,2026-06-10,0,60875,1
FIGR,2026-06-06,0,0,5
ARM,2026-06-03,995393,3105492,41
SCO,2026-06-12,0,13378,1
TT,2026-05-19,0,0,1
AG,2026-06-10,423019,14344,27
Q,2026-06-03,0,0,2
GFS,2026-06-08,39718,1062750,5
MOH,2026-06-08,0,10665,1
DIA,2026-06-12,789177,96637,29
ENSG,2026-06-10,0,10560,1
SHAK,2026-06-11,295750,0,6
HNGE,2026-06-09,98270,0,8
UNH,2026-06-10,1848511,668812,22
DIS,2026-06-02,51254,66745,2
ELV,2026-06-01,0,79540,2
GLW,2026-06-06,220048,1091531,18
BP,2026-06-08,0,0,1
HBM,2026-05-30,200000,0,2
TLT,2026-06-04,705470,474894,76
FIVN,2026-06-03,144800,0,6
FBTC,2026-06-10,0,0,1
MO,2026-06-05,74970,0,1
LEVI,2026-05-19,10440,0,1
BRKB,2026-06-09,0,117150,1
ASPI,2026-06-02,654895,0,3
EAT,2026-06-02,0,0,1
APH,2026-06-06,0,0,2
KOD,2026-06-04,0,60370,4
PCT,2026-06-03,21120,0,4
MOS,2026-06-02,183536,21535,2
RTX,2026-06-02,0,0,1
EOSE,2026-06-06,289768,0,9
XOM,2026-06-10,421964,396880,7
FERG,2026-06-09,0,0,1
ULTA,2026-05-29,44760,10900,2
PS,2026-06-04,0,0,1
UNM,2026-06-12,143990,0,2
HAL,2026-06-11,121427,300895,10
FEZ,2026-06-09,0,61860,3
ONON,2026-06-03,0,0,1
AGX,2026-06-12,24600,0,3
SGHC,2026-06-10,12470,0,1
TLN,2026-06-12,33813,27400,4
AMDL,2026-06-08,0,0,1
MDLZ,2026-06-02,0,0,2
SEI,2026-06-05,59466,10440,5
INFQ,2026-05-30,101367,64706,10
BRKB,2026-06-10,0,0,1
GRMN,2026-06-10,0,14250,2
CONL,2026-05-30,13125,0,2
NRG,2026-06-11,0,0,1
BRZE,2026-06-11,0,110746,1
LABU,2026-06-02,0,257171,7
BRKR,2026-06-12,0,153750,1
LCID,2026-06-01,22954,0,2
NMM,2026-05-30,15120,0,1
BIDU,2026-06-02,532239,28750,21
ESTC,2026-05-30,207605,10400,10
SBET,2026-06-04,28855,0,4
TIGO,2026-06-10,0,0,1
RDW,2026-06-11,76605,37500,7
ALAB,2026-06-12,157170,647761,15
MPWR,2026-06-02,147780,935580,2
JNJ,2026-06-05,118875,215380,3
FUTU,2026-06-05,273750,61345,6
MTZ,2026-06-10,55900,0,2
PLTR,2026-06-03,1449830,4162355,77
CPNG,2026-06-08,151055,78000,12
TLN,2026-06-08,0,0,2
KO,2026-06-01,0,0,1
TGT,2026-06-02,0,192024,3
MSOS,2026-06-06,13788,0,2
DG,2026-06-11,0,118290,3
NRP,2026-06-06,0,17050,1
ETOR,2026-05-30,112704,0,4
LEG,2026-06-04,56800,0,1
ALC,2026-06-02,31960,0,1
VLO,2026-06-09,0,75420,1
AMT,2026-06-03,0,0,1
IDXX,2026-05-29,0,16100,1
PANW,2026-06-08,0,707471,3
HIMS,2026-06-01,531410,63525,47
GXO,2026-06-06,0,0,2
FXE,2026-06-05,0,0,1
UBER,2026-06-03,0,90446,2
CLMT,2026-06-04,0,0,2
SHOP,2026-06-09,115112,103230,5
SDS,2026-05-19,0,0,1
TXN,2026-06-09,188169,195540,7
TZA,2026-06-10,15552,0,1
VRRM,2026-05-29,11990,0,2
EWZ,2026-06-09,309175,636042,9
HAL,2026-06-09,0,10935,5
HON,2026-06-08,117424,0,3
DG,2026-06-03,466989,13640,10
ULTA,2026-06-10,0,0,2
RBLX,2026-06-02,134838,0,19
ANF,2026-06-02,0,16275,1
JAZZ,2026-06-05,0,17000,2
SOFI,2026-06-01,474956,14200,37
CLSK,2026-06-03,379796,0,16
JAZZ,2026-06-08,0,0,3
AEIS,2026-06-11,0,0,1
CHYM,2026-06-03,0,0,1
ORCL,2026-06-11,5873362,7536464,105
NVDA,2026-06-03,16308425,6681386,178
MTSI,2026-06-11,0,25980,1
CNC,2026-06-08,115516,57675,9
BIIB,2026-06-12,0,56764,3
UAMY,2026-06-03,91344,0,6
SLS,2026-06-01,0,0,2
LOW,2026-06-12,73200,0,1
HON,2026-05-19,80630,0,1
ASML,2026-05-29,1002970,104520,8
ACDC,2026-05-29,78657,0,5
ASML,2026-06-05,225270,0,5
ATOM,2026-06-10,144999,0,1
JBL,2026-06-10,114660,0,2
KR,2026-06-01,0,14545,1
CVX,2026-06-05,144144,73838,4
PH,2026-06-01,0,0,1
IBB,2026-06-10,0,27090,1
INSM,2026-06-08,65800,0,4
IONS,2026-05-19,61590,0,1
AMSC,2026-06-09,10847,0,2
BUG,2026-06-04,379900,0,2
TDOC,2026-06-03,10406,0,1
CMPS,2026-06-05,82600,0,3
FXE,2026-06-06,0,0,1
OLLI,2026-06-04,0,0,1
DXYZ,2026-06-10,91240,0,3
ROST,2026-06-10,0,343654,3
CONL,2026-06-02,0,0,2
QURE,2026-06-02,89100,0,1
VRSN,2026-05-19,200430,0,3
RMBS,2026-06-06,0,0,3
ABNB,2026-06-09,54280,0,1
INTC,2026-06-05,1518733,3359178,34
METC,2026-05-19,0,0,1
MP,2026-06-08,0,10150,5
NKE,2026-06-12,50150,266303,5
UPRO,2026-05-29,11760,0,2
MNDY,2026-06-06,21010,0,2
FTAI,2026-05-19,165360,0,2
MDLN,2026-05-19,24000,0,1
ORBX,2026-06-01,22300,0,1
PYPL,2026-06-04,170759,173396,12
AVGO,2026-06-11,3684286,984084,27
SNDK,2026-06-04,18985999,8327206,116
B,2026-06-12,136170,150770,4
LKQ,2026-05-19,20925,0,2
UUUU,2026-05-30,0,0,1
POET,2026-06-06,915862,91960,42
ONIT,2026-06-02,32870,0,2
AUR,2026-06-09,50730,0,1
KSS,2026-06-06,10008,0,4
NNBR,2026-06-03,0,0,1
TBT,2026-06-01,10000,0,1
CEVA,2026-05-30,19720,0,1
JD,2026-05-30,48000,89011,7
TTD,2026-06-05,87174,0,12
BEN,2026-05-19,0,0,1
AU,2026-06-10,0,10890,1
CIEN,2026-06-11,1989190,0,9
XLY,2026-05-29,210850,120340,13
LAES,2026-06-04,210116,0,11
RMD,2026-06-03,0,99500,2
HIMX,2026-06-05,10890,0,2
AGQ,2026-06-05,0,0,1
TNA,2026-05-29,70797,19285,5
VLN,2026-06-06,366000,0,1
AMZN,2026-06-11,4809180,619078,38
CCL,2026-06-03,3422925,0,6
KMX,2026-05-29,0,13800,1
SNAP,2026-06-11,34500,15048,3
STLD,2026-06-06,0,113050,3
LMT,2026-06-10,0,63500,3
AADX,2026-06-11,23955,0,2
CC,2026-06-02,0,0,1
ADEA,2026-06-03,132810,0,5
CG,2026-06-06,0,386260,9
NTAP,2026-06-08,0,0,2
RIO,2026-06-10,0,0,1
EME,2026-06-12,425220,0,2
VCX,2026-06-04,0,24441,1
PL,2026-06-05,534185,175333,30
SWKS,2026-06-08,80860,61970,4
DOV,2026-06-05,10350,0,3
POWL,2026-06-08,283799,0,2
IONQ,2026-06-03,1059723,67638,47
BNO,2026-06-10,274024,0,11
ZVRA,2026-06-01,0,0,1
KMB,2026-06-11,17425,0,3
PDS,2026-05-19,0,0,1
LYV,2026-06-10,18750,0,2
PFE,2026-06-10,59995,0,1
IGV,2026-06-04,973636,324019,73
TIGR,2026-05-29,0,430687,6
MIAX,2026-06-02,0,0,2
ALRM,2026-06-08,0,41903,1
BUR,2026-06-03,0,15000,1
WM,2026-06-10,50986,0,1
VOYG,2026-06-02,0,0,6
GH,2026-05-30,102954,0,1
IEF,2026-06-09,112887,0,1
ROOT,2026-06-04,34000,0,1
WGMI,2026-05-29,0,41760,1
LCID,2026-05-29,11460,0,2
AXON,2026-06-10,328718,22360,5
TAL,2026-05-29,0,22400,1
PHM,2026-06-02,0,265000,1
UFO,2026-06-11,15390,0,2
LPTH,2026-06-05,96998,0,4
WRBY,2026-06-09,0,19305,1
XE,2026-06-02,22538,0,1
RUTW,2026-05-29,0,0,1
DOW,2026-05-30,21952,228534,5
CLSK,2026-06-10,103551,186534,14
RELL,2026-06-05,0,0,1
UPRO,2026-06-06,0,91082,2
WYFI,2026-06-12,0,0,1
AMAT,2026-06-02,930206,447930,17
COST,2026-06-03,209315,141160,8
TENX,2026-05-30,10450,0,1
CHWY,2026-06-09,185990,289829,18
LAES,2026-06-01,0,0,1
TSCO,2026-06-04,24027,16380,4
NIO,2026-05-29,0,0,3
EG,2026-06-12,9286640,0,11
BNO,2026-06-02,1111825,0,14
HYLN,2026-06-11,0,12245,1
OLN,2026-06-08,22275,0,1
SNBR,2026-06-09,0,0,1
TIC,2026-06-03,0,194000,1
DG,2026-06-12,59929,413542,5
TLN,2026-06-09,0,0,4
MDLN,2026-06-12,0,118360,3
GME,2026-05-29,58418,0,6
KOLD,2026-06-02,22500,0,1
GBTC,2026-05-29,0,12285,2
GIS,2026-06-10,0,41600,3
ETSY,2026-06-05,66753,10395,6
DB,2026-06-11,0,0,1
GRRR,2026-06-04,33095,0,9
LPTH,2026-05-19,31034,0,3
ALGM,2026-05-19,0,39665,2
TTWO,2026-06-11,255030,0,9
GTLB,2026-06-01,144008,10251,5
DRI,2026-06-12,0,0,1
BX,2026-06-06,0,0,1
CRML,2026-06-09,0,0,1
SOUN,2026-05-19,0,35481,2
PPTA,2026-06-09,0,0,1
UTHR,2026-06-11,0,44660,1
SPXW,2026-06-05,178410660,8178185,249
MTZ,2026-06-08,0,375666,2
SEZL,2026-06-04,431360,0,2
GEO,2026-06-02,0,0,1
SOXX,2026-06-06,275020,3131573,86
CCL,2026-06-10,109558,231788,23
XNDU,2026-05-19,30000,0,3
USO,2026-06-11,835510,91597,38
NFLX,2026-06-08,285705,155675,11
ROK,2026-06-02,142780,0,1
COPX,2026-05-29,9513718,0,5
WSM,2026-06-01,0,39000,1
MSFT,2026-06-05,3256136,3859759,57
CYTK,2026-06-08,0,0,1
UBER,2026-06-05,50490,298695,6
SATS,2026-05-30,302310,526009,20
XME,2026-06-10,0,55200,1
POET,2026-05-30,179269,0,7
PENG,2026-06-03,198370,51273,13
HBAN,2026-05-30,138339,0,2
GSG,2026-05-19,0,0,1
HYG,2026-06-08,27000,84000,6
CPB,2026-06-12,13511,19550,4
LSCC,2026-06-06,267177,0,2
AES,2026-06-02,0,0,1
EQT,2026-06-12,0,214200,9
CP,2026-05-19,0,0,1
APA,2026-06-11,63358,29866,3
CBRS,2026-06-08,1946282,185570,66
CAH,2026-06-02,0,0,1
OXY,2026-06-03,265376,0,8
PPC,2026-06-09,0,0,1
AG,2026-06-05,82612,32680,10
CROX,2026-05-30,0,35700,2
VIVO,2026-06-11,0,0,1
EME,2026-06-03,0,465120,1
FUN,2026-06-10,0,20881,1
KWEB,2026-06-05,107477,333197,20
HOOD,2026-06-09,2917859,906928,50
PYPL,2026-06-03,119348,108261,25
CCL,2026-06-08,31350,36995,8
MMED,2026-06-09,0,16000,1
CCEP,2026-06-09,23285,16530,2
COPX,2026-06-05,149310,48440,10
TRI,2026-06-02,0,104000,1
PCT,2026-06-05,12000,0,2
PGY,2026-05-19,0,0,1
MMM,2026-06-03,0,118803,2
RIG,2026-06-11,18834,0,1
PBF,2026-06-01,0,0,1
ROL,2026-05-19,0,0,1
HROW,2026-06-05,33997,0,1
WING,2026-06-09,54320,52540,6
HYMC,2026-06-05,24000,0,1
WING,2026-06-03,0,0,2
ROKU,2026-06-05,206438,30240,14
WFC,2026-06-04,155925,79404,7
AG,2026-06-11,81262,0,6
AMDY,2026-06-09,78000,0,1
TEVA,2026-06-09,0,0,1
AMPX,2026-05-30,162891,0,3
BJ,2026-06-09,0,189000,1
FBIN,2026-06-08,10240,0,1
ETHD,2026-06-02,30139,0,1
EXPE,2026-05-29,0,0,1
UNP,2026-06-03,401275,0,3
PFE,2026-05-30,0,0,1
UCO,2026-06-09,0,0,1
ADI,2026-06-04,84600,139380,8
SPY,2026-06-01,9587157,10855170,132
CLFD,2026-05-30,39950,0,1
TMDX,2026-06-11,271440,0,2
COST,2026-06-02,601150,157410,16
ANGI,2026-06-04,91830,0,6
MLYS,2026-06-06,0,0,3
ALC,2026-06-09,225370,0,6
WYNN,2026-06-06,13900,10100,7
VCYT,2026-06-09,0,18000,1
NASA,2026-06-06,62792,0,8
ETHA,2026-06-04,348217,659347,34
XLY,2026-06-03,24881,336037,5
DJT,2026-06-05,270198,56400,3
BAP,2026-06-06,0,0,2
MX,2026-06-11,16874,0,1
PENG,2026-06-05,151233,90880,8
DUK,2026-06-12,0,316232,2
COF,2026-06-12,79200,148560,3
MGM,2026-06-01,119090,0,7
PRCH,2026-06-04,0,0,1
WRD,2026-06-02,13199,0,1
UMC,2026-06-08,474789,0,7
B,2026-06-04,0,0,1
MRAM,2026-05-19,218200,0,4
SPX,2026-06-04,1766476744,3183970,46
REMX,2026-06-10,32190,0,2
SCO,2026-06-06,0,0,2
HBM,2026-06-11,0,0,1
LITE,2026-05-30,326290,423160,11
EBAY,2026-06-03,0,46821,3
TER,2026-06-01,171670,57490,5
CDNS,2026-05-29,0,116597,2
MAA,2026-06-08,0,0,1
PSX,2026-06-12,138330,265951,2
ROL,2026-06-05,0,0,3
GPN,2026-05-30,18370,0,2
PINS,2026-06-11,26034,222424,9
COHR,2026-06-05,437982,290502,17
MVLL,2026-06-02,22510,99400,2
VKTX,2026-06-08,134400,0,1
TQQQ,2026-05-30,708486,135984,19
RSI,2026-06-09,0,0,1
JNUG,2026-06-04,0,0,1
VSXY,2026-06-08,0,0,2
SPX,2026-06-06,99525620,8312170,73
GDS,2026-06-09,169077,0,2
GEO,2026-06-12,14748,0,3
RPD,2026-06-01,16640,0,2
LW,2026-06-04,0,0,1
NB,2026-06-12,12000,0,1
TAN,2026-05-30,0,0,1
JEF,2026-05-19,14570,0,1
TXN,2026-06-10,72545,761308,24
PEP,2026-05-29,69480,69606,3
STX,2026-05-29,63300,136790,10
OIH,2026-06-11,0,0,2
XEL,2026-06-04,0,0,2
BTI,2026-06-08,85300,0,1
NWL,2026-06-10,123037,0,5
PLTR,2026-06-12,1117340,1429880,35
FSS,2026-06-12,0,41125,1
REPL,2026-06-03,0,29671,3
AGNC,2026-05-19,0,47385,4
AG,2026-06-03,15137,108805,5
NVO,2026-06-05,131051,32367,21
NTSK,2026-05-29,11954,0,1
CRWD,2026-06-02,4941443,7345377,33
DNUT,2026-06-12,0,0,1
DNA,2026-06-04,102243,0,2
URNM,2026-05-29,0,0,2
APPS,2026-05-30,184183,48865,12
PWR,2026-06-06,616800,0,13
UA,2026-06-03,0,0,1
GPN,2026-06-05,0,0,2
ONDS,2026-06-08,311729,0,18
AISP,2026-06-05,0,0,1
GAP,2026-06-06,114191,0,6
XME,2026-05-19,0,299444,1
SPY,2026-06-12,38476423,48291145,660
UVXY,2026-06-12,235750,22500,10
HYMC,2026-06-06,0,0,2
DUOL,2026-06-05,0,356818,3
AXSM,2026-05-29,0,0,1
UNP,2026-05-29,70200,0,4
UVXY,2026-06-09,287144,0,11
UCTT,2026-06-11,0,0,2
FITB,2026-06-03,0,12480,1
LPTH,2026-06-06,10489,0,1
BLDP,2026-06-05,0,0,5
AXON,2026-06-04,0,17480,1
AVAV,2026-06-05,0,0,5
XLP,2026-06-01,21725,0,3
SYM,2026-06-09,0,0,1
DNOW,2026-06-09,11250,0,5
NU,2026-06-12,842033,0,15
CDW,2026-05-29,35470,0,1
BCE,2026-05-19,0,0,1
CRDU,2026-06-08,0,58080,3
RZLV,2026-05-29,133746,0,4
BL,2026-06-04,321300,0,2
PSKY,2026-06-02,292215,22760,14
HEIA,2026-06-12,0,0,1
GXO,2026-06-03,0,81062,8
HON,2026-06-10,0,0,1
UMAC,2026-06-06,170050,0,6
NRG,2026-06-03,0,0,1
NEBX,2026-06-11,0,0,1
Z,2026-06-09,0,12252,2
CMI,2026-05-30,0,365281,2
IRDM,2026-06-02,0,49780,2
BTU,2026-06-03,0,0,1
BULL,2026-06-09,0,0,1
MSM,2026-06-06,0,97650,2
NVTS,2026-06-02,633168,10780,20
CMPS,2026-05-29,273790,0,8
EWJ,2026-06-05,0,0,1
LITE,2026-06-02,8218922,2505450,46
KORU,2026-05-19,45050,0,3
QURE,2026-06-10,0,217543,1
GPC,2026-05-30,13500,0,2
ARKK,2026-06-11,30474,44110,13
TMDX,2026-06-03,68990,0,3
MITK,2026-06-03,0,0,2
FFIV,2026-06-09,0,0,1
HPP,2026-06-10,0,0,1
DDD,2026-05-29,86304,0,1
UDOW,2026-05-30,0,0,1
IBRX,2026-06-05,34000,84207,2
AGNC,2026-06-09,0,0,1
VIX,2026-06-05,1114890,0,10
IONS,2026-06-03,0,284012,2
APLD,2026-06-04,88545,48490,9
PUSA,2026-06-02,12500,0,2
LMND,2026-06-09,130240,30360,7
APPS,2026-06-05,22110,0,2
EBAY,2026-06-10,10555,0,1
UAL,2026-06-04,543595,514310,13
TWLO,2026-06-03,145780,705528,7
OIH,2026-06-04,0,129250,5
KO,2026-06-11,130935,187798,5
TPL,2026-06-01,0,0,1
EME,2026-06-06,0,0,1
GTM,2026-06-04,185775,0,1
EXPE,2026-06-11,0,17250,1
CSGP,2026-06-11,0,10500,1
SWKS,2026-06-05,42000,0,2
CIBR,2026-06-05,0,0,1
ZTS,2026-06-04,137500,0,9
MIRM,2026-05-30,0,17000,1
ABT,2026-06-03,0,0,2
XE,2026-06-12,0,27592,1
DIS,2026-06-06,0,146454,3
JD,2026-06-05,0,0,1
PSKY,2026-05-29,101930,0,4
BSOL,2026-05-29,13497,0,1
EWZ,2026-06-05,90132,149034,6
LVS,2026-05-30,0,14190,3
WULF,2026-06-11,3894160,11160,42
RPD,2026-05-30,77408,43920,10
EL,2026-06-04,0,0,1
HYG,2026-06-04,0,18807,2
HYG,2026-06-06,0,157535,17
WM,2026-06-12,0,94622,1
XOM,2026-06-11,178194,683289,5
CPSH,2026-06-01,0,14000,3
SIG,2026-06-04,19320,0,4
BWEN,2026-06-10,12500,0,1
SITM,2026-06-06,0,131000,1
LVS,2026-06-10,0,36630,1
RKLX,2026-06-04,0,0,1
PPC,2026-06-04,58197,0,3
BRUN,2026-06-08,20060,0,1
AMKR,2026-06-08,0,11200,3
MVLL,2026-06-10,0,0,1
MAC,2026-06-09,0,0,1
DELL,2026-06-01,7262299,1013935,43
RMD,2026-06-01,163750,0,1
PROP,2026-06-01,0,0,1
HL,2026-06-01,0,0,2
ONON,2026-06-01,15879,0,2
XME,2026-06-09,85440,60580,5
IBIT,2026-06-11,863866,604649,23
BNTX,2026-06-10,0,103535,1
ABNB,2026-06-03,0,51193,1
GDX,2026-06-12,457249,25792,30
YSS,2026-05-19,57600,0,1
EMN,2026-06-08,0,14080,1
ERIC,2026-06-11,0,0,1
DLTR,2026-05-30,1427642,73906,28
RCL,2026-06-10,0,69600,1
MRK,2026-06-05,201032,0,3
KKR,2026-06-02,0,0,1
XLK,2026-06-02,1011091,675453,38
FROG,2026-06-04,35520,0,2
SERV,2026-06-02,0,0,1
NOK,2026-05-30,297255,0,8
DECK,2026-06-08,12480,0,1
FWRD,2026-06-11,82500,0,2
LCID,2026-06-04,10850,15476,2
SPXW,2026-06-03,87093930,4940870,107
INSM,2026-06-06,288200,13800,4
COIN,2026-06-01,628899,322837,41
EBAY,2026-06-02,38980,35165,4
FIGR,2026-06-02,0,10260,1
XRX,2026-05-30,31580,0,4
SOLS,2026-06-09,19740,0,2
XLK,2026-06-03,440329,107757,21
LEN,2026-06-04,11310,0,1
ASHR,2026-06-02,315749,11240,19
IBB,2026-06-08,0,14350,1
AFL,2026-06-06,0,0,1
OPEN,2026-06-10,87947,0,9
BAND,2026-06-02,66940,0,2
MCK,2026-06-04,0,939521,5
KSS,2026-06-12,0,0,1
PG,2026-06-10,158551,0,3
ROST,2026-06-04,0,97470,2
APLD,2026-06-12,421812,433758,28
URNM,2026-05-19,0,102000,7
ETSY,2026-06-11,21445,0,2
VCX,2026-06-02,712472,263440,10
BITU,2026-06-06,0,32248,2
CAT,2026-06-08,196295,224315,3
WULF,2026-06-01,207040,32419,19
NTLA,2026-05-30,0,35100,1
CRWD,2026-06-03,885144,2516974,19
GRMN,2026-06-09,0,0,1
OSS,2026-06-01,10750,0,2
FNV,2026-06-10,0,0,1
CL,2026-06-11,57400,0,2
NTR,2026-06-09,0,0,1
LMT,2026-06-11,80500,71350,4
RH,2026-06-11,98390,48004,7
LOGI,2026-06-12,0,0,2
NRG,2026-06-02,88000,0,1
NLR,2026-05-30,0,0,1
JAZZ,2026-06-10,0,0,1
ATI,2026-06-03,0,0,1
HYG,2026-06-12,11421,134800,6
ZETA,2026-06-12,377500,0,4
MDB,2026-06-01,1113310,205515,34
SCO,2026-06-10,211468,16000,4
JEPQ,2026-06-02,0,0,1
BDX,2026-06-09,35909,0,1
ZVRA,2026-06-04,0,0,1
RIG,2026-06-09,0,0,2
ESLT,2026-06-03,139620,0,3
AAL,2026-06-05,60316,57288,4
AMGN,2026-06-08,2125000,0,1
ERX,2026-05-19,216493,0,2
CPSH,2026-06-03,0,26460,5
UMAC,2026-06-04,333225,56342,10
ALMU,2026-06-04,19950,0,1
BTDR,2026-06-05,357000,19800,5
BKNG,2026-06-09,175851,74251,5
HON,2026-06-05,270780,0,7
INV,2026-06-04,0,0,1
PGR,2026-06-06,0,97200,2
SHAK,2026-06-05,120240,0,5
SNX,2026-06-09,0,0,2
WST,2026-06-12,16000,0,2
PAAS,2026-06-05,15680,51620,9
BRZE,2026-06-01,49239,0,10
SBUX,2026-06-02,0,185133,4
BLK,2026-06-01,597600,0,1
PEP,2026-06-11,72240,0,1
GUSH,2026-06-10,21420,0,1
DOW,2026-06-03,30208,0,2
TSSI,2026-05-30,55345,0,4
IIPR,2026-06-03,0,55002,1
AI,2026-05-30,0,15400,2
NOK,2026-06-03,2364577,393519,52
ATEX,2026-05-30,14908,0,1
TE,2026-06-01,463565,13545,27
RUT,2026-06-10,0,3842090,7
BTI,2026-06-02,113680,0,1
PPSI,2026-06-11,14000,0,1
CENX,2026-06-11,0,10778,2
ALK,2026-06-06,0,0,1
APPN,2026-06-02,0,0,1
MITK,2026-05-30,76590,0,1
NEM,2026-06-04,0,210010,2
MCHP,2026-06-11,67680,0,6
OM,2026-05-29,40000,0,2
REPL,2026-06-08,21000,0,1
DTCX,2026-06-05,11600,0,2
APLD,2026-06-11,472370,253891,27
FTNT,2026-06-02,0,0,2
LITE,2026-06-06,838560,1873296,13
IGV,2026-06-11,224205,565142,40
QS,2026-06-01,0,0,1
TLT,2026-06-11,1068850,325143,75
OPCH,2026-05-29,0,20625,1
FIGR,2026-06-05,665535,27720,11
ALK,2026-06-03,0,0,1
UNHG,2026-06-10,0,0,1
SM,2026-06-11,148231,0,3
FHN,2026-06-03,0,23240,1
SRAD,2026-06-02,0,0,1
IBIT,2026-06-12,1050836,2633664,41
GME,2026-06-03,955775,49714,27
LPLA,2026-05-30,0,159510,1
AXTI,2026-06-12,205213,56080,6
WEN,2026-06-11,117782,0,3
EVR,2026-06-11,12592,0,1
RIG,2026-06-05,0,293000,2
MOD,2026-06-12,107380,350361,7
Q,2026-05-19,58123,13792,3
ROKU,2026-06-12,167479,20670,19
FICO,2026-06-02,453960,15000,3
WYNN,2026-06-11,0,11088,6
SPY,2026-06-05,20041657,21524150,302
LULU,2026-06-08,113360,236040,16
CDW,2026-06-01,687818,0,6
MDT,2026-06-12,82983,0,2
AVT,2026-06-03,0,0,1
ULTA,2026-06-08,165110,0,4
CSTM,2026-06-12,0,0,1
FSLR,2026-06-04,366967,449555,25
PH,2026-06-04,0,372000,2
USD,2026-06-11,11600,0,1
GLIBK,2026-05-30,0,0,1
ATOM,2026-06-05,63040,0,3
MA,2026-06-01,231810,0,2
SITM,2026-06-04,651800,0,4
MDT,2026-06-03,103716,0,3
IBIT,2026-06-01,1435853,332360,20
XP,2026-06-02,5967500,0,2
FIG,2026-06-01,794700,0,26
GPN,2026-05-19,221129,0,1
GNRC,2026-06-09,0,0,2
AMDL,2026-05-19,42160,0,2
IONQ,2026-06-04,0,149155,17
SPXW,2026-06-10,22098650,15647000,391
LRCX,2026-06-06,1525381,278844,9
INTC,2026-06-11,3806676,4205799,67
CRL,2026-06-04,57240,0,3
UNH,2026-06-09,1892234,1629072,27
ALAB,2026-06-08,2501390,159835,21
TTMI,2026-06-12,84730,0,2
FRMM,2026-06-02,0,0,1
PRMB,2026-06-02,0,0,1
TMO,2026-06-02,0,0,2
PAYX,2026-06-12,333440,0,2
DDOG,2026-06-10,0,202885,8
TJX,2026-06-10,83816,183105,7
MOH,2026-06-06,0,23640,2
IEF,2026-06-04,18286,0,2
ASTS,2026-06-04,1848394,54233,90
VRT,2026-06-05,660975,1467440,19
APPX,2026-05-29,0,0,1
VIAV,2026-06-09,14040,0,4
PONY,2026-06-04,0,0,1
KLAR,2026-06-11,0,0,1
SEZL,2026-05-30,0,13682,1
BR,2026-06-09,0,0,1
PG,2026-06-06,1842008,122275,11
LGN,2026-06-11,18234,0,1
ASML,2026-06-12,2725677,0,11
LOGI,2026-06-09,0,0,4
CLOV,2026-06-09,0,0,3
BIRK,2026-06-11,0,64550,5
PFE,2026-06-09,0,60417,9
REPL,2026-05-30,88000,0,5
DE,2026-06-09,0,0,3
TEM,2026-06-01,185262,64160,11
CRML,2026-06-06,55200,10000,7
HSAI,2026-06-06,0,0,1
VVX,2026-06-11,0,0,1
SHEL,2026-06-08,0,0,1
TTD,2026-05-29,321298,27950,37
TWLO,2026-06-09,55610,75481,7
JMIA,2026-06-12,0,0,1
AU,2026-06-12,0,0,1
LWLG,2026-06-02,720446,0,18
SNDK,2026-06-03,5564918,3102813,50
WRBY,2026-06-05,0,0,5
FRMI,2026-05-30,0,44045,2
LYB,2026-06-11,130500,91960,2
PATH,2026-06-05,353441,0,6
FSLR,2026-06-03,564606,996128,24
NVDL,2026-06-05,144328,304400,6
NUE,2026-06-10,0,430711,1
WULF,2026-06-09,1077459,47532,29
CLF,2026-06-12,24265,67260,9
QSR,2026-05-30,0,15640,1
ARKK,2026-06-04,150214,72843,18
OKE,2026-06-02,0,0,1
ALHC,2026-05-30,0,18348,1
JOBY,2026-06-03,35000,0,7
QBTS,2026-06-12,0,96958,7
AMGN,2026-06-06,0,159124,1
KKR,2026-06-04,0,56980,1
SIG,2026-06-11,173673,0,3
ABNB,2026-06-12,0,68855,1
SPXW,2026-06-02,21014970,2086453,101
SIL,2026-06-05,0,66600,4
HTZ,2026-06-04,0,0,1
FOUR,2026-06-02,27998,0,2
ALMU,2026-05-19,0,0,2
MET,2026-05-30,675000,0,1
LAC,2026-06-05,23343,23729,3
CBOE,2026-06-12,0,44450,4
JMIA,2026-06-02,26547,0,1
IONQ,2026-06-09,347099,594989,30
XLK,2026-05-30,305567,40000,9
FCPT,2026-06-06,11250,0,1
CAR,2026-05-30,245883,115980,13
NXPI,2026-06-03,303725,164382,5
WIX,2026-06-12,13260,0,1
PZZA,2026-06-01,13440,0,1
TSEM,2026-06-03,153590,0,4
SMTC,2026-06-03,42506,56860,5
CORT,2026-06-09,205588,0,1
CRCL,2026-06-05,6538170,793443,67
TEVA,2026-06-12,0,20447,2
CONL,2026-06-10,27456,0,3
SLS,2026-06-04,12950,40506,4
WEAT,2026-06-10,23996,0,2
WING,2026-06-11,0,100650,1
LSTR,2026-06-12,47246,0,1
RUTW,2026-06-11,0,0,3
AGNC,2026-05-29,79300,0,3
PLTR,2026-06-11,441138,336650,28
ARES,2026-06-09,0,17200,3
IMAX,2026-05-29,45450,0,4
SHAK,2026-05-29,0,0,2
POWI,2026-06-06,0,0,1
HYG,2026-06-10,0,50358,7
SPXC,2026-06-03,147000,0,1
CHTR,2026-06-12,0,268603,3
CPB,2026-05-30,24819,0,5
COPX,2026-06-11,18805,950000,2
POET,2026-06-02,5017178,228236,200
AVEX,2026-05-29,0,0,1
HAL,2026-06-04,26730,114513,6
AMR,2026-06-09,0,0,1
CAPR,2026-06-12,0,0,1
AVGO,2026-06-04,15765008,5424866,139
WEN,2026-06-10,12775,0,1
GDYN,2026-06-05,0,0,1
CR,2026-06-06,0,0,1
AUR,2026-06-10,0,0,1
MSCI,2026-05-29,0,122760,1
ETN,2026-06-04,0,1003518,3
XLF,2026-06-02,594563,224903,20
LUMN,2026-06-10,0,0,4
KNSA,2026-06-12,23758,0,1
XLF,2026-05-30,658503,343480,28
BILL,2026-05-19,0,0,1
GE,2026-06-06,0,0,2
UMC,2026-06-09,83976,0,4
TRIP,2026-06-09,0,0,1
KEEL,2026-06-03,119710,0,11
NEM,2026-05-29,604390,836559,7
CLS,2026-06-08,0,25550,12
CIFR,2026-06-06,274538,51325,21
FBTC,2026-06-03,340000,0,3
MKC,2026-06-12,0,0,2
MRVL,2026-06-09,7926192,4229635,168
XLE,2026-06-12,1549940,311639,56
CRSR,2026-06-03,15150,10810,4
EOSE,2026-06-04,0,0,6
AMAT,2026-06-01,653666,167550,12
SIMO,2026-05-19,774440,0,10
VIAV,2026-06-01,629753,0,2
LLY,2026-06-12,144500,191500,5
TIGR,2026-06-02,71492,356030,14
VIAV,2026-06-03,310971,131040,30
HIMS,2026-06-03,239044,28400,37
DAVE,2026-05-30,0,0,1
KLAC,2026-06-09,108850,0,2
UL,2026-06-09,0,0,1
SW,2026-06-06,0,0,1
USO,2026-06-03,213847,592862,34
ST,2026-06-02,124563,0,6
MET,2026-06-04,0,0,1
MDB,2026-06-12,45650,337270,8
PCG,2026-06-06,192122,14364,6
PENN,2026-06-01,17569,0,2
URI,2026-05-29,0,176460,1
SO,2026-06-05,243270,0,3
SPCE,2026-06-10,80719,0,5
PACS,2026-06-01,0,324880,1
TGT,2026-06-08,0,0,2
SHW,2026-05-30,0,227020,3
VTRS,2026-06-04,0,0,1
CDE,2026-06-03,79035,17160,5
OUST,2026-06-02,124470,0,9
GNRC,2026-06-03,44840,80119,7
PNC,2026-06-11,132595,0,1
ABVX,2026-06-08,0,380390,16
SOUN,2026-06-06,0,0,2
MARA,2026-06-01,544065,24834,24
HOOD,2026-06-01,1269140,716598,27
AMAT,2026-06-06,1542804,0,7
MCD,2026-06-03,132275,0,1
GEO,2026-05-29,0,0,1
FTAI,2026-05-29,0,0,1
ABVX,2026-06-06,27000,45000,2
ELF,2026-05-30,12950,0,2
SMCI,2026-06-06,248964,762690,47
GEO,2026-06-11,734736,0,9
USD,2026-06-08,0,0,1
XLY,2026-06-01,0,22275,3
TAN,2026-06-01,0,0,1
SEDG,2026-05-30,71650,24256,11
TLRY,2026-06-05,67550,30500,8
GL,2026-05-19,0,0,1
AEHR,2026-06-12,15240,0,3
NVT,2026-06-02,974671,0,10
BLDR,2026-06-04,0,54360,1
UTHR,2026-05-19,0,0,1
VFC,2026-05-29,0,91650,1
KHC,2026-06-05,367475,0,4
ARKK,2026-05-30,179288,0,11
UNFI,2026-06-11,32340,0,1
XME,2026-06-12,52650,0,1
WRD,2026-06-06,0,0,1
ROKU,2026-05-30,152715,0,7
WM,2026-06-03,0,0,2
HIMS,2026-06-05,247823,58808,28
WEAT,2026-06-09,11450,0,1
TEM,2026-06-10,181469,11767,23
IEF,2026-05-29,0,128934,3
MLM,2026-05-29,14250,0,1
EFX,2026-06-12,158400,0,1
COMP,2026-06-06,0,0,1
FLNC,2026-06-08,228150,0,1
CZR,2026-06-04,0,0,1
POET,2026-06-01,2234095,121728,36
META,2026-06-01,4762040,1387187,57
SYF,2026-05-29,119547,0,2
MSFU,2026-06-12,0,0,1
POWI,2026-06-04,10968,0,1
ET,2026-06-04,0,0,1
EPAM,2026-06-10,0,0,1
EFOR,2026-06-08,0,0,1
JBL,2026-05-19,303780,0,2
CRWD,2026-06-10,109511,991703,23
AMBA,2026-06-03,59685,0,4
SHW,2026-05-29,229969,0,12
PSKY,2026-06-10,0,0,3
EC,2026-06-04,90000,0,1
POWL,2026-06-06,0,0,2
STT,2026-05-29,0,0,1
ARKG,2026-06-12,0,57850,3
HUMA,2026-06-05,15000,0,1
MATX,2026-06-10,0,0,1
PPTA,2026-06-12,0,0,2
ALNY,2026-06-06,19110,0,1
ASML,2026-06-04,322880,1409080,6
MAR,2026-06-02,118260,138606,2
SCCO,2026-06-08,0,0,1
PUMP,2026-06-09,0,15527,1
HRI,2026-06-10,32250,0,4
YSS,2026-06-04,10220,0,3
NFLX,2026-06-12,174563,431210,17
SPCE,2026-06-06,333069,0,6
SDOW,2026-06-12,29315,0,1
MELI,2026-06-09,423010,195370,6
FIG,2026-06-08,47215,0,3
FIGR,2026-06-04,215940,0,2
GRAB,2026-06-02,55076,0,3
GUSH,2026-06-01,62196,0,1
MPC,2026-06-09,239760,0,1
LLY,2026-06-09,814386,1311841,10
IEF,2026-06-11,0,106234,7
CBOE,2026-06-09,29640,0,2
PENG,2026-06-06,25440,77825,16
EWY,2026-06-09,9150071,961565,59
TAN,2026-06-05,0,197040,1
MCK,2026-06-11,0,0,1
ETSY,2026-06-09,111910,0,3
NVTS,2026-05-30,51625,0,4
JOBY,2026-06-01,10538,0,1
DGXX,2026-05-19,49220,0,3
PLTR,2026-06-01,6703830,1445909,96
LRCX,2026-06-03,1480377,1511270,45
CRDO,2026-06-08,1123643,154385,28
NUGT,2026-06-04,0,0,1
PRGO,2026-06-08,12343,0,1
CM,2026-06-12,0,337500,1
PD,2026-05-30,0,0,1
HNGE,2026-06-12,252956,0,4
BILI,2026-06-03,17519,0,2
CRML,2026-06-01,44170,0,2
LABU,2026-06-12,0,0,2
ASND,2026-06-09,0,114260,2
EXK,2026-06-06,49045,0,2
CVS,2026-06-01,0,0,1
BA,2026-06-09,260844,55480,4
BITX,2026-06-10,0,0,2
VIRT,2026-06-10,0,0,1
TECL,2026-06-02,717668,19412,7
JBHT,2026-05-30,100499,0,1
AVT,2026-06-02,36491,0,5
CNC,2026-05-29,35770,14674,7
LION,2026-06-04,0,20150,1
RDW,2026-05-30,217509,14490,12
FXI,2026-06-09,0,0,1
NUGT,2026-06-09,75649,0,2
LAC,2026-05-30,0,0,1
QUBT,2026-06-03,355581,0,17
ABVX,2026-06-04,576416,157420,36
TGT,2026-06-10,155946,306839,7
AMPG,2026-06-03,12375,0,3
TMHC,2026-05-19,28906,0,2
CRML,2026-06-02,93125,0,3
SOXL,2026-06-05,1200659,1831884,203
ICLR,2026-06-03,0,124020,1
AEM,2026-06-11,0,296370,3
SMCI,2026-06-11,2273203,2001544,222
APTV,2026-06-08,149455,0,8
ETOR,2026-06-04,0,105142,1
JBLU,2026-06-12,0,34458,12
DKNG,2026-06-05,66869,0,8
SLB,2026-05-30,0,0,1
PAVE,2026-06-01,63089,0,3
HIVE,2026-05-30,167743,0,10
IMSR,2026-06-02,77042,0,6
RGTI,2026-06-02,888310,96018,71
UPRO,2026-06-09,68000,0,2
CRSP,2026-05-29,45000,0,1
USO,2026-05-30,161626,997447,31
PCT,2026-06-02,0,11542,2
GNRC,2026-06-05,282500,0,1
SQM,2026-06-12,0,0,1
FROG,2026-06-10,0,0,1
DVN,2026-06-03,101663,49800,20
NN,2026-06-05,343962,0,12
AAOX,2026-06-01,48545,0,1
HBM,2026-06-09,0,0,1
CAMT,2026-06-02,350000,0,1
XRT,2026-06-05,0,31607,2
SOYB,2026-06-05,11693,0,1
PURR,2026-06-05,38914,453630,25
QGEN,2026-06-04,28261,0,1
VSAT,2026-06-12,279021,0,3
MOH,2026-05-29,116250,0,2
NOK,2026-06-06,1220370,70488,34
INDA,2026-06-05,0,102375,6
SGI,2026-05-30,0,0,3
ADI,2026-06-02,451720,107800,5
PAYX,2026-05-29,0,0,4
USB,2026-06-09,65637,0,1
BMNR,2026-06-09,235048,338145,20
CPB,2026-06-06,28214,0,2
AXP,2026-06-04,0,185045,7
AXP,2026-05-30,153495,0,4
SNXX,2026-06-02,0,0,1
HD,2026-06-05,177300,123908,2
SPCE,2026-06-11,575184,33994,34
NXPI,2026-06-02,0,356440,6
HYG,2026-06-09,0,69348,5
REAL,2026-06-10,0,0,1
KNX,2026-06-09,50398,0,2
PONY,2026-06-10,11699,0,2
ALV,2026-06-10,0,67710,3
SHOO,2026-05-30,57155,0,1
YINN,2026-06-12,0,0,2
OMER,2026-05-29,0,0,2
SMR,2026-06-01,200488,0,16
AMD,2026-06-02,15412175,1637202,72
MAGS,2026-06-05,0,0,1
MKTX,2026-05-19,10600,0,1
ROKU,2026-06-03,0,10720,4
CPRI,2026-06-11,0,0,1
GM,2026-06-06,336330,0,5
BEN,2026-06-03,0,0,1
BRKR,2026-06-03,109592,0,2
AAPL,2026-06-10,2097254,5198828,55
TE,2026-06-06,165600,0,12
VST,2026-06-12,35561,110204,17
KGC,2026-06-06,0,0,2
VIST,2026-05-29,0,0,1
XXRP,2026-06-03,14399,0,1
BE,2026-06-03,152160,136775,16
TLRY,2026-06-10,0,0,1
KORU,2026-06-03,185250,0,4
MAT,2026-06-11,0,15788,1
TSM,2026-06-12,4292839,2129165,26
SRPT,2026-06-03,0,0,1
TT,2026-06-08,263200,0,2
WELL,2026-05-30,0,411100,2
VSH,2026-06-11,11573,40000,7
CNC,2026-06-03,24719,173950,6
BKH,2026-06-10,0,0,1
STRL,2026-06-05,0,0,2
RUTW,2026-06-12,687908,0,3
DGXX,2026-06-01,10403,0,1
APH,2026-05-30,0,0,1
DPZ,2026-06-09,329058,0,3
GEV,2026-06-03,590400,396160,4
SPRY,2026-05-29,158400,0,3
TAN,2026-06-12,52700,0,2
BMNR,2026-06-03,667988,116643,29
BBY,2026-06-09,129581,0,3
UPWK,2026-06-06,0,0,1
ERIC,2026-06-01,0,0,2
AMGN,2026-06-02,0,0,2
ABAT,2026-06-09,0,0,1
OKLO,2026-06-05,804155,348245,66
RGEN,2026-06-05,294580,0,2
CECO,2026-06-12,0,0,1
ARKK,2026-06-05,191200,62175,12
YETI,2026-06-04,24720,0,2
XNDU,2026-05-29,42697,0,1
BE,2026-06-05,1318462,533320,35
EL,2026-06-02,327450,0,2
BURL,2026-06-03,0,28401,4
ARM,2026-06-06,406580,2413203,35
BSOL,2026-06-05,18866,0,1
CRSR,2026-06-10,0,0,2
LYB,2026-06-05,0,0,1
TMF,2026-05-30,0,0,1
SNDR,2026-06-09,58698,0,2
SNAP,2026-06-06,0,15500,2
KTOS,2026-06-04,203074,0,9
AA,2026-06-05,10070,143657,4
AEM,2026-06-08,0,55090,2
CPER,2026-06-11,0,0,1
DXCM,2026-06-12,0,12320,2
LSCC,2026-05-29,115770,0,1
AKAM,2026-06-11,0,0,2
CRCG,2026-06-05,0,0,2
PLTR,2026-06-10,1899002,1984554,51
BRKB,2026-06-03,107250,0,2
LCID,2026-06-10,10500,0,2
PAYX,2026-06-08,19250,0,3
SYM,2026-06-02,135584,0,5
HLT,2026-06-09,0,0,1
WDC,2026-06-12,1917820,258070,27
SHAK,2026-06-01,13970,0,3
NTRA,2026-06-10,0,0,1
INTC,2026-06-01,17274808,0,35
LVS,2026-05-29,57720,0,1
AIP,2026-06-06,0,0,1
DKS,2026-06-02,0,346622,3
BIDU,2026-06-11,0,206966,11
BBIO,2026-05-19,124000,0,1
ELVA,2026-06-03,0,0,1
MTUM,2026-06-12,53670,20171,5
CAG,2026-06-02,10540,0,3
RCL,2026-06-05,183330,338001,2
GOOGL,2026-05-30,482880,141413,15
DE,2026-06-06,0,66820,2
CAG,2026-06-12,90120,0,2
MPC,2026-06-01,52110,0,1
KWEB,2026-06-11,135182,0,18
PNC,2026-06-10,308715,91800,4
SUPN,2026-06-09,0,174640,4
WMT,2026-06-10,133380,924548,4
AROC,2026-05-19,0,19944,1
SW,2026-06-05,0,0,1
DOCN,2026-06-10,1100943,3206487,29
GOOG,2026-06-04,1318282,2837995,51
RH,2026-06-01,0,563160,1
CRWV,2026-06-01,16119034,4465583,269
NAIL,2026-06-03,0,0,2
TSCO,2026-06-01,0,0,1
ELF,2026-06-05,0,0,3
FVRR,2026-06-11,0,0,1
CYTK,2026-06-03,33000,0,1
NIO,2026-06-08,73802,0,4
SPMO,2026-06-02,19000,0,1
NU,2026-05-29,0,0,5
NUE,2026-06-03,0,0,1
ENS,2026-06-12,0,10323,2
MLYS,2026-06-11,192607,0,3
ERX,2026-05-29,19000,0,1
FCEL,2026-06-08,318832,153951,6
ANET,2026-06-06,0,0,1
CASY,2026-06-11,545697,0,4
INTC,2026-06-03,5525158,2752043,64
AI,2026-06-11,12967,89188,6
MU,2026-06-03,37488191,12581105,181
ATOM,2026-06-04,0,0,1
TOST,2026-06-04,0,0,3
TFC,2026-06-09,309590,0,4
PLUG,2026-06-01,32452,0,2
CTSH,2026-06-05,0,0,1
JBL,2026-06-01,0,0,3
HIMX,2026-06-12,95760,0,4
HUBS,2026-06-03,112824,12600,4
IHI,2026-06-05,15400,20400,3
BULL,2026-05-29,41658,0,2
ALGM,2026-06-09,0,0,1
BSOL,2026-05-19,0,79933,1
AZN,2026-06-06,157080,0,1
EQT,2026-06-06,269926,32899,5
CE,2026-06-02,0,44160,1
GRPN,2026-06-02,0,46800,3
HUBS,2026-06-11,0,71160,3
DOCN,2026-06-06,29120,0,5
SFM,2026-06-08,153980,0,1
DECK,2026-06-09,82560,0,3
EQT,2026-06-03,32340,57195,8
LYFT,2026-06-09,423408,0,5
CEVA,2026-06-01,0,0,1
MTSI,2026-06-12,25000,50800,3
GPRK,2026-05-19,44050,0,3
GLWG,2026-06-03,0,0,1
ASST,2026-06-01,0,0,1
HPE,2026-05-29,894575,647530,31
JOBY,2026-06-02,217313,72680,9
PAAS,2026-06-04,35960,0,6
DRAM,2026-06-02,3708983,115853,58
GILD,2026-05-30,0,79980,1
PEP,2026-06-10,390165,64440,3
JBLU,2026-06-08,0,385000,1
ONDS,2026-06-03,524728,118724,42
VSXY,2026-06-04,187600,0,1
NAVN,2026-06-11,0,0,3
PLUG,2026-05-30,51173,0,5
GNRC,2026-06-02,61500,0,6
IBRX,2026-05-30,0,0,2
TEVA,2026-05-30,141204,0,2
CVI,2026-06-10,0,125300,2
CAVA,2026-06-12,136508,0,8
NEE,2026-06-06,50000,0,1
ULTA,2026-05-19,0,0,1
GTLB,2026-06-02,987734,18451,42
OUST,2026-06-05,0,0,1
MRLN,2026-06-10,56825,0,1
MSOS,2026-06-11,0,0,1
ERO,2026-06-09,0,0,2
CTAS,2026-06-06,90000,0,1
EGO,2026-06-10,0,0,1
KGS,2026-06-05,292500,0,1
XLK,2026-06-01,0,430721,6
TSM,2026-06-11,2678261,2596935,32
ORCX,2026-06-06,0,0,1
TT,2026-06-11,0,0,1
ON,2026-06-10,1122510,109862,47
EOG,2026-06-11,0,70550,2
WOLF,2026-06-09,86725,0,7
XIFR,2026-06-02,0,0,1
KEEL,2026-06-02,436772,0,20
NVAX,2026-05-29,11544,0,1
ARWR,2026-06-12,433940,0,2
SPX,2026-06-12,176967995,1187900,72
CFG,2026-06-04,0,432250,1
LMND,2026-06-12,389592,0,5
ACHV,2026-06-10,0,0,1
BMNU,2026-06-02,0,14000,1
HCC,2026-06-04,0,0,1
UCO,2026-06-04,0,0,1
DLTR,2026-06-04,250355,13986,5
HAE,2026-06-09,18120,0,2
CMG,2026-06-01,0,700000,4
CHDN,2026-06-03,10850,0,1
GDS,2026-06-10,260288,0,6
NUE,2026-05-29,170240,0,1
RKT,2026-06-04,396157,0,8
AIP,2026-05-19,0,39750,2
INTC,2026-06-02,10290383,2981212,67
BIOA,2026-06-05,19740,0,1
XLI,2026-06-04,18826,98458,12
APA,2026-06-08,48319,0,2
PBR,2026-06-10,914571,0,5
SIDU,2026-06-03,14560,0,2
TCOM,2026-06-05,0,0,1
CSIQ,2026-06-11,0,24506,1
SAP,2026-06-09,56081,0,2
FRVO,2026-06-04,0,0,1
RIVN,2026-06-10,540701,72529,29
URA,2026-06-04,0,0,1
VELO,2026-06-03,0,0,2
ASTS,2026-06-03,2173362,382053,112
BLDP,2026-06-09,54743,0,10
VST,2026-06-05,0,202880,2
DDOG,2026-06-11,220410,74730,6
PINS,2026-05-30,0,64367,3
ONON,2026-06-12,0,0,2
SOXL,2026-06-03,1687024,1716340,87
AEHR,2026-06-03,10521,30600,4
COO,2026-06-06,0,27024,3
WH,2026-05-30,116938,0,7
QS,2026-06-10,0,53436,4
NKE,2026-06-05,50575,216769,4
STM,2026-06-11,917270,0,9
STX,2026-06-04,91540,305303,7
ASTX,2026-05-29,0,25300,1
CRSR,2026-05-29,26694,1117795,20
AGQ,2026-06-04,0,15750,1
OKLO,2026-06-12,273804,22800,21
QID,2026-06-10,100000,0,1
SNDK,2026-06-08,1824800,345815,16
A,2026-06-11,0,0,1
TRV,2026-06-09,0,0,1
GDDY,2026-06-10,0,0,1
HYMC,2026-06-08,19830,0,1
UWMC,2026-06-02,0,12210,1
STRL,2026-06-04,0,0,1
XPEV,2026-06-11,460000,11084,3
MKC,2026-06-09,0,64320,2
FEZ,2026-06-05,0,0,1
SE,2026-05-30,84953,428821,2
BWA,2026-06-06,50930,0,2
AVGO,2026-06-02,19667977,9614005,72
IFRX,2026-05-19,0,0,1
RDDT,2026-05-30,374114,95275,21
EWG,2026-06-03,0,0,2
WGS,2026-06-11,19950,0,1
SPY,2026-06-10,48503012,90037454,921
SAP,2026-06-02,400028,0,5
BB,2026-06-04,671375,125722,29
OUST,2026-06-09,77125,22800,14
URI,2026-06-03,0,123900,2
KSS,2026-06-03,25551,0,5
CSCO,2026-05-30,1536719,0,6
BIDU,2026-06-01,516650,145895,9
MEOH,2026-06-09,0,0,1
PFE,2026-06-05,52000,68952,4
AXP,2026-06-11,70560,0,4
CPNG,2026-06-06,16905,0,2
LVS,2026-06-12,0,37350,2
CRDU,2026-06-02,0,0,1
RCAT,2026-06-02,62400,0,5
YELP,2026-06-05,259246,0,6
EOG,2026-06-12,0,63216,2
XXRP,2026-06-09,15840,0,1
GWW,2026-06-05,311300,0,2
MUU,2026-06-10,0,0,1
NEXT,2026-06-01,13950,0,2
SEI,2026-06-10,0,0,1
MPWR,2026-05-19,0,91990,1
PM,2026-06-05,207246,142550,3
WDC,2026-06-06,317870,236825,9
JNUG,2026-06-11,38250,0,2
STLA,2026-06-03,0,14900,1
GWRE,2026-06-02,25952,0,1
XYZ,2026-06-02,51843,213441,18
MRK,2026-06-12,0,0,3
ERO,2026-06-01,40200,0,2
CF,2026-06-06,0,204600,3
UBER,2026-06-08,1157825,0,8
MRNA,2026-06-12,46469,69872,12
SRE,2026-05-19,0,92220,1
PKE,2026-05-29,50635,0,2
TLN,2026-06-10,33950,0,4
MRAM,2026-06-09,22260,17220,3
APLD,2026-06-10,182556,215530,23
TTWO,2026-06-06,121600,0,4
FCX,2026-06-02,2356550,348582,28
NEM,2026-06-08,0,0,1
TT,2026-06-04,0,171993,1
KEEL,2026-06-08,226514,24948,8
FIVN,2026-06-05,0,21172,5
BNTX,2026-06-09,0,0,1
EWZ,2026-06-02,309803,18018,9
COF,2026-05-29,0,0,1
VRSN,2026-06-05,27680,0,1
FLS,2026-06-10,28650,0,1
CAVA,2026-06-05,0,0,6
NUAI,2026-06-02,325618,0,16
CG,2026-06-03,0,0,2
RGTI,2026-06-05,1052253,136449,63
LYB,2026-06-12,0,0,1
KBR,2026-06-05,22499,0,1
RYTM,2026-06-09,38040,0,3
SIL,2026-06-10,10700,0,3
AU,2026-06-08,0,0,1
CNTA,2026-06-05,0,0,2
BTG,2026-05-19,17100,0,1
SG,2026-06-09,59831,0,3
STLD,2026-06-09,299518,0,2
GAP,2026-05-29,77700,348763,10
BNY,2026-06-11,183564,0,4
WSM,2026-05-29,0,0,1
MAR,2026-06-10,0,107920,3
GRPN,2026-06-11,0,0,1
OWL,2026-05-29,31498,0,2
NFLX,2026-06-10,645204,417685,16
PRU,2026-06-11,0,0,1
HLIT,2026-06-02,11599,0,4
COIN,2026-05-30,2164465,3344782,77
MRK,2026-06-10,0,0,3
GLD,2026-06-06,728170,1605141,95
ELF,2026-06-11,117579,10500,8
AMKR,2026-06-11,47000,11880,7
OBE,2026-06-08,13500,0,1
TSLL,2026-06-02,48273,39896,10
AIQ,2026-06-11,0,11000,1
SBSW,2026-06-08,48449,0,1
BKSY,2026-06-01,41398,54000,2
DELL,2026-06-12,2373832,512251,27
ALMU,2026-06-02,0,0,1
QURE,2026-06-05,31500,11340,9
USAS,2026-05-19,0,0,1
LECO,2026-06-03,136659,0,3
LWLG,2026-06-06,27000,0,4
METU,2026-06-03,0,0,1
SNAP,2026-06-09,59538,10000,8
AVGO,2026-06-09,1954453,1798269,32
PUSA,2026-06-06,0,0,1
RRX,2026-05-30,0,40320,1
YCL,2026-05-29,30000,0,3
TMC,2026-06-03,111420,0,2
DLTR,2026-06-05,0,33215,1
VRT,2026-06-12,3168115,371420,8
RSP,2026-06-11,0,0,1
CRWD,2026-06-12,1289322,59470,15
NFG,2026-06-11,0,0,2
USO,2026-06-09,331995,145418,28
WMB,2026-06-09,0,952000,1
SQQQ,2026-06-06,908774,163680,57
MUU,2026-05-30,0,0,2
GH,2026-06-03,24000,0,7
ADBE,2026-06-09,1044867,404815,25
RIVN,2026-06-06,36152,20085,18
HAS,2026-05-30,0,0,1
OKLO,2026-06-03,2014868,622378,188
BKSY,2026-06-09,30000,0,1
QCOM,2026-06-02,6613874,416918,51
AMZN,2026-06-04,8142887,4226489,59
FSLY,2026-06-08,0,70400,3
AAPL,2026-06-09,12063331,5202846,142
STX,2026-06-08,5815218,289321,13
MTUM,2026-06-04,0,51760,12
SPOT,2026-06-04,0,1476003,10
NKE,2026-05-30,0,0,3
ARRY,2026-05-30,0,0,2
CORZ,2026-06-03,795709,11280,37
ORBS,2026-06-02,394388,0,17
RDDT,2026-06-04,2394774,242573,92
VWO,2026-06-05,0,78660,1
BLK,2026-06-11,0,0,3
PCVX,2026-06-09,0,26670,1
JETS,2026-06-12,0,0,1
ASPI,2026-06-03,11590,0,2
ENVX,2026-06-02,127812,0,3
VECO,2026-06-09,143147,0,3
CHGG,2026-05-30,0,0,1
EL,2026-05-19,10500,0,3
BIIB,2026-06-09,0,0,1
MCD,2026-06-12,128734,0,1
DXCM,2026-06-04,0,67080,4
ROKU,2026-06-06,13750,43145,6
JD,2026-06-10,0,0,3
UMAC,2026-06-02,87597,0,7
FRMI,2026-06-06,426293,0,4
VRSN,2026-06-11,44160,0,1
DASH,2026-06-02,81755,0,1
ALB,2026-06-09,75975,193850,11
TDG,2026-06-02,545920,0,3
CVNA,2026-06-04,1505597,197922,32
UWMC,2026-06-04,0,0,1
TDS,2026-05-29,0,0,1
SBET,2026-06-08,0,39013,3
WFC,2026-06-03,255258,796505,8
TTD,2026-06-06,75760,21450,14
DOCU,2026-06-09,73060,137035,10
HALO,2026-06-03,0,0,1
SVIX,2026-06-03,0,0,1
RYTM,2026-06-10,82590,0,1
SERV,2026-06-09,140053,0,8
AAP,2026-06-09,0,0,4
BAX,2026-06-05,39117,0,1
VG,2026-06-03,43424,20580,4
VG,2026-06-04,119105,13230,9
CAKE,2026-06-03,0,0,1
CRS,2026-06-03,19531,72770,3
MUU,2026-06-04,1650950,0,1
UAL,2026-06-11,485920,45907,18
DHR,2026-06-04,63380,0,2
CELH,2026-06-03,0,63936,2
FCEL,2026-06-09,384112,0,9
IGV,2026-06-09,237579,457887,74
RF,2026-06-12,0,0,1
CHYM,2026-06-02,18471,0,1
VISN,2026-05-19,30900,0,2
ODD,2026-06-01,51608,0,2
MGM,2026-06-11,0,0,1
FIVE,2026-06-01,34999,0,1
ATI,2026-06-12,38059,0,5
XOVR,2026-05-30,0,21001,1
EC,2026-06-01,70200,0,2
FUTU,2026-06-11,0,10500,2
RCAT,2026-06-09,51332,0,6
NXE,2026-06-06,0,0,5
XOVR,2026-06-05,188543,0,5
TMUS,2026-06-11,56500,173470,4
EQX,2026-06-09,359940,0,1
LOGI,2026-06-03,0,10290,5
SNDK,2026-05-30,1752159,1669789,43
LAC,2026-06-03,32586,0,4
GE,2026-06-04,0,61133,2
GH,2026-06-05,27740,0,1
TOST,2026-06-03,42713,0,3
QXO,2026-06-03,0,0,1
IEF,2026-06-06,87680,0,3
IEF,2026-06-05,0,0,1
DVN,2026-06-02,2611587,119933,43
DUOT,2026-05-30,16640,0,1
XOP,2026-06-11,58300,235391,10
TDG,2026-06-04,384360,0,2
CVNA,2026-06-01,298468,70000,4
CAR,2026-06-10,35830,19517,3
SERV,2026-06-12,348975,0,4
UNIT,2026-06-11,0,0,1
ADM,2026-06-01,89291,0,3
LPTH,2026-06-11,24540,0,1
DVN,2026-06-09,22754,12800,6
CMG,2026-06-12,146648,0,7
CAH,2026-06-06,41760,0,1
URI,2026-06-06,51809,85040,6
CPSH,2026-06-12,53109,0,3
COIN,2026-06-10,1052165,1020379,75
NVTS,2026-06-06,187410,11860,14
EWZ,2026-06-11,109730,226568,16
KMB,2026-06-06,0,23760,1
HLIT,2026-05-29,93306,0,6
JOBY,2026-06-10,0,67363,3
HUBS,2026-06-09,0,0,3
SNDK,2026-06-10,1085970,7374628,59
LCID,2026-06-08,0,0,1
OMER,2026-06-11,0,0,1
ELF,2026-06-12,0,0,3
PENG,2026-06-11,109200,43050,5
HCA,2026-06-06,0,364066,2
PDD,2026-06-03,820905,0,7
NXT,2026-06-02,0,0,1
Q,2026-06-10,108720,0,4
RRX,2026-06-05,0,0,1
ONTO,2026-06-12,0,0,1
GLBE,2026-06-01,49995,0,2
RKLX,2026-06-01,0,14550,1
RIOT,2026-06-12,773138,103748,39
KMB,2026-06-09,0,0,1
BMEA,2026-06-04,19894,0,1
HUBS,2026-06-02,30918,31490,8
OKLL,2026-06-04,0,0,1
METC,2026-06-02,73780,0,5
APH,2026-06-03,380140,0,3
CRML,2026-06-04,14040,0,5
ARM,2026-05-30,1700699,391188,31
CVX,2026-06-08,0,944615,6
NVDA,2026-06-08,23584494,2515751,65
FUBO,2026-06-09,0,0,1
LOW,2026-06-11,132000,0,3
NTNX,2026-06-01,17280,0,1
DHI,2026-06-11,0,0,1
RSP,2026-06-06,0,388365,2
DAVE,2026-06-11,184970,0,2
VRT,2026-06-08,140895,327690,8
HPE,2026-06-12,1646035,243323,6
MRLN,2026-06-03,78375,0,4
SO,2026-06-02,0,0,1
BWXT,2026-06-09,85440,0,3
HIMX,2026-06-09,227574,126126,4
VKTX,2026-06-02,24750,0,1
CLX,2026-06-11,39080,17424,5
SPXL,2026-06-12,0,33460,5
CPNG,2026-06-10,356266,0,14
PPC,2026-06-08,15000,0,1
UCO,2026-06-11,14400,0,2
TDC,2026-06-02,0,0,1
KBR,2026-06-12,14998,0,1
SPX,2026-05-30,12839205,9631220,45
KSS,2026-06-05,0,0,1
IBM,2026-06-05,5556818,2080158,42
IBKR,2026-06-05,10740,139735,4
M,2026-06-05,0,0,7
CVNA,2026-06-08,39548,154512,8
TTD,2026-05-30,153422,0,10
VECO,2026-06-11,0,0,1
ABT,2026-06-10,0,61930,1
PVH,2026-06-05,0,12000,1
PHG,2026-06-04,10935,0,1
ENVX,2026-06-01,27120,0,1
PLTR,2026-06-08,2238664,159515,31
WEAT,2026-06-12,0,0,2
SE,2026-06-05,143194,153400,3
CTRE,2026-06-08,0,0,2
CGON,2026-06-12,56510,0,3
TFII,2026-05-19,299997,0,3
ROL,2026-06-11,0,0,1
BKSY,2026-06-04,0,0,2
PCOR,2026-06-02,0,0,4
GILD,2026-05-19,0,0,1
GSL,2026-06-09,0,0,1
FJET,2026-05-19,0,0,1
DBA,2026-06-10,0,0,1
RBRK,2026-05-19,49770,0,8
TGT,2026-06-01,231240,0,1
NTGR,2026-06-03,61000,0,3
WM,2026-06-06,258679,0,2
TPL,2026-06-04,80198,0,2
CVX,2026-06-06,59570,0,1
MBLY,2026-06-06,0,0,1
IAG,2026-06-09,314600,0,3
POWL,2026-06-02,150870,0,3
CBRL,2026-06-10,170068,0,4
RACE,2026-05-30,0,104480,2
GFI,2026-06-09,0,0,1
ZYME,2026-06-10,0,0,1
MSFT,2026-06-03,7325873,2255214,88
BA,2026-06-03,190965,633986,13
S,2026-06-01,304290,0,5
SNXX,2026-06-06,0,29151,5
SNAP,2026-06-10,0,0,2
POWL,2026-06-12,0,17000,1
XOM,2026-06-09,156180,904145,7
OTLK,2026-05-29,14874,0,1
FCX,2026-06-11,146289,520590,7
ESTC,2026-06-03,14260,0,1
DJT,2026-06-02,66945,0,5
TSCO,2026-06-09,168825,16078,4
OIH,2026-06-08,59400,0,4
ORCL,2026-06-03,6122640,3523676,102
U,2026-06-12,0,0,4
XOP,2026-06-09,50850,226617,3
GLOB,2026-06-12,0,0,1
BMBL,2026-06-01,17702,58890,5
DDOG,2026-06-08,12012749,479420,29
CIB,2026-06-01,107460,0,3
PLNT,2026-06-09,0,0,1
ALV,2026-06-03,44770,0,1
FSLY,2026-06-01,193049,0,6
TGT,2026-06-09,50160,218005,4
LASE,2026-06-06,14625,0,1
EXE,2026-06-06,392130,0,3
NFG,2026-05-29,0,0,2
CAT,2026-06-05,69696,161580,12
CE,2026-06-01,0,0,1
QCOM,2026-06-11,480300,324600,18
LFVN,2026-06-09,11440,0,1
DASH,2026-06-06,227820,0,3
DAR,2026-06-02,0,0,1
PGR,2026-06-09,102240,0,1
DELL,2026-06-09,2116513,539775,43
CAL,2026-06-08,0,0,3
BOOT,2026-06-03,0,51850,1
CCOI,2026-06-08,58520,0,1
MNKD,2026-06-02,0,0,1
TLT,2026-06-03,842158,701597,73
PALL,2026-05-29,12485,0,2
BABA,2026-06-09,1263172,897956,73
IBIT,2026-06-06,897683,886809,40
SEDG,2026-06-12,25710,22500,7
ODFL,2026-06-05,0,78840,2
FORM,2026-06-12,661400,0,4
WFC,2026-06-11,56525,0,5
FLR,2026-06-12,31044,0,1
NET,2026-06-12,139702,404713,3
BWA,2026-05-30,0,0,1
NOVT,2026-05-29,27628,0,1
ETSY,2026-06-06,73885,0,2
MAGS,2026-06-06,0,0,1
ABBV,2026-06-05,0,0,1
FUTU,2026-06-09,12616,0,4
ACMR,2026-06-06,0,0,1
TSLA,2026-06-02,25426724,9022461,205
KOPN,2026-06-03,75932,63750,9
LULU,2026-06-02,194166,221627,22
HIMX,2026-06-06,10650,0,3
DPZ,2026-05-29,0,0,1
HUT,2026-06-08,0,0,2
BDX,2026-06-12,60986,0,1
XOM,2026-06-04,100350,1200494,8
ON,2026-06-03,260343,13597,4
F,2026-06-06,53000,100192,3
NVO,2026-06-10,754594,33465,23
PBR,2026-06-02,0,0,1
CNC,2026-06-10,135252,654051,10
TNA,2026-06-09,199245,10736,7
HUM,2026-06-01,253140,0,5
IMSR,2026-05-30,252953,0,9
GTM,2026-06-03,49278,0,3
UPST,2026-06-12,137590,45786,9
CUZ,2026-06-09,53000,0,3
REPL,2026-05-29,64502,38244,4
EEM,2026-05-19,0,92391,4
MOS,2026-06-10,0,0,1
HUM,2026-05-30,25600,79592,5
IAU,2026-06-06,209790,0,1
TMO,2026-06-10,73000,0,3
ALC,2026-05-29,11220,11925,2
HRL,2026-06-03,0,0,1
VG,2026-06-05,65000,0,5
ACHR,2026-06-09,35200,262930,5
OSCR,2026-06-10,721095,0,23
Q,2026-06-06,226470,10440,7
VGT,2026-05-29,94554,0,1
PAYX,2026-06-02,0,22080,1
BAC,2026-06-01,0,0,2
AKAM,2026-06-06,17940,0,5
TGB,2026-06-11,250000,0,1
TSEM,2026-06-02,56940,17580,8
BMRN,2026-06-12,16400,0,2
SOUN,2026-06-09,204368,0,8
ONTO,2026-06-03,0,0,3
QTUM,2026-06-12,10800,0,1
DPZ,2026-06-04,0,0,1
CLF,2026-05-30,97040,0,11
RIO,2026-06-06,0,0,2
HXL,2026-06-04,114540,0,1
SNDU,2026-06-02,0,17456,1
FANG,2026-06-12,152277,0,1
SITM,2026-06-08,36035,760900,6
GWRE,2026-06-01,18890,0,1
FN,2026-06-03,1090000,200969,3
GGLL,2026-06-08,0,240000,1
GTX,2026-06-03,0,0,1
PCT,2026-06-01,0,0,1
SPXS,2026-06-12,26048,0,3
COO,2026-06-05,20896,0,2
CHTR,2026-06-11,108740,849893,7
MCK,2026-05-29,0,0,1
A,2026-06-01,0,36480,2
QDEL,2026-05-30,0,0,1
SOXS,2026-06-11,726453,0,44
BMNU,2026-05-29,12000,0,1
HBM,2026-06-02,218400,0,9
WMB,2026-06-03,585839,70012,11
PCG,2026-06-02,167120,0,5
TER,2026-06-05,670680,0,2
OSS,2026-06-05,0,0,1
CRL,2026-06-09,0,0,2
HSAI,2026-06-03,0,0,3
TSLL,2026-05-30,112073,0,3
FLY,2026-06-06,0,0,4
ACN,2026-06-01,775680,94630,6
NEM,2026-05-30,0,0,2
BTU,2026-06-04,126028,20184,7
CRSR,2026-06-05,20000,22460,4
GBTC,2026-06-03,10545,148200,2
MKSI,2026-06-08,11082,0,1
FMC,2026-06-04,0,12150,1
VEEV,2026-06-02,66559,99020,8
CRWV,2026-06-02,3761454,666639,169
JETS,2026-05-29,25200,37430,4
CXW,2026-06-09,0,0,1
SERV,2026-06-04,221765,28535,11
AEVA,2026-05-29,195217,0,3
TXT,2026-05-19,1485000,0,1
BILI,2026-06-05,0,36750,2
CELH,2026-06-09,48481,0,6
DT,2026-06-02,94123,169680,13
CROX,2026-06-12,0,715069,4
LAZ,2026-06-12,0,0,1
RUN,2026-06-01,0,0,1
ESLT,2026-06-12,10199,0,2
IREN,2026-06-10,1924036,1247728,118
MIAX,2026-06-11,0,135040,1
C,2026-06-01,267910,0,4
CRS,2026-06-12,0,0,3
BWA,2026-06-02,282294,0,9
BAC,2026-05-30,55000,0,2
TPR,2026-06-08,29760,0,1
INSM,2026-06-04,16800,0,1
VXX,2026-06-03,0,0,1
MBI,2026-06-08,0,0,2
BULL,2026-06-04,60600,0,6
GEV,2026-06-12,65760,674952,9
BULL,2026-06-05,10854,0,4
VIXY,2026-06-10,27399,0,4
SGML,2026-06-12,21895,0,2
FRO,2026-06-12,0,0,1
EMBJ,2026-06-05,0,0,1
PSKY,2026-05-30,0,0,1
STT,2026-06-10,27960,0,2
IBB,2026-06-03,32250,0,3
FXC,2026-06-05,0,0,1
VOYG,2026-06-01,278749,0,2
LVS,2026-06-06,14228,52318,3
CRML,2026-05-30,0,23750,2
DELL,2026-06-03,4584125,1511640,48
VZLA,2026-06-06,10000,0,1
FLUT,2026-06-08,54780,24150,7
HYLN,2026-06-08,42872,0,2
BTG,2026-06-12,11214,0,1
TOL,2026-06-05,0,0,1
CVCO,2026-06-06,50300,0,5
SATL,2026-06-09,0,0,2
ICLN,2026-06-06,0,0,1
DAL,2026-06-03,0,130242,1
MUR,2026-06-06,16190,0,1
XEL,2026-06-03,0,88140,9
ACLS,2026-06-08,73113,0,4
CRCL,2026-06-06,300021,317363,34
BRUN,2026-06-03,69040,0,2
ASTS,2026-06-05,5526076,1317531,164
ORCL,2026-06-04,6864633,1699823,60
PFSI,2026-06-02,0,40250,1
CXW,2026-06-02,0,0,2
EC,2026-06-12,116546,0,7
CRCL,2026-05-30,237832,763050,37
CMPS,2026-06-04,12002,0,2
BROS,2026-06-01,0,14520,1
TMUS,2026-06-12,0,133958,3
NNE,2026-06-09,29625,0,2
LUV,2026-06-10,0,208500,8
LQD,2026-06-09,27342,0,6
BITX,2026-05-30,17940,0,1
SMCX,2026-06-10,0,0,1
ELF,2026-06-10,473512,78975,10
SMMT,2026-05-30,40637,0,2
OUST,2026-06-12,111880,0,4
INTU,2026-06-04,364519,54450,4
CNC,2026-06-02,0,535341,9
AEO,2026-05-30,0,0,2
BIDU,2026-06-06,161850,250560,17
CTSH,2026-06-09,12000,0,1
VIAV,2026-05-30,64680,0,2
SNDK,2026-06-09,12352687,6394962,48
SNOW,2026-06-09,147856,738026,15
ACHR,2026-06-02,118459,0,9
STUB,2026-06-09,35430,0,3
PZZA,2026-06-10,0,19380,1
RXO,2026-06-02,22780,0,1
SOXL,2026-06-08,692058,452944,57
MIR,2026-06-04,0,52405,1
SHY,2026-06-06,0,220000,1
RPD,2026-06-10,0,0,1
TGTX,2026-06-10,143250,0,6
AXP,2026-06-01,61516,68710,3
DECK,2026-06-02,53429,37460,5
LULU,2026-06-12,119885,83440,12
ISRG,2026-06-04,55050,75320,3
CBOE,2026-06-05,70200,0,4
FLNC,2026-06-05,598295,18800,12
FAS,2026-06-11,220000,0,1
KRMN,2026-06-02,52180,0,6
GLW,2026-06-09,245795,192570,18
ARCC,2026-06-11,10920,0,1
PSX,2026-06-08,163030,0,2
HD,2026-06-11,61215,0,4
TTWO,2026-06-02,22500,16800,11
SE,2026-06-04,0,418500,2
USB,2026-06-04,0,0,1
GDX,2026-05-30,45025,32909,16
DG,2026-06-05,245790,181953,12
RIVN,2026-05-30,1645149,30492,78
XLI,2026-05-30,368203,65800,13
CRM,2026-06-10,0,392724,9
IBM,2026-06-09,189760,1046592,22
FTAI,2026-05-30,27880,0,2
NEM,2026-06-11,479610,849242,10
SOXL,2026-06-09,825007,941830,105
SMH,2026-06-04,7235421,8810250,116
FMX,2026-06-04,57947,0,1
SCHD,2026-05-30,0,0,1
KMB,2026-06-05,576410,0,7
FULC,2026-06-02,0,0,2
UPS,2026-05-19,196878,0,2
VFF,2026-06-10,0,0,1
AUR,2026-05-30,0,0,1
MKTX,2026-06-02,0,0,1
ZTS,2026-06-10,621388,104000,14
AR,2026-06-09,21825,19000,5
ACWI,2026-06-12,0,0,1
ULTA,2026-06-03,296360,1224040,23
CRNC,2026-06-02,111850,0,5
AGNC,2026-06-05,0,0,2
WMB,2026-06-04,0,61625,1
APA,2026-06-06,452408,0,2
FRVO,2026-06-12,325000,12000,4
KHC,2026-06-03,36828,0,1
OKLO,2026-06-11,135776,67678,23
WYNN,2026-06-02,160853,307715,18
VSH,2026-06-03,1383930,0,13
NXPI,2026-05-29,97020,0,1
ERX,2026-06-09,0,0,1
ESTC,2026-06-05,259151,80891,6
EQIX,2026-05-30,0,0,1
FFIV,2026-06-04,454299,0,1
INTU,2026-06-08,257028,0,4
NXPI,2026-06-05,441870,0,1
HUM,2026-06-10,0,460490,4
SJM,2026-06-09,139120,0,5
NASA,2026-05-19,121990,0,4
APA,2026-05-29,0,0,1
XLE,2026-06-10,606331,242612,54
INTU,2026-06-09,266168,210830,7
OSS,2026-06-10,40000,0,1
YINN,2026-06-03,0,0,2
FXY,2026-06-11,33240,0,2
LABU,2026-06-09,110119,26880,7
DIS,2026-06-04,265020,166449,5
FPS,2026-06-02,1163828,0,18
COO,2026-06-12,0,0,1
MAGS,2026-06-02,0,0,1
MSGS,2026-06-12,0,0,1
RVMD,2026-06-05,0,0,1
EVER,2026-06-11,225000,0,1
EGO,2026-05-30,0,0,1
INDA,2026-06-09,0,0,1
SIDU,2026-06-08,0,0,1
LMT,2026-06-06,0,0,4
IREN,2026-06-02,4321183,527361,208
MU,2026-06-10,17636170,29001306,231
BTBT,2026-05-30,19280,0,1
ZTS,2026-06-09,168460,0,3
CXW,2026-05-29,0,0,1
NOC,2026-06-04,0,0,1
LODE,2026-06-06,12896,0,1
NVAX,2026-05-19,0,18000,1
AZO,2026-05-30,0,330611,4
BZFD,2026-06-12,0,0,1
FIX,2026-06-05,168868,0,1
JMIA,2026-06-09,105000,0,1
TNDM,2026-06-11,56000,0,1
GLXY,2026-06-10,205101,557039,20
BMNU,2026-06-09,0,20000,1
MGM,2026-06-02,58130,0,4
VIA,2026-06-02,19578,0,1
COIN,2026-06-04,384863,2395209,112
SMR,2026-06-04,179000,45713,19
SOXL,2026-06-10,2025662,3496536,116
FIVE,2026-05-29,0,77200,1
KTOS,2026-06-03,10774,52270,4
DAL,2026-06-05,194805,0,2
LULU,2026-06-11,77014,160921,19
AU,2026-06-03,0,28161,2
EWT,2026-05-29,107880,10950,4
STWD,2026-06-09,0,0,1
BE,2026-05-30,124239,335325,17
SW,2026-06-11,326639,0,2
OKLL,2026-06-10,0,0,1
AMC,2026-06-01,48649,12600,6
NXE,2026-05-19,0,0,1
BCRX,2026-05-29,33280,0,1
LW,2026-06-05,0,53750,1
NKE,2026-06-10,0,0,5
PTEN,2026-06-08,134990,0,1
BE,2026-06-04,1054244,2708050,31
BAND,2026-06-05,37400,0,2
CXW,2026-06-03,0,0,1
RUT,2026-06-12,244590,107500,5
EL,2026-06-09,24840,0,2
AS,2026-06-01,77430,0,3
USAR,2026-06-12,568553,429405,17
NU,2026-06-06,16050,69966,18
MUX,2026-06-09,0,12000,1
MPC,2026-06-06,0,83780,1
BLK,2026-06-04,0,990720,2
WOOF,2026-06-04,72127,0,3
MRNA,2026-06-09,22624,53680,12
QBTS,2026-06-01,497095,192849,52
AQST,2026-05-29,0,0,1
NRXP,2026-06-02,17135,0,1
IWM,2026-06-05,7004734,17809739,116
KBWB,2026-06-02,0,0,4
TNDM,2026-05-19,0,13500,1
ETN,2026-06-02,509088,0,6
NCLH,2026-06-10,0,16826,3
CCJ,2026-06-11,39287,1956371,20
OLLI,2026-05-30,10050,0,1
IREX,2026-06-09,0,164408,6
FJET,2026-05-30,87625,0,3
LFUS,2026-05-29,0,0,1
EZU,2026-06-12,0,98502,9
KORU,2026-05-29,235325,0,1
OBE,2026-06-04,10308,0,2
HOOD,2026-06-02,4306111,640473,41
FRO,2026-05-29,0,49456,2
OCUL,2026-06-11,98400,0,5
XOVR,2026-06-04,10150,0,3
IEX,2026-05-29,0,0,2
OKTA,2026-06-01,643836,161525,16
NUE,2026-06-12,52435,480006,2
CORT,2026-06-01,0,0,1
BNTX,2026-06-11,169558,0,5
CNC,2026-05-30,38760,0,2
ON,2026-06-04,454599,0,3
TAN,2026-06-10,12250,12180,16
DUOL,2026-05-29,512485,21600,6
KWEB,2026-06-04,101758,216223,16
FXI,2026-06-08,26527,0,3
PGY,2026-06-06,0,0,1
SEPN,2026-06-09,0,0,1
GOOG,2026-06-05,2295254,681830,28
VITL,2026-05-30,0,0,1
MRNA,2026-06-10,96080,0,15
HIMX,2026-06-03,14080,0,1
OKLO,2026-06-01,925767,0,28
RIG,2026-06-12,0,0,1
PTIR,2026-05-29,0,0,1
ROK,2026-06-05,0,0,2
LYFT,2026-06-03,0,37848,2
USAR,2026-06-05,567230,13224,7
AGL,2026-06-02,86000,0,1
FDS,2026-06-03,0,21850,1
DK,2026-06-10,58000,0,1
TSAT,2026-05-29,20000,0,1
CRL,2026-06-02,155539,0,2
ALV,2026-06-12,14680,0,2
TGEN,2026-06-03,0,10160,1
PWR,2026-05-30,0,133110,2
EEM,2026-05-30,184150,3140148,15
NOK,2026-06-04,1942089,0,46
ARR,2026-05-19,0,0,1
ONON,2026-06-05,43091,0,2
BWA,2026-06-05,209170,0,4
SSP,2026-06-03,0,0,1
CAG,2026-06-01,62500,0,1
XLV,2026-06-10,279554,198673,11
U,2026-06-03,297460,0,9
FLUT,2026-06-04,0,0,2
B,2026-06-02,0,0,1
SPRY,2026-05-30,0,0,1
ILMN,2026-06-03,0,0,3
QS,2026-06-09,0,0,3
ARES,2026-06-10,19180,0,3
EXPE,2026-05-19,0,29900,1
SOXL,2026-06-04,1876281,1913687,131
PAYX,2026-06-10,0,0,1
HUBG,2026-06-12,0,0,2
VUZI,2026-05-19,10000,0,1
AVAV,2026-06-04,0,173200,7
IT,2026-05-19,167752,0,2
COLO,2026-06-02,54840,0,4
TEM,2026-06-05,2406398,63688,47
RH,2026-06-08,0,0,1
SATL,2026-06-05,0,0,2
NVDA,2026-06-11,10550919,8165099,127
ENS,2026-06-08,0,0,1
VICR,2026-06-01,0,292560,5
DELL,2026-06-05,1184639,882711,25
OTIS,2026-06-03,0,18260,2
ALB,2026-06-05,0,0,3
TECL,2026-06-01,23100,0,4
EEM,2026-06-02,1932563,55404,14
OPTT,2026-06-05,60000,0,1
DHT,2026-06-05,10005,0,1
MDB,2026-06-06,606455,38580,20
PDD,2026-05-30,0,0,2
YPF,2026-05-30,50440,0,2
UNH,2026-05-30,0,420401,9
HUT,2026-06-12,69945,64495,24
KDP,2026-05-30,17675,0,2
XRT,2026-06-08,0,19786,2
CAN,2026-06-06,0,0,1
TDG,2026-06-11,893200,0,2
DJT,2026-05-29,57921,0,5
NAT,2026-06-02,27500,0,1
NOK,2026-06-05,3396889,840000,44
JPM,2026-06-04,701807,0,3
DKNG,2026-05-29,397071,48816,4
STM,2026-06-09,374507,0,8
OPTU,2026-06-09,0,0,7
KLAR,2026-06-03,12600,0,3
BILL,2026-06-02,46750,49971,6
LVS,2026-06-03,0,76430,2
WHR,2026-06-11,98068,0,4
DASH,2026-05-30,84405,92110,5
EAT,2026-06-08,0,39900,1
STZ,2026-06-05,111776,0,5
BAH,2026-05-19,0,0,1
SYK,2026-05-29,0,0,1
UFO,2026-06-05,0,0,1
SKY,2026-06-09,0,0,1
BBAI,2026-06-09,0,0,5
LI,2026-06-04,40620,43055,4
IVVD,2026-06-05,12250,0,1
RY,2026-06-10,257790,0,2
NXT,2026-06-09,42050,726443,6
BULL,2026-06-11,97480,19998,12
LPTH,2026-06-10,0,0,1
SMCI,2026-06-08,936087,167809,39
FIG,2026-06-05,67809,0,8
SNDK,2026-06-01,302840,166263,11
NFE,2026-06-03,0,0,3
FITB,2026-06-10,14977,0,5
VRTX,2026-06-02,178620,0,1
CAMT,2026-05-19,0,0,1
CLSK,2026-06-09,207022,24318,20
LSCC,2026-06-05,367810,0,3
SMR,2026-06-10,16974,0,5
WIX,2026-06-09,0,0,3
LCID,2026-06-12,24000,0,3
SLB,2026-05-19,0,304317,1
INDI,2026-06-09,22500,0,1
RMBS,2026-05-29,0,0,2
J,2026-05-19,0,0,1
GDXJ,2026-06-10,200600,107415,6
BUD,2026-06-04,0,0,1
ENTG,2026-06-05,0,0,1
VOO,2026-06-06,0,254742,1
LAES,2026-06-05,194184,0,11
LCID,2026-06-02,0,0,2
VVV,2026-06-11,15460,0,4
CLBT,2026-06-02,0,0,1
CRDU,2026-06-10,0,0,1
CELH,2026-06-02,76795,0,4
NASA,2026-06-02,1180200,138233,30
VNET,2026-06-10,0,116486,2
GIS,2026-06-01,658971,0,3
YSS,2026-06-03,30090,0,1
SMR,2026-06-12,240957,0,5
RXRX,2026-06-11,14500,0,3
CXW,2026-06-04,34962,0,3
BMRN,2026-05-30,37500,0,2
MTUM,2026-06-10,38650,1282136,19
ELF,2026-06-09,14350,14345,6
RBLX,2026-06-01,126011,0,6
UBER,2026-05-30,251602,0,4
AAOI,2026-06-05,5402681,749951,208
KLAC,2026-06-12,1961300,1098890,17
KOPN,2026-06-04,0,35190,2
BIIB,2026-06-08,58715,0,2
OPTU,2026-06-04,0,66280,4
AXTI,2026-06-01,1354818,45927,7
LAC,2026-06-11,11198,0,1
AWK,2026-06-03,10600,0,1
LOW,2026-06-02,114193,0,3
SNXX,2026-06-04,177097,0,6
VECO,2026-06-12,0,0,3
QBTS,2026-05-30,428988,56519,32
NTES,2026-06-04,0,0,1
ZETA,2026-06-11,19505,0,1
BROS,2026-06-03,0,114240,1
XHB,2026-06-08,0,0,1
CMG,2026-06-09,98018,303911,22
UUP,2026-06-09,0,0,1
HAL,2026-06-05,201910,0,4
AMPL,2026-05-29,0,0,1
LINC,2026-06-04,24480,0,1
CRK,2026-05-30,0,11825,1
CRM,2026-06-01,1302609,1721649,55
UNP,2026-06-05,253299,124784,3
VCX,2026-06-06,0,100151,2
AMPX,2026-06-11,33105,19800,4
LASE,2026-06-09,10475,0,1
SU,2026-06-02,88440,0,1
FIX,2026-06-11,2719360,0,2
TBCH,2026-05-29,0,0,1
KLAC,2026-06-06,1413030,0,4
SPXW,2026-06-01,1515400,1489680,34
CODI,2026-06-09,0,0,2
CDW,2026-06-04,0,0,1
SATS,2026-06-05,1831796,1525649,87
NKE,2026-06-06,0,0,2
ROBO,2026-06-12,14099,0,1
DNOW,2026-06-05,124771,0,10
COHR,2026-06-06,663030,370348,17
UNP,2026-06-10,0,192200,1
FSLY,2026-06-02,190207,18975,11
RUTW,2026-06-10,100800,0,2
EEM,2026-06-05,28313,157035,8
ARDX,2026-06-03,39999,0,1
EQT,2026-06-11,16165,82970,8
CRDU,2026-06-06,0,0,2
AMD,2026-06-11,4504352,2188973,60
BCE,2026-06-06,0,0,1
NMAX,2026-06-03,0,0,1
DNOW,2026-06-06,0,0,1
NXPI,2026-05-30,858089,0,5
PAYX,2026-06-01,11700,0,1
UPST,2026-06-02,0,24508,8
SDOW,2026-06-10,58300,0,1
MARA,2026-06-05,648029,46200,33
UPRO,2026-06-05,0,0,1
DASH,2026-06-03,0,0,1
PLUG,2026-06-09,55862,20300,6
RMBS,2026-06-09,78677,0,4
AVO,2026-06-08,0,0,1
LQDA,2026-06-03,65170,0,9
PBA,2026-06-02,0,0,1
GEV,2026-06-09,266980,305600,18
MRNA,2026-06-08,46800,0,6
NOW,2026-06-04,63000,641752,17
MRK,2026-05-29,0,166921,2
VTI,2026-06-02,0,0,1
YETI,2026-06-05,13860,0,1
ALL,2026-06-12,0,51857,1
EIX,2026-06-10,0,16941,2
IYR,2026-06-02,0,20805,1
MO,2026-06-06,0,93500,2
CNC,2026-06-11,129871,73473,11
CXDO,2026-06-08,0,0,1
PZZA,2026-06-02,31200,0,3
VWOB,2026-06-05,0,0,2
LUMN,2026-06-05,14078,0,6
ILMN,2026-05-30,27392,0,2
LION,2026-05-29,0,0,1
RGLD,2026-06-06,181300,0,2
AES,2026-06-05,0,0,1
SBUX,2026-05-19,213300,0,1
AMT,2026-05-30,0,188854,2
NOW,2026-06-03,3422943,185582,43
NN,2026-06-12,0,0,3
SGI,2026-06-11,110487,0,2
KMI,2026-05-30,0,182830,1
HON,2026-06-03,142200,101140,4
IREN,2026-06-03,3020646,352611,170
SPXS,2026-05-30,19564,0,1
RUN,2026-06-03,11856,13760,5
CXDO,2026-06-12,0,0,1
NICE,2026-05-19,0,225128,2
QS,2026-06-04,0,0,4
BMY,2026-05-29,0,0,2
URNM,2026-06-04,0,190521,5
AMZU,2026-06-12,10000,11842,2
NVDL,2026-05-19,81600,0,6
SPOT,2026-06-08,0,0,1
TSM,2026-06-06,1161311,2227099,25
AMD,2026-06-10,2976429,7085078,91
ENVX,2026-05-30,83820,0,2
HL,2026-05-30,374136,0,3
KMX,2026-06-12,12880,0,2
TEVA,2026-06-11,0,0,1
VG,2026-06-06,0,0,1
TOYO,2026-06-09,0,0,2
APO,2026-06-03,114690,0,3
CROX,2026-05-19,53460,0,2
NVO,2026-06-01,41577,97667,11
WTI,2026-06-04,0,0,1
CHWY,2026-06-08,0,0,3
QXO,2026-06-04,0,17800,4
TPR,2026-06-06,0,0,1
FJET,2026-06-02,145506,0,7
PAAS,2026-06-11,28500,35252,7
FFIV,2026-06-05,0,0,1
TQQQ,2026-06-08,933731,434261,71
CZR,2026-06-09,28640,0,2
DOCN,2026-06-11,109010,773010,15
KHC,2026-06-08,10501,0,6
PLAB,2026-05-19,0,0,1
EMR,2026-06-06,0,81810,1
WOOF,2026-06-10,11835,0,1
CPNG,2026-06-02,0,0,1
PRIM,2026-06-03,0,22728,3
AMR,2026-05-30,0,0,1
ALLT,2026-06-06,0,74345,3
CELC,2026-06-05,217478,0,8
CPB,2026-06-03,10500,0,3
ALAB,2026-06-02,1652202,0,13
AEP,2026-06-03,0,0,1
EXE,2026-06-12,17400,57275,3
SG,2026-05-19,68600,18301,5
STLD,2026-06-01,0,42210,1
ALGM,2026-05-29,70494,0,2
EOSE,2026-05-30,49886,22770,4
DDOG,2026-06-02,742626,1102510,21
STM,2026-06-06,721090,0,3
KLAC,2026-06-08,1798570,0,4
TOST,2026-06-09,10430,0,2
NTR,2026-06-02,0,0,3
GM,2026-06-05,0,0,1
FEZ,2026-06-11,0,0,1
VTR,2026-06-04,0,0,1
SLB,2026-06-04,1169675,55930,3
VOYA,2026-06-03,299052,0,6
FN,2026-06-08,0,0,1
GEN,2026-06-03,27255,0,2
ALL,2026-06-06,0,0,1
XOVR,2026-06-12,102503,0,7
HUM,2026-06-02,457700,98513,13
CPSH,2026-06-05,0,0,1
SII,2026-05-29,107500,0,1
RCL,2026-06-02,0,521630,3
CME,2026-06-10,0,85114,4
CAR,2026-06-08,33455,177755,8
CTSH,2026-06-10,16650,0,2
CDNS,2026-06-11,248710,0,1
TPR,2026-06-11,438855,0,10
FSLY,2026-06-12,0,0,2
FIVE,2026-06-09,0,292416,7
SIMO,2026-06-03,0,128620,3
DRAM,2026-06-12,2270357,298707,83
SNOW,2026-06-10,265535,845305,16
ULTA,2026-06-06,225440,0,2
TTMI,2026-06-04,241550,0,4
AU,2026-06-02,0,0,1
WGS,2026-06-02,17160,0,2
Z,2026-05-19,0,10000,1
TSLL,2026-06-12,39283,0,4
STLA,2026-06-12,0,0,2
DLTR,2026-06-09,18680,0,2
WBI,2026-06-12,0,0,1
LBRT,2026-06-09,22500,0,2
HOOD,2026-06-08,148095,124829,10
CAH,2026-06-04,0,0,1
SIMO,2026-06-10,3625270,0,15
APP,2026-05-30,237540,3947280,9
CIEN,2026-06-05,1775400,546320,17
COPX,2026-06-08,20800,0,2
AOSL,2026-06-09,22800,0,3
DFTX,2026-05-30,20200,0,1
WRBY,2026-06-03,64855,0,2
CAT,2026-06-01,1128222,637750,4
ASST,2026-06-10,0,0,2
GDXJ,2026-06-09,0,0,1
FSLR,2026-06-02,2163854,145526,15
RUM,2026-06-03,16650,0,1
GDDY,2026-06-06,0,51830,1
PINS,2026-06-03,0,149729,6
CCSI,2026-05-30,0,0,1
SANM,2026-06-09,0,0,1
PRCT,2026-06-03,0,0,1
GRAB,2026-06-01,103505,0,3
CCL,2026-05-30,0,0,5
RGTI,2026-06-06,127264,42537,13
MDT,2026-06-11,87966,0,1
CSCO,2026-06-02,2633037,809486,37
BYND,2026-06-05,14000,0,1
NOK,2026-06-02,3169048,0,64
SBET,2026-06-09,15012,0,1
HL,2026-06-11,13000,110097,6
SJM,2026-05-19,12599,0,1
FAS,2026-06-09,40040,0,2
MRX,2026-05-29,14520,0,2
APPS,2026-06-02,57960,24000,6
CMTL,2026-06-05,0,0,1
NTAP,2026-06-10,260120,0,4
TBBB,2026-05-30,0,0,1
SCCO,2026-06-03,219120,0,4
BURL,2026-06-05,0,64060,2
NXT,2026-06-11,0,174331,4
TPR,2026-06-02,71980,0,2
HL,2026-06-12,183500,0,8
IBM,2026-06-01,18494441,974622,105
UAL,2026-06-12,866620,248653,25
RH,2026-06-05,29670,28680,3
OKLL,2026-05-29,11316,0,1
HON,2026-06-12,108310,0,6
NN,2026-06-03,0,0,6
BKR,2026-06-12,0,472970,1
STUB,2026-06-08,18200,0,1
CBOE,2026-05-29,394200,0,1
ULTA,2026-06-09,41500,63280,4
COHR,2026-05-30,303590,59110,5
Q,2026-06-09,132820,24000,7
XOP,2026-06-05,0,0,2
KLAC,2026-06-01,0,0,2
BLDR,2026-06-08,14560,0,1
NXE,2026-06-09,0,10945,1
SKM,2026-05-19,76000,0,3
SAP,2026-06-11,0,98280,1
CXDO,2026-06-01,19400,0,1
NCLH,2026-06-06,0,0,1
ASST,2026-06-06,0,0,1
RIVN,2026-06-11,260479,114127,32
LLY,2026-06-04,1311932,209485,14
IBKR,2026-06-11,320760,0,6
IOVA,2026-06-09,0,0,3
QS,2026-06-11,0,0,2
CE,2026-06-04,0,182000,2
GOOG,2026-06-02,2287889,1994633,39
SOLS,2026-06-02,0,0,1
XOM,2026-06-05,103638,100307,4
GOOGL,2026-06-12,3451466,1919040,40
UUUU,2026-06-09,0,0,4
POET,2026-06-04,2154692,110220,85
TECS,2026-06-09,11880,0,1
MOD,2026-06-09,47090,0,4
FRSH,2026-05-19,176280,0,2
MA,2026-06-09,216690,107100,4
TTWO,2026-06-05,0,0,5
SRAD,2026-06-04,200263,0,5
SAP,2026-06-10,0,56930,2
FCEL,2026-05-30,23640,0,3
CCI,2026-06-04,0,0,3
LUMN,2026-06-06,21482,0,4
DTE,2026-06-04,0,35260,1
GO,2026-05-29,0,0,1
FTAI,2026-06-03,0,0,3
EIX,2026-06-02,0,0,1
PSX,2026-05-29,135300,0,1
EMR,2026-06-10,113520,0,1
CF,2026-06-09,0,20130,7
SEDG,2026-06-11,29623,367676,7
NVTS,2026-06-11,156824,0,6
UAL,2026-06-01,0,101725,9
HIVE,2026-06-10,12220,0,1
HOOD,2026-05-30,915152,1781912,31
HYMC,2026-06-09,0,0,1
KNTK,2026-06-12,34200,0,3
PURR,2026-06-10,196704,0,9
NXPI,2026-06-08,0,0,2
TXN,2026-06-08,57500,77500,5
ONDS,2026-06-04,303100,44068,32
FLR,2026-06-09,0,0,2
NNBR,2026-06-10,23000,0,1
PAAS,2026-05-29,296356,0,6
BOIL,2026-06-11,36750,0,2
ARWR,2026-06-03,0,38000,1
GS,2026-06-01,1283870,1341790,23
RCAT,2026-06-03,101588,11160,7
RXRX,2026-06-02,163854,0,8
BA,2026-06-02,520297,70201,9
IBRX,2026-06-11,0,0,1
MGM,2026-05-30,334900,27075,2
UTHR,2026-06-05,0,6925500,1
RCAT,2026-06-06,208077,0,7
BRKB,2026-06-11,0,0,1
FORM,2026-06-01,0,0,2
STLD,2026-06-08,279028,0,1
CAT,2026-06-04,577377,520030,10
JD,2026-06-02,173536,0,13
NE,2026-05-19,0,19000,1
VIXY,2026-06-06,0,0,1
ICE,2026-06-04,0,0,2
FCFS,2026-06-03,0,0,1
ZETA,2026-05-30,298951,12324,18
NTR,2026-06-05,0,0,5
SOLS,2026-06-04,0,0,2
XHB,2026-06-11,0,0,3
NTLA,2026-06-10,13712,0,1
ENTG,2026-06-06,0,23970,5
MCY,2026-05-29,0,0,5
UVIX,2026-05-29,10304,0,2
LRCX,2026-06-09,3059318,1200560,42
VCX,2026-06-08,74550,0,3
POWI,2026-06-10,0,23940,1
FIVN,2026-06-06,0,39600,8
AVGO,2026-06-05,9110444,4708294,123
AMD,2026-06-12,3280094,1945885,52
AKAM,2026-06-08,198900,0,15
CVX,2026-06-10,0,68117,3
AEIS,2026-06-12,216859,0,2
XHB,2026-06-10,87015,0,2
PCOR,2026-06-05,0,0,1
FE,2026-05-30,43200,0,2
BULL,2026-05-30,18228,0,1
GEO,2026-06-04,411165,0,5
SHAZ,2026-06-03,0,0,1
MSTU,2026-06-03,0,28392,1
KRYS,2026-06-12,245000,0,1
INSP,2026-06-03,0,0,1
GWRE,2026-05-30,50925,0,1
KMX,2026-06-09,0,0,1
BL,2026-06-12,121600,0,1
BITX,2026-06-04,110669,0,2
BTU,2026-06-12,0,0,2
ZS,2026-06-02,1065415,879169,71
SATL,2026-06-08,0,61965,1
AEIS,2026-06-09,135780,0,2
CXDO,2026-06-04,12320,0,7
SOXS,2026-06-09,463580,483884,41
LEN,2026-06-02,0,0,1
HAE,2026-06-10,28470,0,1
RR,2026-06-06,0,0,1
SOLS,2026-05-19,723527,0,6
WVE,2026-06-09,0,0,1
SKM,2026-06-04,0,0,4
USO,2026-06-02,699959,569751,43
CIEN,2026-06-12,0,0,2
BX,2026-06-05,0,0,2
BKKT,2026-06-06,0,0,1
CCI,2026-05-29,0,25360,1
MXL,2026-05-30,77755,0,4
CRM,2026-05-30,852232,0,13
KMB,2026-06-03,0,11000,3
BTDR,2026-06-06,279170,0,8
EWY,2026-06-04,4207080,3667250,53
TENB,2026-06-05,0,0,2
EWY,2026-06-11,979128,884397,61
SNPS,2026-06-11,0,0,3
ZM,2026-06-06,66875,0,13
P,2026-05-30,91454,66250,7
YUM,2026-06-10,0,0,2
SEI,2026-06-02,0,0,2
BHP,2026-06-12,0,0,2
SLDP,2026-06-03,0,0,1
ELF,2026-06-03,63900,0,3
KEYS,2026-06-12,180900,0,2
FLUT,2026-06-01,248545,0,3
VIPS,2026-06-05,0,30380,1
S,2026-06-04,45725,65416,4
STX,2026-06-01,227100,135020,7
APLD,2026-06-03,732780,190898,34
CONL,2026-06-06,20949,0,1
SCO,2026-06-02,0,0,1
SKM,2026-06-05,37756,0,6
UUUU,2026-06-05,34800,88428,6
SOXX,2026-06-11,1295392,2058640,46
GOOGL,2026-06-02,3078824,2736272,35
AAOI,2026-06-10,1571798,181613,94
KGS,2026-06-03,0,0,1
RFIL,2026-06-12,0,0,1
NCLH,2026-06-11,24950,1650000,3
BOIL,2026-05-19,12078,0,2
CNK,2026-06-02,10103,0,1
EC,2026-06-10,69433,0,3
SQQQ,2026-06-01,139620,0,12
ECL,2026-06-06,0,60601,1
SKM,2026-06-06,33600,12420,3
WU,2026-06-03,0,34250,2
URNM,2026-06-05,0,12420,6
PL,2026-06-03,308623,68946,12
MSGS,2026-05-30,26370,0,3
ALK,2026-05-30,20648,0,1
ACHR,2026-06-05,50384,0,5
PCG,2026-06-11,1206090,0,8
PLAY,2026-06-10,0,0,1
NOC,2026-06-12,0,0,1
SLV,2026-06-06,1121691,3716644,147
DNA,2026-06-09,0,0,2
NVTS,2026-06-05,121170,14835,18
CHAT,2026-06-06,51298,0,2
NVTS,2026-06-03,318833,13608,39
IDYA,2026-06-04,31000,0,3
SNDR,2026-06-02,46200,0,1
ADEA,2026-06-01,27050,0,2
FISV,2026-06-06,0,0,1
SHAK,2026-06-06,0,18550,1
MAA,2026-06-04,12857,0,1
AVGO,2026-06-10,29878669,946059,46
ABBV,2026-06-02,0,0,3
ADTN,2026-06-02,52438,0,3
NET,2026-06-01,75965,0,3
QUBT,2026-06-01,1038541,19906,29
EWZ,2026-06-01,427263,0,6
QUIK,2026-05-29,0,0,1
CSGP,2026-06-03,0,0,1
CIBR,2026-06-06,27883,20880,3
FTAI,2026-06-02,0,0,1
ASPI,2026-06-06,0,0,1
CNXC,2026-05-29,11371,0,1
XLY,2026-06-10,0,0,1
KMX,2026-05-30,219976,0,1
WHR,2026-05-30,97500,0,1
APTV,2026-05-29,63180,0,6
YINN,2026-06-01,0,0,1
TWLO,2026-06-08,0,13040,2
FCX,2026-06-05,647785,382580,13
SFL,2026-06-10,12500,0,1
DGX,2026-05-29,0,0,1
TFIN,2026-05-30,42000,0,1
AEHR,2026-06-01,0,0,6
NXT,2026-06-04,539268,0,5
FPS,2026-06-01,555872,0,3
DNA,2026-06-03,451403,0,3
AKAM,2026-06-09,55680,0,5
XYL,2026-06-02,0,25370,1
MDLZ,2026-06-10,0,0,1
ATAI,2026-06-02,45203,0,3
KLAC,2026-06-11,602170,418514,11
OIH,2026-06-05,0,140760,8
FE,2026-06-06,0,0,1
LSTR,2026-06-09,47517,0,1
LYB,2026-05-30,0,0,2
VEEV,2026-06-06,37200,0,2
DK,2026-06-04,0,0,1
PRVA,2026-05-29,0,0,1
TMUS,2026-06-03,655987,131383,12
PNC,2026-06-03,0,275402,1
NTSK,2026-05-19,28080,0,1
HTZ,2026-05-30,14326,15800,2
TMF,2026-06-04,0,0,6
SCHW,2026-06-08,0,54404,1
UNP,2026-06-11,0,163300,2
SMTC,2026-05-29,0,0,9
LNC,2026-06-04,0,15000,1
EOSE,2026-06-10,0,46339,8
APPN,2026-06-01,76310,0,3
TMO,2026-06-12,0,595251,7
OXM,2026-06-11,11500,50520,6
CBOE,2026-06-01,0,0,1
HSY,2026-05-29,0,0,1
EBAY,2026-05-29,10119,0,2
HD,2026-05-29,85000,0,3
EQX,2026-06-10,37000,0,1
APPS,2026-06-01,0,0,1
CIFR,2026-05-30,39694,0,5
NIO,2026-06-04,17480,22072,3
GRAL,2026-06-03,0,0,4
DV,2026-06-04,131358,0,2
IHI,2026-05-19,76530,0,2
PURR,2026-06-11,93362,0,11
SANM,2026-06-02,394947,0,1
TMDX,2026-06-01,20650,0,1
PWR,2026-06-02,0,1485661,4
CIEN,2026-06-10,65453,2438785,18
SIL,2026-05-19,0,0,2
NXT,2026-06-05,0,0,1
VOYG,2026-06-12,10388,0,3
INSM,2026-06-12,0,0,1
CTSH,2026-06-01,0,152833,1
GLD,2026-06-01,360955,2784986,65
DELL,2026-06-11,531860,1838573,30
DIS,2026-06-11,0,587530,2
SCCO,2026-06-09,56000,0,2
GXO,2026-05-29,107695,0,2
HEI,2026-06-11,0,161000,1
C,2026-06-03,106500,161059,8
BUG,2026-05-19,0,0,1
ZS,2026-06-04,144395,904998,31
GEHC,2026-05-29,12760,0,3
XOP,2026-06-04,0,157599,4
CXDO,2026-05-30,17856,0,1
SIG,2026-06-06,49170,0,3
LNG,2026-06-12,182738,0,4
QFIN,2026-06-03,11157,0,1
OSCR,2026-06-12,1371632,0,14
MITK,2026-06-08,109214,0,2
TEAM,2026-06-09,31310,141860,7
PEP,2026-06-02,0,0,2
SPY,2026-06-04,12492748,24609559,305
AXSM,2026-06-06,53580,0,1
AMAT,2026-05-30,888318,336000,8
XME,2026-06-11,0,0,3
HIMS,2026-06-06,385798,24680,19
PLAB,2026-06-04,0,38880,1
WSC,2026-06-05,27000,0,1
VOYG,2026-05-29,0,0,3
SHEL,2026-06-09,0,0,2
VELO,2026-06-12,464398,48300,23
CLSK,2026-06-11,51499,0,4
SPOT,2026-05-29,0,0,1
TRIP,2026-05-29,32454,0,2
CLS,2026-06-06,0,0,8
XLE,2026-06-05,1136011,3832019,56
WOLF,2026-05-30,0,21870,3
HUT,2026-06-06,14327,0,17
RKLB,2026-06-04,612530,154572,14
DAVE,2026-05-29,12090,0,2
HL,2026-06-10,0,0,7
AS,2026-06-11,0,0,2
MS,2026-06-06,286074,0,2
QBTS,2026-06-04,130469,131019,23
XLK,2026-06-10,458754,2019716,70
DNOW,2026-06-12,0,0,1
URI,2026-05-30,0,0,1
XLB,2026-06-02,0,16428,2
EUV,2026-06-09,0,0,1
SIMO,2026-06-06,371390,0,16
FORM,2026-06-03,284677,0,3
ALLY,2026-06-10,0,0,1
QBTS,2026-06-06,135558,31405,10
CAT,2026-05-30,0,64850,7
ODD,2026-05-30,10180,0,2
GDS,2026-05-19,0,0,1
DRI,2026-06-11,188870,0,1
XLY,2026-06-05,0,380964,4
STX,2026-06-06,52210,248740,8
MAN,2026-06-01,13219,0,2
AIRO,2026-06-03,89028,0,6
EWG,2026-06-12,16699,0,1
CR,2026-05-30,0,0,2
LITX,2026-05-29,0,52900,2
ADM,2026-06-09,0,0,1
AAPU,2026-06-03,33750,0,2
TECL,2026-06-06,96900,248984,19
GRAB,2026-06-04,0,0,1
ADEA,2026-05-29,0,0,2
ALK,2026-06-12,10250,29030,5
KSS,2026-06-04,0,19244,2
DHI,2026-06-04,24750,34230,3
GEMI,2026-06-05,0,0,1
HSY,2026-06-12,0,0,1
IREN,2026-06-08,1980667,278882,85
TAC,2026-06-04,128820,0,1
IMSR,2026-06-06,56555,0,3
XRT,2026-06-03,0,10148,1
F,2026-06-11,114779,0,2
PAGP,2026-06-05,0,12432,2
SLS,2026-06-05,0,56600,7
IWM,2026-06-04,1444514,4427239,68
ARDX,2026-06-11,0,0,1
INV,2026-06-05,0,0,1
KEY,2026-06-02,0,0,1
PTON,2026-06-01,0,26400,1
MTZ,2026-06-06,0,191628,2
FISV,2026-06-05,0,260170,3
DDOG,2026-05-30,215500,1261856,7
LVS,2026-06-04,41590,0,4
BBY,2026-05-30,0,34880,5
MHO,2026-06-02,0,0,2
VSAT,2026-06-03,0,0,1
WGMI,2026-06-02,38387,40780,4
GD,2026-06-09,0,151890,3
AMPX,2026-06-04,338271,13950,6
COHR,2026-06-01,0,0,3
MLTX,2026-06-03,12650,0,1
AAOI,2026-06-01,1217107,0,39
CCJ,2026-06-12,36027,10710,14
FN,2026-06-02,0,380120,2
ICLR,2026-05-29,72738,32670,2
NASA,2026-06-09,45500,0,8
PLNT,2026-06-11,0,0,1
LIN,2026-06-01,0,140140,2
SBLK,2026-06-12,1662000,0,12
CDNS,2026-06-01,578052,0,6
INTC,2026-06-10,5404923,4105072,48
JNUG,2026-05-29,0,0,1
YINN,2026-06-02,29773,0,5
SLV,2026-06-02,1973977,450651,67
URNM,2026-06-02,0,0,2
ETOR,2026-06-11,0,0,1
MMM,2026-06-06,56355,0,1
RIOT,2026-06-05,76263,47629,17
XLRE,2026-06-11,0,0,1
GPN,2026-05-29,0,0,1
PZZA,2026-06-04,25480,0,5
DAL,2026-06-10,0,299575,1
ATAI,2026-06-04,0,0,1
FDX,2026-06-08,0,103180,2
U,2026-06-04,0,14800,9
PNR,2026-06-02,0,13320,1
CF,2026-06-04,1607558,526070,12
BHVN,2026-06-04,15470,0,2
HSAI,2026-06-04,0,23100,1
WHR,2026-06-02,0,14047,5
XNDU,2026-06-04,0,0,1
LI,2026-05-19,0,21836,2
PDD,2026-05-19,0,0,4
ARW,2026-06-06,0,0,1
VLN,2026-06-05,0,0,2
BILI,2026-06-01,0,0,2
UNP,2026-06-12,0,513422,3
DLLL,2026-06-02,55600,39020,3
SILJ,2026-06-04,0,21939,3
LQD,2026-06-04,33852,43600,3
WEN,2026-05-29,0,0,3
JEF,2026-06-11,0,0,1
CPER,2026-06-03,55564,0,4
MGA,2026-06-03,0,0,1
UAL,2026-06-02,70850,339774,8
SAP,2026-05-19,100980,0,1
U,2026-06-08,14440,0,2
CORZ,2026-06-11,43498,93305,11
AEVA,2026-06-03,0,0,1
DDOG,2026-06-06,264000,108245,10
CRSP,2026-06-05,16910,0,3
TITN,2026-06-09,11660,0,2
MRNA,2026-05-30,450080,138790,17
GILD,2026-06-12,0,0,2
AEHR,2026-06-11,0,72320,1
CFG,2026-06-02,0,0,1
BDX,2026-06-11,146615,0,3
ADEA,2026-06-12,68029,0,5
VNET,2026-06-09,20700,0,1
ADTN,2026-06-04,0,0,1
XPEV,2026-06-03,43943,11701,6
CRWD,2026-06-06,188905,656129,18
TIGR,2026-06-03,0,0,2
SCO,2026-06-09,0,0,2
JNJ,2026-06-10,0,0,2
NFLX,2026-06-09,1349761,162230,25
FUTU,2026-05-30,75030,165845,8
AGNC,2026-06-06,0,0,2
GOOG,2026-06-06,841235,1215573,10
OWL,2026-05-30,71245,0,3
BBAI,2026-06-11,39649,0,3
SBUX,2026-06-09,142295,0,9
NEM,2026-06-09,0,0,1
JETS,2026-05-30,0,0,3
LUNR,2026-06-11,80462,100470,10
ACMR,2026-06-11,0,0,2
OMER,2026-05-19,0,0,2
FROG,2026-06-11,0,14700,1
SOLS,2026-06-03,226233,16500,12
CSX,2026-06-05,0,0,1
NXT,2026-05-29,23500,265132,5
HIVE,2026-06-06,59114,0,7
RNW,2026-06-09,22225,0,2
VSH,2026-06-08,217461,0,26
JETS,2026-06-01,0,34801,1
CTSH,2026-06-06,0,0,2
FUN,2026-05-30,0,18285,1
HIMS,2026-06-12,991360,181012,45
BRKR,2026-05-30,437648,0,17
TGB,2026-06-01,390000,0,1
WPM,2026-06-03,261340,0,3
MCK,2026-05-19,219890,0,2
NTAP,2026-06-11,0,0,2
ARCC,2026-06-09,30870,0,1
UPS,2026-06-10,83460,241252,2
MRVL,2026-06-11,3778034,4095692,83
CSIQ,2026-06-03,648980,0,16
BURL,2026-06-12,0,0,2
HYG,2026-06-02,0,0,3
CIFR,2026-06-02,663477,0,29
CB,2026-05-29,70268,0,1
NTLA,2026-06-03,0,13785,1
PYPL,2026-06-08,38349,281949,10
OSCR,2026-06-09,152432,0,11
SFM,2026-06-06,0,0,1
NOV,2026-06-02,0,0,1
TTAN,2026-06-05,367108,64004,18
IAU,2026-06-05,359160,0,2
SE,2026-06-09,79110,102390,11
PACB,2026-06-01,0,0,1
OKE,2026-05-19,0,50604,1
DVN,2026-06-06,63486,0,5
IOT,2026-06-05,1213075,0,19
WPC,2026-06-06,17480,0,1
MED,2026-06-04,0,0,3
QCOM,2026-06-10,2514828,1996708,51
EAF,2026-05-29,26250,0,1
LEN,2026-06-06,62610,0,5
Z,2026-06-04,0,11760,3
SILJ,2026-06-12,68463,17400,10
COF,2026-05-30,0,0,1
KLAC,2026-05-30,0,278100,4
SAIL,2026-06-10,0,27001,1
META,2026-06-09,7710568,2649955,60
SMCI,2026-06-03,1071481,420275,70
EEM,2026-06-04,2185171,98758,10
RACE,2026-06-10,0,0,1
MKC,2026-06-11,23785,0,3
RXRX,2026-06-09,0,0,3
ADI,2026-06-12,0,211120,2
GE,2026-05-30,0,0,2
EOSE,2026-06-09,11992,0,8
IQV,2026-06-01,222609,0,1
SATL,2026-06-06,47221,0,4
NICE,2026-06-02,166391,0,8
SIDU,2026-06-11,10042,0,1
GS,2026-06-02,1848478,278590,22
IOT,2026-06-04,51530,171974,6
CBRS,2026-06-01,63450,10415,9
KMB,2026-06-04,22780,24915,2
CIBR,2026-06-02,492422,35846,13
IYR,2026-05-30,0,0,1
COF,2026-06-04,0,0,1
URA,2026-06-05,0,10500,6
NBIS,2026-06-09,2562304,672145,124
BMY,2026-06-02,774686,0,2
KMB,2026-06-01,148960,0,1
SCHW,2026-06-05,146740,388861,4
ARMG,2026-06-12,0,0,1
BB,2026-06-09,557164,0,26
ENVX,2026-06-12,0,11600,2
TOST,2026-06-11,10830,237684,5
FRMI,2026-06-05,32250,26000,11
HCA,2026-05-19,0,0,1
JD,2026-06-04,41067,0,10
MRVL,2026-06-06,32989137,2516314,124
KLAC,2026-05-29,0,4478699,2
PCT,2026-06-06,20471,0,1
BHP,2026-06-03,0,0,1
AMAT,2026-06-08,80596,275210,5
OSK,2026-06-10,14400,0,2
WULF,2026-05-30,891425,208119,10
IMSR,2026-06-01,199005,0,8
WSM,2026-06-02,0,42240,1
YINN,2026-05-29,19872,0,1
BITX,2026-06-03,16275,0,4
RGTI,2026-06-03,2470307,159230,127
MCHP,2026-06-01,335000,164830,3
AEM,2026-06-04,0,0,2
RTX,2026-05-30,0,0,2
MSFL,2026-06-02,40864,0,1
LEGN,2026-06-03,129250,10070,2
ZTS,2026-06-12,19380,0,2
BKKT,2026-06-05,0,0,1
AMG,2026-05-19,0,0,1
NRGV,2026-06-06,100987,0,3
RSKD,2026-06-01,16185,0,1
ATOM,2026-05-30,19855,0,2
CWEB,2026-05-19,0,0,2
SLV,2026-05-30,645647,439716,33
UMAC,2026-06-01,0,105320,6
LITX,2026-06-09,0,0,1
CLMT,2026-06-05,0,0,1
KNX,2026-06-04,0,0,1
NVS,2026-06-04,184012,0,2
CCL,2026-06-09,272481,238736,20
MP,2026-06-05,151427,37917,13
CRCG,2026-06-06,0,0,1
STUB,2026-05-30,46300,0,1
TMF,2026-05-29,0,10650,11
TVTX,2026-06-04,16960,0,1
ARW,2026-06-09,19800,0,1
CRBG,2026-06-03,0,0,1
ZS,2026-06-12,106500,299684,17
EOG,2026-05-29,0,0,2
ENTG,2026-06-11,175500,0,1
ADSK,2026-06-01,192577,0,9
ABCL,2026-06-08,0,0,1
BABA,2026-05-30,929202,0,22
GS,2026-06-05,2795689,1421900,47
VZ,2026-06-04,0,931771,7
TGTX,2026-06-12,0,0,2
NCNO,2026-05-29,0,0,1
ALM,2026-06-05,26389,230330,4
AMD,2026-06-06,8901209,11530305,110
IOT,2026-06-02,37527,0,5
KMB,2026-06-02,0,183530,3
CSGP,2026-06-12,0,17080,1
BA,2026-06-06,51145,0,2
CAH,2026-06-05,0,25000,3
KTOS,2026-05-19,20650,0,2
ABCL,2026-06-04,69033,0,3
TECK,2026-06-03,505920,0,4
IMSR,2026-06-04,0,0,1
MX,2026-06-03,22494,0,2
CRWV,2026-06-08,1442366,419593,89
SPX,2026-06-02,11025440,2555281,43
EXE,2026-06-09,164400,8682050,3
GILT,2026-06-12,42295,0,1
VST,2026-06-03,0,0,7
IBRX,2026-06-03,243539,0,5
SOXX,2026-06-01,133380,402800,5
F,2026-06-03,431336,141455,15
FLUT,2026-06-05,0,45760,1
KLAR,2026-06-04,0,0,1
PRIM,2026-06-10,86729,0,6
LKQ,2026-06-11,0,0,2
BEKE,2026-06-05,31560,0,2
CHDN,2026-05-30,11700,0,3
SPXL,2026-06-09,0,94350,1
MVLL,2026-06-12,0,0,1
AFRM,2026-06-10,0,10355,4
FTAI,2026-06-05,0,343350,2
TEM,2026-06-08,61470,232834,10
ADBE,2026-05-30,426239,2294155,13
QCOM,2026-06-06,1088002,2943884,42
BB,2026-05-30,257594,0,9
VIAV,2026-06-05,292323,0,6
UEC,2026-06-08,0,0,1
KRE,2026-06-06,30650,250608,24
CMTL,2026-06-10,118140,0,2
IMVT,2026-06-04,0,13656,1
MPT,2026-06-06,48796,0,1
HBM,2026-06-03,218870,0,2
AAOI,2026-06-02,1550259,1783650,82
TSCO,2026-06-11,0,0,1
HOG,2026-06-01,0,17366,1
MS,2026-06-05,140000,71280,4
RGLD,2026-06-11,0,0,1
RL,2026-06-08,120520,0,1
AMBA,2026-06-02,70680,0,4
QURE,2026-06-03,24606,0,2
HNGE,2026-06-06,0,0,1
BDX,2026-06-05,0,0,1
PPLT,2026-06-05,0,0,2
ASHR,2026-05-29,23360,0,3
PEN,2026-05-30,0,53400,3
XLI,2026-06-09,12190,121003,10
SYY,2026-05-30,0,45320,2
P,2026-06-01,43380,15040,5
AG,2026-06-02,165148,69496,7
UAMY,2026-06-10,97740,0,4
PEN,2026-06-01,0,0,2
SBSW,2026-06-06,106100,0,1
LYFT,2026-06-08,13659,0,2
VSAT,2026-06-11,0,0,3
RGTI,2026-06-09,355622,199840,29
ATEC,2026-06-09,10476,0,1
PAYO,2026-06-03,138635,0,9
WMT,2026-06-01,464467,0,2
CPB,2026-06-04,52280,0,8
BIDU,2026-06-05,200473,314470,30
PLUG,2026-06-03,87600,0,11
FLEX,2026-06-03,150000,56953,4
HIMX,2026-06-01,108240,0,2
RHI,2026-06-01,29277,0,1
PRCT,2026-06-06,26250,0,1
WDC,2026-06-02,1159280,372341,14
MOS,2026-06-11,10650,22311,4
CRDU,2026-06-03,0,43760,1
TIGR,2026-05-30,20400,90358,6
SIRI,2026-06-12,11970,0,1
COUR,2026-06-10,0,0,3
AAOI,2026-05-30,265588,69420,22
XLU,2026-06-08,0,21216,3
CRDO,2026-06-10,1637831,916920,37
WOLF,2026-06-02,960398,225130,44
SLV,2026-06-12,2983628,2477248,168
LUV,2026-06-02,280457,0,6
SSRM,2026-06-08,0,0,1
CLX,2026-06-03,0,12090,2
HAL,2026-06-08,0,11214,4
CMCSA,2026-06-08,0,0,1
TLT,2026-05-30,3357496,260182,79
MGM,2026-06-03,54160,30505,6
LSCC,2026-06-10,0,0,2
RDW,2026-06-04,786479,350727,57
LEU,2026-06-11,0,0,3
NET,2026-05-30,629935,95425,19
ATEX,2026-06-09,42000,0,1
PONY,2026-06-11,47600,0,1
CGNX,2026-06-03,0,0,1
EQNR,2026-06-04,0,0,1
RTX,2026-06-03,0,0,1
UNHG,2026-06-11,0,0,1
URA,2026-06-12,0,58866,2
CVNA,2026-06-11,37440,199235,11
XYZ,2026-05-30,60395,13018,11
OPTU,2026-06-10,0,0,1
VCX,2026-06-03,130990,14706,8
GGLL,2026-06-10,16232,0,1
NTLA,2026-05-29,97440,0,3
TNA,2026-06-06,14000,460084,9
RUN,2026-06-05,89733,0,6
OXY,2026-06-02,788121,170405,14
COIN,2026-06-05,4080045,3162123,192
XLP,2026-06-12,0,10836,2
SDOW,2026-06-04,0,0,1
CBRL,2026-06-06,18808,0,1
WHD,2026-05-19,112500,0,1
HSAI,2026-06-02,110608,0,6
TTD,2026-06-03,312529,15600,17
BUD,2026-06-10,0,57481,1
NOK,2026-06-10,639190,0,13
LITX,2026-05-19,0,0,1
AFL,2026-06-03,0,0,2
BLFS,2026-06-10,24000,0,2
CDNS,2026-06-02,657380,520022,13
MGA,2026-06-02,18180,0,1
APLD,2026-06-09,521758,103084,47
Q,2026-05-30,85410,0,3
RBRK,2026-06-09,21275,0,4
CCJ,2026-05-30,0,0,3
NTR,2026-06-11,0,0,1
SHOP,2026-06-08,0,0,1
CLSK,2026-06-02,340382,0,25
HL,2026-06-02,0,0,1
TDOC,2026-06-05,0,0,1
KMX,2026-06-03,75110,0,2
IMSR,2026-06-11,0,205975,1
AMGN,2026-06-05,0,0,1
RGTI,2026-06-10,150927,60510,22
HPP,2026-06-08,0,0,4
TSLL,2026-06-01,125709,10560,5
AR,2026-06-04,12495,0,1
MPWR,2026-05-29,0,433950,1
XLF,2026-06-04,1319890,369247,82
U,2026-06-02,304936,10260,20
TKO,2026-06-02,0,0,2
DRI,2026-06-02,0,66240,1
AKAM,2026-06-02,421944,0,15
SBSW,2026-06-10,40494,0,3
V,2026-06-05,227290,0,3
LQDA,2026-06-04,39250,0,8
CRM,2026-06-04,828264,289600,19
DOCU,2026-06-04,20650,0,5
NRGV,2026-06-03,86767,0,3
LI,2026-05-30,0,42180,2
CRDO,2026-06-11,276400,400002,23
ALM,2026-06-10,27189,426680,8
HP,2026-06-10,82800,0,1
AAPL,2026-06-03,18699474,730246,106
BMNU,2026-06-10,0,0,1
PZZA,2026-06-12,57425,0,7
TPG,2026-06-02,0,0,3
STT,2026-05-30,0,0,2
SYM,2026-06-06,0,0,2
RSP,2026-05-30,91442,0,1
VG,2026-06-01,115291,0,4
ENVX,2026-06-09,0,0,3
KWEB,2026-06-03,261655,91245,41
ADBE,2026-06-06,690055,103500,10
ALMU,2026-06-05,0,0,2
NAIL,2026-05-30,0,0,1
LAC,2026-06-08,10350,0,1
TRGP,2026-06-10,0,191360,2
FN,2026-05-30,0,394400,1
HWM,2026-05-30,0,115240,1
CGON,2026-06-11,30130,0,2
PRU,2026-06-12,0,0,1
BIDU,2026-06-10,16330,535079,26
SANM,2026-06-11,0,0,3
PWR,2026-06-05,201200,682530,5
AMPX,2026-06-02,406268,68790,22
PINS,2026-06-10,47617,173280,4
CPA,2026-05-19,0,11880,2
MTCH,2026-05-19,0,12080,1
MSFT,2026-05-30,7410762,822853,56
NXPI,2026-06-06,60058,0,1
ET,2026-06-12,75300,0,1
ESNT,2026-05-29,0,0,1
VZ,2026-06-06,0,56916,1
IDCC,2026-06-11,93400,0,2
PBR,2026-06-04,111000,0,2
OVV,2026-06-03,23239,0,2
BP,2026-06-09,0,0,1
ALGN,2026-06-03,0,14800,5
INTC,2026-06-12,6599650,2935105,55
GLW,2026-06-02,641324,1826840,19
LQD,2026-06-06,70097,0,4
ABT,2026-06-11,0,0,3
XLI,2026-05-29,575550,86030,7
DKS,2026-06-05,0,0,2
FJET,2026-06-12,0,0,3
UAL,2026-06-09,162644,51300,8
M,2026-06-09,27500,66434,3
MARA,2026-06-10,199208,469947,35
MRK,2026-06-11,66981,0,1
RDDT,2026-06-06,449448,73200,28
DJT,2026-06-06,238690,0,4
APP,2026-06-03,3700445,193670,19
CBRS,2026-06-05,843111,12226,43
NEXT,2026-06-10,0,0,1
AISP,2026-06-02,20350,0,1
DE,2026-05-30,123000,0,2
LVS,2026-06-09,0,0,1
ETHA,2026-05-30,102704,12000,15
TRU,2026-05-29,37375,0,1
RGLD,2026-05-29,0,0,1
FIS,2026-06-03,224930,0,1
KTOS,2026-05-30,75350,17150,5
BMNR,2026-06-06,350841,97198,33
CELC,2026-06-01,388571,0,10
FXI,2026-06-12,0,0,2
FVRR,2026-05-29,10500,0,1
FORM,2026-06-06,0,0,3
WFC,2026-06-09,112024,331715,8
HSBC,2026-06-09,167400,0,2
RFL,2026-06-08,15330,0,1
AEHR,2026-06-02,176744,0,9
HUT,2026-06-05,2463035,222810,10
VKTX,2026-06-01,0,0,1
SA,2026-06-03,13725,15810,4
TTD,2026-06-02,373246,164000,25
XME,2026-06-03,0,21762,3
LYV,2026-05-29,0,12210,2
TSLL,2026-06-03,34210,21000,5
SYK,2026-06-01,1972219,0,2
LI,2026-06-06,0,20000,1
ABBV,2026-06-11,271825,0,3
EEM,2026-06-01,12195,88870,6
XRPC,2026-05-30,0,0,1
CNC,2026-06-01,184275,0,3
FIX,2026-06-09,58560,502880,2
WYNN,2026-06-03,74491,0,4
UVIX,2026-06-11,82988,0,6
ORCX,2026-06-05,0,0,1
FROG,2026-06-02,85081,0,6
FLUT,2026-06-11,80189,0,2
RVMD,2026-06-01,416809,32940,13
MOS,2026-06-08,11948,0,3
CHRW,2026-06-05,14348,0,1
RR,2026-06-08,10260,0,1
IAU,2026-06-12,143150,0,2
CHTR,2026-06-03,13680,915600,10
COIN,2026-06-08,7033156,1287728,78
AMKR,2026-06-12,2228507,1449651,49
UCO,2026-06-06,10868,0,1
XLK,2026-06-06,802893,1902953,54
DGXX,2026-06-05,349060,0,2
IREN,2026-06-09,1853111,144743,102
BULL,2026-06-10,92525,0,12
GLXY,2026-06-11,288394,0,18
RLAY,2026-06-02,160270,0,5
ESAB,2026-05-29,0,0,1
CASY,2026-05-19,182910,0,1
CAVA,2026-06-04,0,74260,9
V,2026-06-11,422275,325786,12
NASA,2026-06-04,28570,0,9
FOUR,2026-05-30,0,14400,1
ILMN,2026-06-09,0,0,1
DFEN,2026-06-10,0,0,1
STM,2026-06-04,669722,0,5
SCCO,2026-06-12,0,0,2
CHWY,2026-06-01,0,0,1
DXYZ,2026-06-04,80360,0,1
LABU,2026-05-30,40000,0,1
RUM,2026-06-10,20160,0,2
DPRO,2026-06-01,0,0,2
AWK,2026-06-06,0,12495,1
SPX,2026-06-09,11911800,1399882,41
CRL,2026-06-12,73870,0,1
DXYZ,2026-06-06,0,0,1
ALB,2026-05-30,0,0,2
BNY,2026-05-29,12479,0,1
GEV,2026-06-08,178600,636060,11
DKS,2026-05-30,17600,0,1
VELO,2026-06-01,66461,0,4
KLAC,2026-06-04,0,79840,4
FLEX,2026-06-04,79750,0,1
FORM,2026-06-10,0,37000,3
PENN,2026-06-11,76665,0,4
YINN,2026-06-10,14291,0,2
CBOE,2026-06-04,1093132,0,4
CBRL,2026-06-02,131717,0,1
DUOL,2026-06-09,351591,512505,15
TOST,2026-06-12,0,234740,6
YPF,2026-06-02,367990,0,1
GEN,2026-06-09,0,0,1
ETSY,2026-06-02,0,0,3
BLK,2026-06-03,514830,65320,2
VELO,2026-06-02,164240,0,6
AXSM,2026-06-05,45630,0,1
BYD,2026-06-02,10337,0,1
COMP,2026-06-12,13750,0,2
ENVX,2026-06-10,14000,0,1
MRVL,2026-06-02,21251239,6218299,218
ZSL,2026-06-05,0,0,2
DASH,2026-06-05,0,0,3
PYPL,2026-06-09,561705,33650,16
ABNB,2026-06-10,0,0,1
KEEL,2026-06-12,108200,0,7
CRS,2026-06-11,419650,0,3
BNO,2026-06-08,0,29900,3
RNG,2026-06-01,78978,0,3
QUBT,2026-06-06,0,0,2
RKLX,2026-06-06,0,0,1
VIX,2026-06-04,1239245,0,6
APTV,2026-06-03,287569,0,11
ALK,2026-05-29,201834,0,3
BW,2026-06-06,16800,0,1
UCO,2026-06-12,27460,193972,5
SOXX,2026-05-30,15310,581151,10
UPS,2026-06-09,251250,123910,5
NASA,2026-06-12,553426,13522,38
SLS,2026-06-02,0,21320,5
ACN,2026-06-03,986467,0,6
BITO,2026-06-10,14376,0,1
FTNT,2026-06-12,290385,0,3
XLE,2026-05-30,641087,680451,31
CF,2026-06-05,80995,0,9
CRWV,2026-06-05,2806483,1404893,163
HPE,2026-06-01,1318052,60200,19
NTNX,2026-06-04,133705,0,3
AXTI,2026-06-02,3695554,232220,20
BCS,2026-06-01,0,0,1
RKLB,2026-06-08,279109,314538,8
PZZA,2026-06-03,10230,0,3
SPXW,2026-06-11,14346600,22416527,395
BBD,2026-06-10,0,0,1
TE,2026-05-19,152126,83000,13
HPQ,2026-06-05,100110,0,2
PLAB,2026-06-05,0,0,1
DKS,2026-06-06,0,0,1
HL,2026-06-06,166232,0,3
ABVX,2026-06-03,606175,180312,37
DGXX,2026-05-30,0,0,1
RDW,2026-06-12,286549,137950,13
MSGS,2026-06-10,0,21560,1
CSX,2026-06-09,0,0,1
MOS,2026-06-12,49514,0,4
ULTA,2026-06-01,29040,68630,5
NVDL,2026-06-03,320623,1350950,18
BETR,2026-05-30,0,0,1
DPZ,2026-05-19,0,0,1
XOVR,2026-06-09,30614,15120,3
REPL,2026-06-04,0,0,1
COHR,2026-06-02,4401336,754269,27
BP,2026-06-11,102582,0,1
AVAV,2026-06-06,0,32660,8
EW,2026-06-01,0,0,1
SYM,2026-06-03,0,0,2
NEE,2026-06-08,0,0,7
TQQQ,2026-06-03,1309185,541427,45
LNG,2026-06-09,0,0,2
TSLA,2026-06-08,8515445,3708959,95
MDY,2026-06-02,202440,0,2
APO,2026-06-08,185770,0,1
DRI,2026-06-06,0,11200,1
DOCU,2026-06-06,75022,134712,9
EQT,2026-06-08,0,0,2
ORLY,2026-06-04,115420,0,1
NOW,2026-06-11,525135,150360,14
DLTR,2026-06-06,0,0,3
QS,2026-06-03,47120,52408,9
PANW,2026-06-06,558978,176650,15
GFS,2026-05-30,23930,196941,5
MTB,2026-06-09,0,0,1
SPXL,2026-05-30,175910,0,2
EFA,2026-06-02,0,0,5
TEAM,2026-06-10,0,165148,8
MARA,2026-06-09,75480,52247,20
CRM,2026-06-03,1414156,125300,19
MRK,2026-06-04,205850,0,2
DLR,2026-06-09,0,0,1
FLEX,2026-06-11,188670,0,2
ENS,2026-06-03,0,0,1
U,2026-06-01,1505971,16050,22
POWL,2026-06-10,0,302610,3
LGN,2026-06-03,31640,0,1
XLY,2026-05-30,223972,49950,6
BIRK,2026-06-12,0,0,5
XRPT,2026-06-05,0,0,1
ENPH,2026-06-12,224659,129675,16
SATS,2026-06-06,842707,551090,43
METC,2026-06-06,0,15000,1
MTUM,2026-06-09,0,146150,3
T,2026-05-30,75600,132637,2
MCHI,2026-06-04,0,26550,1
RKLB,2026-06-03,773656,744949,34
OKE,2026-06-09,0,87010,1
FUN,2026-06-06,0,0,1
KMB,2026-06-08,45430,0,1
GILD,2026-06-09,80150,0,3
GIS,2026-06-03,0,20120,2
SHW,2026-06-08,88200,0,1
CRSR,2026-06-04,0,0,1
SQQQ,2026-05-30,400064,67200,8
EXPE,2026-06-02,32870,0,1
CCJ,2026-06-10,316683,116660,12
RIOT,2026-06-11,1801253,25375,13
CRK,2026-06-10,71307,0,5
BB,2026-06-11,182634,49756,11
BROS,2026-05-30,0,165306,1
ACHR,2026-06-08,36998,20422,3
SQQQ,2026-06-03,138896,0,7
GLW,2026-06-04,215381,826011,5
GBDC,2026-06-04,0,15000,1
TGB,2026-06-05,131015,0,1
BNTX,2026-06-12,0,0,1
ADBE,2026-06-11,3499136,2330273,49
TMC,2026-06-12,44687,0,4
HYMC,2026-06-04,0,181560,1
WRBY,2026-06-06,0,0,3
MSOX,2026-06-09,0,0,1
VRRM,2026-06-09,0,35775,1
CAH,2026-06-03,231750,0,3
HTZ,2026-06-08,11577,0,1
HPQ,2026-06-01,2270178,28973,76
CASY,2026-06-01,0,0,1
BIRK,2026-06-10,24259,0,1
CEG,2026-06-08,0,0,1
CTOS,2026-05-30,0,0,1
CB,2026-06-10,0,50434,1
NXE,2026-06-11,0,20880,3
FTNT,2026-06-08,252332,0,2
AA,2026-06-09,28545,77057,7
ROBN,2026-06-11,0,177230,2
UVIX,2026-06-12,0,0,2
BMRN,2026-05-29,26496,0,1
M,2026-06-11,88758,10270,5
PRGO,2026-05-29,0,0,1
DT,2026-06-03,0,0,1
VRTL,2026-06-12,0,0,1
LEN,2026-06-09,0,0,1
VIK,2026-05-30,0,0,3
OUST,2026-06-06,26044,0,4
SNXX,2026-06-03,52500,24400,5
WMT,2026-06-02,0,0,1
RKLB,2026-05-30,1162033,81600,16
BUG,2026-06-01,69998,0,1
SGHC,2026-06-09,33399,0,2
NOC,2026-06-02,335028,0,1
DG,2026-06-10,0,0,7
DRTS,2026-05-30,32000,0,1
IGV,2026-06-12,145935,2150134,50
ASX,2026-06-10,0,0,1
NBIS,2026-06-04,266215,1075125,36
VIXY,2026-06-05,114058,0,3
PGY,2026-06-01,0,0,1
JOBY,2026-06-06,22990,204910,9
NCLH,2026-06-01,0,0,1
GME,2026-06-01,0,0,2
FDS,2026-06-01,0,17775,1
TECL,2026-06-11,35960,196580,15
SEPN,2026-06-11,0,0,1
HL,2026-06-05,0,0,5
SNXX,2026-05-29,0,0,1
ZS,2026-05-30,528413,28082,32
BBAI,2026-06-12,0,0,1
ABG,2026-06-02,40160,0,1
ORBS,2026-06-03,0,0,1
UNIT,2026-06-12,272540,0,2
CLS,2026-06-02,50500,0,5
ERII,2026-06-11,0,850000,1
PURR,2026-06-08,138590,16000,14
KKR,2026-06-11,0,0,1
PATH,2026-06-11,42484,0,2
ARM,2026-06-11,1162695,210725,23
DUK,2026-06-06,51180,82475,2
RKLB,2026-06-02,2845355,777710,35
CAG,2026-06-03,25715,44200,5
SQQQ,2026-06-11,892844,85121,55
IOT,2026-06-12,0,561210,2
ABNB,2026-05-19,458926,0,1
AMKR,2026-06-02,857402,0,29
EWT,2026-06-10,64776,21282,4
GNRC,2026-06-12,78448,567600,5
DXC,2026-06-11,40349,0,3
DPST,2026-06-09,0,24920,4
OKLO,2026-06-06,361744,549764,27
GRPN,2026-06-08,0,0,1
TMF,2026-06-01,11600,11340,4
TSLL,2026-06-04,57432,0,3
AGX,2026-06-08,0,0,1
FRVO,2026-06-09,413820,0,7
LRCX,2026-06-02,1790009,176065,25
ASAN,2026-05-19,10500,0,1
HPQ,2026-05-19,96560,0,2
UNM,2026-06-08,1765500,0,4
FRPT,2026-05-29,137940,0,2
HD,2026-06-04,0,0,3
TGT,2026-06-12,83440,69845,5
LUV,2026-06-06,0,0,2
CDE,2026-06-05,10395,0,5
HSBC,2026-06-12,246308,0,1
NEM,2026-06-06,0,94257,1
ZVRA,2026-05-29,0,0,1
FITB,2026-05-30,0,0,1
LNG,2026-06-11,0,0,1
ROP,2026-06-03,0,0,6
GIS,2026-06-06,0,0,1
PM,2026-06-03,531830,0,10
GAP,2026-06-04,11832,0,1
ARES,2026-06-05,0,0,2
LUV,2026-06-01,0,0,1
ETHU,2026-06-03,0,0,1
CLSK,2026-06-08,87589,0,9
PBF,2026-06-11,0,0,2
FAS,2026-06-04,34250,76170,9
HEI,2026-05-19,139998,0,1
ALNY,2026-06-09,17500,0,1
KEEL,2026-06-01,86211,0,4
EEFT,2026-06-10,16740,0,2
NUE,2026-06-09,129980,115200,2
VOO,2026-05-19,277691,959760,3
KOLD,2026-06-01,0,0,1
EWY,2026-05-30,733054,2662357,32
BILI,2026-06-12,0,0,1
ARM,2026-06-09,841459,372955,13
CRWG,2026-05-19,0,231190,1
ADI,2026-06-06,445950,321510,7
EEM,2026-06-12,117839,319890,13
GEHC,2026-06-08,12320,0,1
MPC,2026-06-04,0,53760,2
BILI,2026-06-10,0,0,1
XBI,2026-06-02,105586,123001,13
KORU,2026-06-12,1222470,314762,17
DKNG,2026-06-12,167123,134853,22
SWKS,2026-06-06,0,0,3
AEIS,2026-06-02,186560,0,1
ROKT,2026-06-04,27970,0,2
AKAM,2026-06-03,257570,0,12
ROKU,2026-06-02,84254,674544,10
ASAN,2026-06-02,0,0,2
ETN,2026-06-08,0,0,10
LASE,2026-06-05,0,0,5
TE,2026-05-30,106489,12004,9
CCJ,2026-06-08,14000,310654,9
XLU,2026-06-06,0,0,7
JBL,2026-06-09,15680,53790,6
TEM,2026-06-02,225429,0,34
FISV,2026-06-08,58065,0,1
NNE,2026-05-19,0,0,1
INOD,2026-06-02,162709,0,14
NOK,2026-06-09,396687,0,19
DKNG,2026-06-10,1258872,41873,36
SHEL,2026-06-02,76940,0,3
KOLD,2026-06-11,13440,0,1
ORCX,2026-06-11,10300,0,1
LYFT,2026-05-30,12500,92460,4
CLF,2026-06-04,22188,0,7
TREX,2026-06-05,0,0,1
AAL,2026-06-08,0,33000,4
QS,2026-06-06,30080,0,4
HUM,2026-06-03,20999,167440,6
SVIX,2026-06-06,0,62785,2
PYPL,2026-06-05,686668,225514,18
NEE,2026-06-02,158035,223870,3
CVS,2026-06-09,0,351210,1
HUN,2026-05-29,99207,0,1
DIS,2026-06-01,0,0,1
ANET,2026-05-29,318596,61875,5
UBER,2026-06-01,931099,296296,13
CRM,2026-06-02,4044951,416360,56
GBTC,2026-06-06,12118,25817,4
FBTC,2026-06-04,0,53972,1
QDEL,2026-06-05,0,0,1
PLCE,2026-05-29,28930,0,5
SN,2026-06-11,25190,0,2
IEF,2026-06-10,31960,0,2
Z,2026-06-11,16516,0,3
AWK,2026-06-09,0,0,1
V,2026-06-09,0,0,5
ALNY,2026-06-08,90270,0,6
TPL,2026-06-12,0,0,1
SMMT,2026-05-29,0,37530,1
EWT,2026-06-02,13100,0,1
TNA,2026-06-12,31795,29200,9
KORU,2026-06-09,604500,17900,7
SPYM,2026-06-12,560850,0,3
ADM,2026-06-03,37099,0,5
POWI,2026-06-01,0,94864,1
IONS,2026-06-12,88966,0,1
LINC,2026-06-02,28551,0,2
POET,2026-06-11,161137,20300,8
PLUG,2026-06-10,135325,0,6
COP,2026-06-04,0,218123,2
ALM,2026-06-09,0,0,3
FLYW,2026-06-03,0,0,1
EXC,2026-06-11,0,0,1
UMAC,2026-06-03,129495,11260,21
BDX,2026-06-08,87320,0,1
ASX,2026-06-03,198509,0,2
BMNR,2026-05-30,329495,225396,23
EUV,2026-05-29,22039,0,1
PM,2026-06-11,153220,0,2
MX,2026-06-02,73710,0,6
HYMC,2026-06-01,27895,0,1
AXP,2026-06-03,58125,0,2
GILD,2026-06-03,120928,0,3
ALB,2026-06-06,17100,0,3
XOM,2026-06-03,189000,0,1
SOC,2026-05-19,12485,0,2
APYX,2026-06-12,87500,0,1
ONDS,2026-06-10,194445,454935,31
NXT,2026-06-10,30020,25000,7
CEG,2026-06-05,0,283827,2
ZM,2026-06-10,27648,42465,16
VOYG,2026-05-19,33154,0,1
CENX,2026-06-05,0,0,1
EXK,2026-06-05,0,0,2
AGI,2026-06-06,84419,0,1
ETR,2026-06-11,26200,0,1
EFA,2026-06-06,0,4169213,44
LUNR,2026-06-12,99808,421600,23
VERI,2026-06-03,13235,0,1
GNRC,2026-05-30,0,86730,1
DELL,2026-06-10,4059577,2161988,45
TSM,2026-06-02,687215,490446,21
OIH,2026-05-19,212837,0,1
M,2026-06-08,17947,0,1
T,2026-06-09,0,0,3
SYNA,2026-06-04,0,0,1
LULU,2026-06-04,318030,547030,29
JNJ,2026-06-03,160159,0,1
BWA,2026-06-03,539804,0,12
PGR,2026-06-10,0,256200,1
DRI,2026-06-04,0,92650,1
MCY,2026-05-30,260800,0,6
MARA,2026-06-03,117276,352897,38
KORU,2026-06-08,0,176850,3
AMZN,2026-06-02,16681631,3290872,60
FCFS,2026-06-02,0,0,1
LBRT,2026-06-10,14579,0,1
IOVA,2026-05-19,0,0,1
GRPN,2026-06-01,0,0,2
GLXY,2026-06-12,369890,40006,14
TAN,2026-06-08,0,30040,2
UNP,2026-05-30,125580,60000,7
SMMT,2026-06-05,0,0,2
FSLR,2026-06-10,141116,438610,18
TMUS,2026-06-08,0,158001,2
TMV,2026-06-06,49584,0,1
GCT,2026-06-03,0,0,1
RMBS,2026-06-02,0,514087,4
CRWD,2026-06-11,458615,626646,15
IMAX,2026-06-09,12870,0,1
NVDU,2026-06-02,0,0,1
MTZ,2026-06-02,111400,539090,12
PFSI,2026-06-11,0,0,1
ONDS,2026-06-11,198672,38689,16
ASTS,2026-06-11,1670881,2006844,76
WM,2026-06-08,0,0,1
BBY,2026-06-04,23400,10785,2
VNQ,2026-06-12,18540,0,1
ANF,2026-06-12,0,0,3
GLD,2026-05-30,1335849,362611,47
TSM,2026-06-08,2321487,0,13
CIB,2026-06-02,0,0,1
PLUG,2026-06-12,0,10250,2
GOOG,2026-06-09,1304491,2415639,29
TSLA,2026-06-06,12724280,12865239,171
RGTI,2026-06-08,52095,12060,11
EOSE,2026-06-12,40020,0,2
PFSI,2026-06-05,0,0,1
FIVN,2026-06-02,32500,0,2
EL,2026-06-11,0,0,4
WSM,2026-06-10,0,13320,1
WDFC,2026-06-11,18400,0,1
SMTC,2026-05-30,0,0,7
AAPL,2026-06-01,840170,759079,20
OTEX,2026-06-02,64414,15546,8
MDB,2026-06-09,193130,127365,19
TWLO,2026-06-11,0,10770,1
HRI,2026-06-05,19964,0,2
WDC,2026-06-05,1724565,80500,13
FRMI,2026-05-29,1247166,0,10
VELO,2026-06-05,16350,0,2
QXO,2026-05-29,12856,0,1
TTMI,2026-06-01,0,0,3
ARQQ,2026-05-19,18295,0,1
XBI,2026-06-11,20416,178926,12
ELVN,2026-06-12,0,0,1
FN,2026-06-01,0,0,2
STRL,2026-06-06,0,0,1
META,2026-06-06,7074804,9724876,116
LULU,2026-06-01,373659,26020,17
TECL,2026-06-10,19520,681974,32
PWR,2026-06-03,242720,102250,3
NKE,2026-06-02,0,0,5
TEAM,2026-05-30,447001,166292,19
MCD,2026-06-09,50500,0,4
PCT,2026-06-09,0,0,2
CRWD,2026-06-08,0,0,2
IDA,2026-06-03,435000,0,3
NXPI,2026-06-11,0,459200,2
ARKG,2026-06-05,12880,0,5
PLAB,2026-06-12,0,0,1
LRCX,2026-05-30,297541,0,6
SHW,2026-06-09,0,0,1
CRWG,2026-06-01,487072,0,1
SMH,2026-06-01,169100,527812,25
DIA,2026-06-02,363214,124565,21
AMC,2026-06-02,669506,35610,38
NVDA,2026-06-09,6733943,5396461,78
PBA,2026-05-30,0,0,1
PLD,2026-06-03,0,277720,1
WDAY,2026-06-01,228006,58525,19
WYFI,2026-06-06,70072,0,1
GDS,2026-06-04,15040,0,2
CAVA,2026-06-02,14200,80431,8
UVIX,2026-06-02,40210,0,4
UUUU,2026-06-11,0,0,1
FBIN,2026-06-02,24776,0,3
ZTS,2026-06-06,0,13600,3
FVRR,2026-06-04,0,12301,1
APLD,2026-06-06,129113,46596,21
BTBT,2026-06-12,0,0,1
BNTX,2026-05-30,0,0,2
RTX,2026-06-01,89531,121080,3
FRO,2026-05-19,34320,0,1
CB,2026-06-04,71280,0,1
GS,2026-06-06,175410,264085,23
AAOX,2026-06-12,24857,0,2
HUM,2026-06-09,208998,18500,5
DAL,2026-06-01,181250,65565,3
ETR,2026-06-05,77190,0,3
STZ,2026-05-30,20900,0,1
BE,2026-06-11,1680325,2353451,40
CHKP,2026-06-02,17820,0,1
PBF,2026-06-08,11250,0,3
FTNT,2026-06-04,0,519997,3
FSM,2026-06-06,0,0,2
MSFT,2026-06-02,20457419,2577338,167
ACN,2026-06-11,73820,95550,2
VIRT,2026-06-06,0,0,1
ZSL,2026-06-10,0,10560,1
FROG,2026-06-03,265200,0,13
PPLT,2026-06-10,0,11547,2
ADSK,2026-06-04,0,0,3
KTOS,2026-06-02,168495,58740,13
HBAN,2026-06-04,0,0,1
DRAM,2026-06-11,893507,44778,33
FICO,2026-06-03,0,0,1
MXL,2026-06-12,0,31000,1
META,2026-06-04,17931688,3553297,98
SRAD,2026-05-29,2105000,0,2
UFO,2026-05-30,75438,0,3
USAR,2026-06-11,0,40120,7
XYZ,2026-06-06,26620,0,9
CAR,2026-06-05,529400,124951,15
ARRY,2026-06-01,30755,0,1
A,2026-06-08,0,0,1
BMY,2026-06-10,0,62090,1
SAP,2026-06-01,52500,0,2
UWMC,2026-06-03,0,0,1
PG,2026-06-12,138496,0,3
PHM,2026-06-09,12838,0,1
VNQ,2026-06-03,28807,0,1
SLDP,2026-06-06,11500,0,1
JOBY,2026-06-11,10950,19800,2
CIEN,2026-06-09,137500,1024581,13
BMY,2026-06-04,263336,0,3
COPX,2026-05-30,0,115000,2
ARRY,2026-06-05,1629011,0,87
VELO,2026-06-11,123376,63267,17
FINV,2026-06-01,0,0,1
RKT,2026-06-10,522680,0,19
PENG,2026-06-09,10080,283930,7
AA,2026-06-10,153578,21641,6
PTON,2026-05-30,47396,0,5
ADM,2026-06-06,0,54964,3
ALOY,2026-06-06,0,0,1
CLF,2026-06-06,59700,0,7
FDS,2026-06-09,47960,0,1
EMBJ,2026-06-10,0,0,1
PFE,2026-06-12,0,0,2
MU,2026-06-04,29233045,12441723,184
OIH,2026-06-02,0,0,1
AAL,2026-06-04,93945,105972,8
SMH,2026-06-05,3538275,13412664,126
WBD,2026-06-11,0,0,1
FIVN,2026-06-04,33974,0,6
PINS,2026-06-02,384800,49985,8
CNTA,2026-05-29,0,0,1
DUK,2026-06-05,0,0,1
AMPG,2026-06-06,41760,0,3
SIMO,2026-06-09,212230,260782,16
HLIT,2026-06-03,10776,0,6
MSM,2026-06-03,0,10500,1
GPRO,2026-06-03,16000,0,1
XLY,2026-06-12,312798,65941,11
MUU,2026-06-09,0,0,1
ADSK,2026-06-02,60000,14105,2
OCUL,2026-05-19,0,0,1
XLK,2026-06-04,381112,468342,28
EDC,2026-06-01,12570,0,1
TOST,2026-05-29,15578,0,3
FANG,2026-06-02,90780,0,3
RVMD,2026-06-12,85050,0,3
CZR,2026-06-02,83330,0,6
CASY,2026-05-30,0,0,1
AIBU,2026-06-02,13755,0,1
SNAP,2026-05-30,12500,36152,5
ARWR,2026-06-10,19996,0,1
MS,2026-05-29,712336,281800,6
BULL,2026-06-08,0,0,1
DPZ,2026-06-06,0,68320,3
GGAL,2026-06-03,0,0,1
BNO,2026-06-05,510744,0,12
CMG,2026-06-02,50427,40278,16
ALKS,2026-06-05,0,0,1
ETHA,2026-06-12,27972,135516,16
FTAI,2026-06-08,0,51224,1
PAGP,2026-06-01,0,0,1
CBRG,2026-06-04,0,19805,5
MS,2026-05-30,380000,366983,7
HNGE,2026-06-02,50244,0,3
SNAP,2026-06-04,143197,0,12
MRAM,2026-06-03,125760,0,5
F,2026-06-12,99120,0,8
RH,2026-05-19,47999,0,2
QSR,2026-06-08,0,0,1
SU,2026-05-30,335714,0,3
CBRS,2026-06-11,72891,0,10
ASTS,2026-05-30,2449434,226937,122
SRAD,2026-06-01,83494,0,2
BNTX,2026-06-02,0,209063,8
VEEV,2026-05-19,84000,0,2
GLW,2026-06-03,2571362,479161,25
XYZ,2026-06-01,48527,0,11
HL,2026-06-09,24200,0,6
QXO,2026-06-05,275475,0,8
AGQ,2026-06-03,20400,14200,3
BIIB,2026-06-10,20280,0,1
SNXX,2026-06-09,11960,0,2
SE,2026-06-12,0,384403,4
RUN,2026-06-12,11063,404919,21
AMKR,2026-06-06,0,33120,3
TCOM,2026-06-02,0,17100,3
VGNT,2026-05-30,0,0,1
ERO,2026-06-02,324519,52500,2
RFIL,2026-05-29,0,0,1
H,2026-06-12,0,0,1
AXP,2026-06-05,169305,145505,5
GLW,2026-05-30,303240,0,2
IGV,2026-06-10,801591,1400151,64
SIVR,2026-05-30,0,0,1
BNY,2026-06-04,716062,0,5
GAP,2026-06-02,48384,0,1
PDYN,2026-06-04,0,0,1
HOOD,2026-06-11,2535365,293804,40
ALB,2026-06-08,216294,254415,5
AVAV,2026-06-12,21709,258851,7
KYIV,2026-06-10,0,15585,1
AVL,2026-06-04,228200,0,2
KOLD,2026-06-12,0,0,1
MXL,2026-06-03,14970,0,10
TSN,2026-06-10,10350,0,1
VRTL,2026-06-03,219500,0,2
OII,2026-06-08,19958,0,1
LOW,2026-06-10,256682,0,3
SEZL,2026-06-02,107360,16800,2
SOLV,2026-06-10,46622,0,2
ALM,2026-06-03,26105,0,1
CLX,2026-06-05,59330,528105,5
GFI,2026-06-12,0,0,1
AMKR,2026-06-04,873783,0,14
FCEL,2026-06-04,12290,38375,3
LYB,2026-06-06,160050,0,1
FUTU,2026-06-12,61745,28780,2
MMM,2026-06-09,55800,0,2
GWRE,2026-05-19,0,0,1
UNIT,2026-06-02,0,0,1
CCC,2026-06-01,166979,0,1
NVTS,2026-06-08,21155,32969,5
FTNT,2026-06-10,0,232123,3
MSFT,2026-06-11,3308709,2253904,42
NVDL,2026-06-10,38125,0,2
USD,2026-06-04,0,0,1
SWK,2026-06-02,0,0,1
LITX,2026-06-04,28290,0,1
KRE,2026-06-04,105476,10907,13
RCAT,2026-06-01,112748,21000,9
MSI,2026-06-10,337428,0,2
AAL,2026-06-09,75405,64578,11
OIH,2026-06-09,0,0,1
RXRX,2026-05-29,239373,0,13
VSAT,2026-06-02,104445,11360,13
TE,2026-06-08,50166,0,8
ABT,2026-05-30,534064,0,2
CAR,2026-06-12,0,0,2
BKSY,2026-06-03,182428,328908,6
ORCL,2026-06-01,22307178,2755860,106
BORR,2026-05-19,71250,0,2
S,2026-05-30,22860,63180,4
KR,2026-06-11,508620,0,3
KSS,2026-05-30,25939,0,5
ETN,2026-06-11,213150,154280,9
SBGI,2026-06-02,0,0,1
CDNS,2026-06-08,205800,0,1
ACN,2026-06-10,0,210010,4
TJX,2026-06-01,94170,0,1
AKAM,2026-06-05,70566,94340,8
DUOL,2026-05-30,134028,0,3
AMPL,2026-05-30,0,0,1
LRCX,2026-06-08,1357826,131810,14
NEM,2026-06-12,0,0,2
AAPU,2026-05-29,0,0,1
TEM,2026-06-04,1204624,30495,25
BTDR,2026-05-30,23984,49710,7
ORCL,2026-06-10,9126388,2123960,62
BROS,2026-06-08,0,0,1
TEVA,2026-06-06,0,43120,3
GKOS,2026-06-09,48990,0,2
NVDA,2026-06-10,28644524,8677203,145
IRDM,2026-06-05,10372,0,3
LUNR,2026-06-04,485663,56586,18
BULL,2026-06-03,0,0,3
LMB,2026-06-02,0,11005,2
GS,2026-05-30,201655,349745,6
XRT,2026-06-02,0,17186,1
CHTR,2026-05-30,14069,124865,5
AAOX,2026-06-08,0,81602,3
FIGR,2026-06-11,93925,0,12
IRDM,2026-06-01,19416,0,1
KGS,2026-05-30,0,0,1
SNPS,2026-06-04,0,84620,3
BTU,2026-06-10,0,79083,2
XPO,2026-06-09,0,88750,1
SIL,2026-06-01,0,0,1
ICE,2026-06-10,77042,0,1
NEBX,2026-06-06,0,0,1
NUAI,2026-06-04,69690,10020,6
PBR,2026-06-01,97920,0,1
SMCI,2026-06-09,1384461,414978,74
FSLR,2026-06-12,531631,194810,19
TRI,2026-05-29,0,29560,3
ADBE,2026-06-05,314933,1384183,16
RUT,2026-06-11,6161175,0,4
LPTH,2026-06-04,0,38842,1
XLV,2026-06-02,430742,72131,9
FIG,2026-06-04,813500,42620,9
PCG,2026-05-29,185088,32680,11
FMC,2026-06-06,31000,0,1
QXO,2026-06-11,113239,18000,7
HYMC,2026-05-30,0,0,1
APD,2026-06-09,0,0,1
PLNT,2026-06-03,0,12800,3
AXON,2026-06-12,0,567741,4
CRGY,2026-06-04,0,0,1
HCC,2026-05-29,0,0,2
LASE,2026-06-03,834913,0,26
AAOX,2026-06-06,0,0,3
TREE,2026-06-11,0,0,1
GME,2026-06-08,0,12312,4
CAL,2026-06-02,0,0,2
WSM,2026-06-03,0,66366,2
COPX,2026-06-01,131340,0,2
IEF,2026-05-30,0,0,1
KSS,2026-06-02,96872,0,5
BHVN,2026-06-06,13770,0,1
CONL,2026-06-01,0,19220,1
RPD,2026-06-02,0,0,1
SANM,2026-06-05,14570,0,3
FSM,2026-06-03,0,55000,1
FXI,2026-06-10,94300,48980,4
BKSY,2026-06-12,273982,0,4
SNDU,2026-06-11,24800,0,2
DLTR,2026-06-02,353689,13950,6
LQD,2026-06-03,0,10787,2
SPXW,2026-06-12,37605121,16204231,475
JCI,2026-06-03,772800,492299,4
ROST,2026-06-11,0,162638,1
NVTS,2026-06-01,716863,18200,10
GDX,2026-06-05,105896,291721,38
EG,2026-06-03,0,0,1
MSTR,2026-06-09,1302646,2247640,115
OWL,2026-06-06,22000,0,3
CRSP,2026-06-02,0,0,1
QXO,2026-05-30,33075,0,2
ETOR,2026-05-19,25801,0,1
PDD,2026-06-10,97200,844774,12
PENN,2026-06-09,0,12740,1
NVST,2026-06-10,11250,0,1
KGC,2026-06-02,0,0,1
MTSI,2026-06-09,0,0,1
ALHC,2026-06-10,16360,0,3
MDB,2026-06-02,1664347,759618,57
BMNR,2026-06-02,281019,114521,38
AAOI,2026-06-09,5042806,648262,126
PL,2026-06-11,55402,44080,12
AAL,2026-06-06,39450,27713,6
FTAI,2026-06-12,0,138320,5
AAP,2026-06-06,0,53826,1
EFOR,2026-05-30,0,0,1
CAT,2026-06-10,0,309635,8
AXTI,2026-06-10,0,0,6
GLIBK,2026-06-04,0,148500,1
ACN,2026-06-04,0,86430,1
SITM,2026-05-30,0,149999,3
KMX,2026-06-10,14250,49140,4
MCK,2026-06-10,0,0,2
CR,2026-06-10,15000,0,1
TSM,2026-06-09,1547495,3783309,31
ALOY,2026-06-03,0,0,2
VIX,2026-06-06,10112608,244440,24
C,2026-05-30,372881,0,4
MSTU,2026-05-19,0,0,1
LYV,2026-05-30,0,106400,2
CAH,2026-06-10,15980,0,2
WMT,2026-06-04,127500,602299,4
RR,2026-06-03,11550,0,2
URA,2026-06-10,0,87735,6
CAR,2026-06-02,131000,14250,6
UUP,2026-06-04,0,0,1
DOCN,2026-06-09,420000,0,5
NEE,2026-06-09,87396,194280,2
DXCM,2026-06-01,32000,0,1
AJG,2026-06-10,56060,0,1
WES,2026-06-03,128760,0,1
PL,2026-05-19,0,0,1
AGNC,2026-06-12,0,17013,3
NN,2026-05-30,0,0,1
BAND,2026-06-11,85000,0,1
HD,2026-06-02,104454,0,4
FIVE,2026-06-03,0,106365,1
BULL,2026-06-12,64740,0,14
SBUX,2026-05-30,0,0,2
AVAV,2026-06-09,31199,75920,5
PRCT,2026-05-19,18000,0,1
GD,2026-06-08,0,0,2
TE,2026-06-10,178922,0,9
MSFU,2026-06-02,18424,0,4
SLB,2026-06-09,91785,318970,5
AOSL,2026-06-02,0,0,6
CME,2026-06-08,0,0,1
PGR,2026-06-12,0,56870,2
CPER,2026-05-30,0,0,6
TTMI,2026-06-08,0,0,1
ABBV,2026-06-09,231510,0,5
MDLN,2026-06-02,0,0,1
CVX,2026-06-09,0,59600,3
DIA,2026-06-06,146220,310518,40
TBT,2026-06-05,0,0,1
PEP,2026-06-08,133510,0,1
OKE,2026-06-10,0,169980,2
VOYG,2026-06-06,0,0,1
SERV,2026-06-08,293275,0,15
LOMA,2026-06-02,0,0,1
NVT,2026-06-12,118440,0,3
GLXY,2026-06-08,4638364,47000,38
CLPT,2026-06-04,84222,0,2
SFM,2026-06-03,0,0,1
AA,2026-05-30,12090,12305,2
QBTS,2026-06-05,41920,290484,32
XRP,2026-06-03,25000,0,1
CPNG,2026-06-12,635983,20385,26
TTMI,2026-06-02,632956,250000,6
CRWD,2026-06-09,98380,287843,17
TMUS,2026-06-09,0,0,1
SFIX,2026-06-02,0,0,1
CHWY,2026-05-29,74586,68074,6
PBA,2026-06-03,36933,0,1
TXN,2026-06-12,0,0,2
CBRE,2026-06-06,0,0,1
AAOX,2026-06-02,10200,0,1
TMC,2026-06-04,83325,0,1
CRML,2026-06-03,0,0,1
UFO,2026-05-29,10898,0,2
ICHR,2026-06-12,12850,0,1
MAGS,2026-06-04,10965,15551,4
TJX,2026-06-11,0,0,3
ASX,2026-06-12,0,72100,1
RDW,2026-06-08,212000,0,15
TOST,2026-06-05,36785,0,2
DLR,2026-06-11,0,161941,1
VSAT,2026-06-08,15000,0,2
LULU,2026-06-10,67920,421975,21
C,2026-06-05,152178,469529,14
GFS,2026-06-06,0,0,2
ALB,2026-06-12,577500,111194,11
BMI,2026-06-12,22440,0,1
TZA,2026-06-02,11000,0,1
TMDX,2026-06-05,0,47280,2
PTON,2026-06-02,10440,0,1
FCX,2026-06-01,0,0,1
AAOX,2026-06-10,0,0,10
MKTX,2026-06-01,0,11200,1
OMC,2026-06-08,16320,0,1
GKOS,2026-06-10,22260,0,3
RBRK,2026-06-12,0,28750,3
BKNG,2026-06-02,233310,109914,5
ROST,2026-05-29,51590,0,1
PLD,2026-06-10,0,0,1
OSS,2026-06-02,11000,0,1
DKS,2026-06-03,106650,0,2
BTBT,2026-06-11,12411,0,2
OPEN,2026-05-30,103626,12078,9
GWW,2026-06-11,312700,0,1
QCOM,2026-06-01,7816765,3518608,44
IOT,2026-06-10,0,89705,2
WFC,2026-06-10,198610,512503,9
SLB,2026-06-10,136640,0,3
FORM,2026-06-04,0,119482,1
IWM,2026-06-11,3660866,24080602,120
JEF,2026-06-04,0,51940,2
ASML,2026-06-01,231350,0,4
GPN,2026-06-03,0,11898,6
BLDP,2026-06-08,76585,0,3
AMPG,2026-06-04,617031,0,10
TLRY,2026-06-06,45000,0,1
URNM,2026-06-10,0,69440,1
MA,2026-06-10,180390,613242,8
ALLY,2026-06-11,34100,0,1
FIGR,2026-06-09,68885,0,3
TSLA,2026-06-11,10403435,21991195,179
W,2026-06-10,14580,0,9
VNET,2026-06-11,0,0,1
DGXX,2026-06-02,28575,0,3
LMND,2026-06-08,150000,0,6
NNE,2026-06-02,161559,0,11
QXO,2026-06-02,25494,40000,2
MP,2026-06-09,0,0,7
AMBA,2026-06-09,80479,0,7
RMD,2026-05-30,44160,0,1
BBCP,2026-06-12,12899,0,1
TOST,2026-06-10,0,27750,4
DOCU,2026-06-01,40041,0,3
CRCL,2026-06-09,5958714,436628,50
EQIX,2026-06-05,284119,0,1
WDAY,2026-06-08,119196,105281,9
CRNC,2026-06-09,0,0,3
CIBR,2026-06-04,0,0,1
ICE,2026-06-01,0,150960,2
DLTR,2026-06-12,281620,295614,11
SNAP,2026-06-05,91229,0,8
V,2026-06-03,1288060,721655,11
FLY,2026-06-01,61867,29040,9
SE,2026-06-08,18193,84213,4
XLV,2026-06-05,1285160,113104,19
DOCS,2026-06-10,0,34875,1
AMC,2026-06-03,80303,0,15
PM,2026-06-06,0,55670,2
T,2026-06-10,202625,0,2
NBIS,2026-06-08,301121,163306,41
VSXY,2026-06-12,95925,0,3
DUK,2026-06-09,94232,0,1
OSS,2026-05-29,0,0,1
BLDR,2026-05-30,101750,0,1
FCEL,2026-06-03,31000,0,2
XLU,2026-06-04,37084,610687,12
INFQ,2026-06-09,0,0,3
HON,2026-06-01,305032,131670,3
PSA,2026-06-10,0,62410,1
SKY,2026-06-12,30678,0,1
MNDY,2026-06-10,0,0,1
XLK,2026-06-05,381599,842912,52
PM,2026-06-08,138032,0,1
ALK,2026-06-01,0,0,2
UUUU,2026-06-06,10722,0,4
GIS,2026-06-04,23500,0,5
UVXY,2026-06-05,414837,12832,18
VOYA,2026-06-02,44177,97955,4
VAL,2026-05-19,195910,0,3
WPM,2026-06-12,16100,0,6
BWA,2026-06-09,18013,0,3
FSLY,2026-06-11,0,12240,2
NOW,2026-05-30,1012184,112420,23
COHR,2026-06-03,0,103700,3
SILJ,2026-06-06,14744,47677,8
OPEN,2026-06-04,158661,29112,14
FVRR,2026-05-30,0,0,3
SHOP,2026-05-30,366240,0,5
WGS,2026-06-12,199500,0,3
ALGN,2026-06-06,0,0,1
PII,2026-06-09,0,0,1
PENN,2026-06-03,0,0,2
VICI,2026-06-10,0,0,1
KRMN,2026-06-09,0,294000,1
CVS,2026-06-08,0,0,1
AVTR,2026-06-08,227816,0,9
HCA,2026-06-03,0,67680,1
FXY,2026-05-29,31500,0,1
NN,2026-06-01,0,0,1
MANH,2026-06-02,39266,0,1
QUBT,2026-06-05,111314,0,11
EQT,2026-06-05,0,96327,4
EFA,2026-05-30,107026,0,1
GME,2026-06-05,68027,0,9
SNAP,2026-06-02,26586,0,3
PM,2026-05-30,96000,0,1
ONDS,2026-06-12,173597,11780,21
GDX,2026-06-03,340901,76368,18
DRAM,2026-06-01,3993721,138900,46
TXN,2026-06-01,149615,347580,12
EL,2026-06-12,29440,0,1
BSY,2026-06-04,22300,0,3
STZ,2026-06-08,0,0,2
RIOT,2026-06-04,117735,84298,12
EAT,2026-06-05,0,20280,2
BG,2026-06-05,0,28500,1
ASML,2026-06-06,343040,100800,9
PRGO,2026-06-11,79061,0,4
JBLU,2026-06-03,54338,0,5
STRC,2026-06-06,0,39140,4
CEG,2026-06-02,0,243200,6
ZETA,2026-06-09,183417,140352,8
TBLA,2026-06-05,35998,0,1
VITL,2026-06-04,0,0,1
SCO,2026-06-04,0,0,1
BWXT,2026-06-02,0,0,1
WULF,2026-06-03,118253,59920,9
UEC,2026-06-03,259976,82110,6
KTOS,2026-06-01,87788,15000,7
UNG,2026-05-30,57842,0,6
APTV,2026-06-11,242442,0,1
NEXT,2026-05-19,0,24000,1
HBM,2026-06-10,0,0,2
ETN,2026-06-03,0,194520,2
LABX,2026-06-09,46398,0,1
CSIQ,2026-05-30,15000,0,2
LABU,2026-06-10,0,15940,3
CLMT,2026-06-09,55300,0,4
ARES,2026-06-03,0,24360,2
ATOM,2026-05-29,14980,0,1
AMD,2026-06-03,15467636,4269245,83
MMM,2026-06-08,102828,0,3
LASR,2026-05-29,0,0,1
GEN,2026-06-02,73610,0,9
CPSH,2026-06-02,65820,0,2
EBAY,2026-05-30,10850,0,1
API,2026-06-03,0,17192,1
SYM,2026-06-05,128440,52405,3
AVEX,2026-05-30,111180,0,1
SSSS,2026-06-02,10140,0,1
NEXT,2026-06-05,14620,45000,2
METC,2026-06-01,0,0,1
META,2026-06-12,3555537,2985830,52
STM,2026-06-01,346339,0,2
IBRX,2026-06-06,17000,15000,4
CRWL,2026-06-02,102000,0,1
PPH,2026-06-02,0,21120,2
WES,2026-05-30,24000,25500,2
NLR,2026-06-02,16720,0,1
TAN,2026-06-09,0,52543,3
COP,2026-06-02,0,0,1
ABSI,2026-05-30,31850,0,3
NE,2026-06-10,0,0,1
SPOT,2026-06-01,0,0,1
QS,2026-05-30,0,11210,1
KLAR,2026-05-29,20234,0,4
CCL,2026-06-01,0,0,1
SHOP,2026-06-06,89250,458290,12
INOD,2026-05-30,50900,0,6
PM,2026-05-19,0,56350,3
TMHC,2026-06-04,0,0,1
AEVA,2026-06-02,0,0,1
CAG,2026-06-08,0,19000,1
RACE,2026-06-09,0,319770,4
DBA,2026-06-02,0,0,1
LLY,2026-05-30,207720,0,7
EXK,2026-06-08,0,0,1
GLD,2026-06-04,1440629,1418450,51
ITB,2026-06-09,20560,0,2
DDOG,2026-06-09,908064,162440,11
SCHW,2026-06-04,216996,274041,3
NNE,2026-06-04,0,25505,2
SNOW,2026-06-12,181701,3229435,6
UMC,2026-05-30,0,0,1
W,2026-06-12,50038,549058,8
SGML,2026-06-06,0,0,1
LRCX,2026-06-04,1419027,759261,25
KKR,2026-06-08,106350,0,6
LQD,2026-06-12,77190,0,2
DOCU,2026-06-11,0,81827,4
MRNA,2026-06-11,423495,546226,46
VIST,2026-05-19,0,0,1
IBKR,2026-06-02,321270,0,2
XP,2026-06-10,241600,0,2
ARM,2026-06-08,127120,856930,11
MRLN,2026-05-30,23998,0,1
TFIN,2026-06-11,0,55000,1
SLS,2026-06-09,30894,0,2
SHAK,2026-06-10,0,0,1
BFB,2026-06-05,0,11830,2
CRML,2026-06-11,24000,0,2
FLNC,2026-06-12,109985,160800,6
VST,2026-06-11,533524,604382,32
IONQ,2026-05-30,462763,0,15
FTAI,2026-06-06,16696,0,3
TPR,2026-06-03,101250,12160,2
SNOW,2026-06-08,94445,130210,6
PEN,2026-06-02,0,409502,2
AMCR,2026-06-10,0,0,1
FIVN,2026-06-09,21165,0,12
AVGO,2026-06-06,143000,4265318,35
LMND,2026-05-30,106640,20480,5
NFLX,2026-06-11,102545,2046728,13
AEYE,2026-05-29,40000,0,1
NXE,2026-06-03,75433,0,4
REMX,2026-06-02,0,0,1
MPWR,2026-06-04,1411200,0,1
UAMY,2026-06-11,39082,0,2
KOLD,2026-06-08,0,0,1
GIS,2026-06-09,70750,0,1
UVIX,2026-06-03,49448,0,3
OOMA,2026-06-10,15250,0,1
IRTC,2026-06-10,11770,0,2
INFQ,2026-06-11,0,0,2
MKSI,2026-06-04,0,0,1
VUG,2026-06-02,0,0,1
FTAI,2026-06-09,0,0,1
TCOM,2026-05-30,0,0,1
AMAT,2026-06-03,1639010,498870,12
KINS,2026-06-04,0,0,1
IREN,2026-06-11,1365786,1123865,121
GWW,2026-06-04,0,0,2
DKNG,2026-06-04,176539,0,7
TNA,2026-05-19,0,15410,5
PALL,2026-06-03,0,0,1
XPEV,2026-06-06,36000,0,2
ETHU,2026-06-12,0,0,1
SNPS,2026-05-30,0,108800,1
UMAC,2026-05-30,559932,0,11
KRE,2026-06-11,341362,260656,34
XNDU,2026-06-02,12000,0,1
HUM,2026-06-12,80360,103441,11
HIVE,2026-06-03,37510,0,6
NVT,2026-05-29,0,0,2
BMY,2026-05-19,0,109980,1
BMY,2026-06-01,50104,0,1
AES,2026-06-12,0,0,1
RF,2026-06-05,0,39450,1
ENVX,2026-06-05,52500,0,4
SIMO,2026-06-05,746015,0,8
FSLR,2026-06-09,467985,1397842,20
VICR,2026-06-02,38850,0,3
BKSY,2026-06-02,0,0,1
BIRK,2026-06-09,0,138965,9
AMGN,2026-05-29,0,57172,3
LYB,2026-06-09,0,0,2
WOLF,2026-06-11,61491,0,12
NFLX,2026-06-05,477614,138817,16
NASA,2026-05-30,100211,0,3
KO,2026-06-08,54940,56430,2
XLI,2026-06-03,90790,118003,13
TER,2026-06-06,445485,121310,4
ERO,2026-06-03,35000,0,1
SFM,2026-06-02,141510,0,2
WIX,2026-06-02,0,0,1
NAKA,2026-05-29,0,0,1
NVDX,2026-05-29,41600,0,1
TAC,2026-06-05,20700,0,1
USAR,2026-06-04,91174,331684,8
XLK,2026-06-12,217781,163105,22
SMTC,2026-06-11,414126,0,7
CSCO,2026-06-03,1313557,230621,16
VOYG,2026-06-09,0,0,1
CAR,2026-06-01,285000,194250,2
ROST,2026-06-03,0,190310,2
ARM,2026-06-12,2924257,1263945,22
UVIX,2026-06-06,82956,106344,5
TEAM,2026-06-03,27300,111585,8
PBR,2026-06-03,60333,152000,2
WM,2026-06-11,0,55000,2
BORR,2026-06-09,0,10000,1
DOCU,2026-06-10,25376,106386,5
CME,2026-06-03,0,70930,3
MDB,2026-06-08,324129,72495,12
UMC,2026-06-02,89775,0,1
AGYS,2026-06-03,0,0,1
SPOT,2026-06-11,70191,0,4
MOD,2026-06-03,216356,0,3
NAIL,2026-06-04,0,11500,2
ONON,2026-06-06,0,0,3
RBLX,2026-06-03,11200,54250,5
RBRK,2026-06-05,268925,138245,39
HOOD,2026-06-05,5408125,413322,41
CCJ,2026-06-09,68660,1818000,17
RMBS,2026-06-10,0,37380,9
NOVT,2026-06-10,0,0,1
BDX,2026-06-10,11040,0,1
JCI,2026-06-12,60752,0,1
GRAB,2026-06-12,49939,11477,3
MLTX,2026-06-05,0,21090,1
XLU,2026-05-30,178695,195587,14
ARRY,2026-06-09,0,30035,6
PRCT,2026-06-12,34300,0,2
MS,2026-06-11,284952,0,2
BABA,2026-06-01,199089,0,17
WEN,2026-06-04,29404,0,1
FUTU,2026-06-08,31842,44655,5
IQV,2026-06-08,0,0,1
METU,2026-06-11,0,40455,2
INSM,2026-06-11,0,16200,2
HPQ,2026-06-12,0,0,4
HIVE,2026-06-05,0,0,2
RXT,2026-06-04,60159,0,2
GWW,2026-06-03,0,73000,2
XLE,2026-06-02,1958064,861347,55
KTOS,2026-06-05,61514,0,5
ZION,2026-06-02,0,18050,1
SOXS,2026-06-05,791292,27992,31
ONDS,2026-06-01,441106,0,25
XPO,2026-06-08,0,0,1
RF,2026-06-03,0,0,1
ALLY,2026-05-30,0,0,1
YINN,2026-06-11,0,0,1
RKLB,2026-06-05,809938,163557,17
PTEN,2026-06-09,15000,0,1
TPR,2026-05-29,0,0,2
OVV,2026-06-11,35200,0,1
MMM,2026-05-30,0,107584,2
BR,2026-06-03,69360,0,1
UAMY,2026-05-19,0,0,1
AKAM,2026-06-12,13400,0,6
XLV,2026-06-01,173881,0,1
PBR,2026-06-09,1598394,0,12
LNC,2026-05-19,0,132500,1
HBAN,2026-06-03,0,0,1
OUST,2026-05-30,56190,0,4
KO,2026-06-05,165609,0,1
CMI,2026-06-04,508360,0,2
RUT,2026-05-30,0,123600,2
IMSR,2026-06-05,28323,0,5
OPEN,2026-06-08,10400,19950,4
NCLH,2026-06-12,59282,143421,9
ASHR,2026-06-11,0,0,1
MGNI,2026-05-30,0,24180,1
DG,2026-06-04,420837,76540,7
EXR,2026-05-19,0,10800,1
UAN,2026-06-04,103740,0,1
MSTX,2026-06-05,45315,0,1
DQ,2026-06-10,0,0,1
SMH,2026-06-03,857270,7116720,75
PZZA,2026-05-30,306730,0,12
ALLY,2026-06-04,10880,116480,3
INOD,2026-06-08,29750,0,2
TECL,2026-06-03,15225,0,2
IRDM,2026-05-30,0,0,1
IHI,2026-06-06,35020,0,3
DXCM,2026-05-19,91496,0,2
ALAB,2026-06-09,2121667,0,16
FCEL,2026-06-10,63386,0,6
IWM,2026-06-03,499872,5622213,35
FDX,2026-06-10,51280,0,4
AI,2026-06-01,76869,16738,10
RCL,2026-06-03,0,0,2
VRRM,2026-06-01,10010,0,1
FTNT,2026-06-01,330774,155900,8
WDAY,2026-05-30,202193,936965,13
CORT,2026-06-04,0,0,2
VST,2026-06-02,242410,0,6
SPXW,2026-06-08,3512480,2530490,63
PVH,2026-06-04,34420,24000,5
AIQ,2026-06-10,12999,0,1
BMY,2026-06-11,183232,0,1
SVIX,2026-06-11,40919,0,4
AMD,2026-06-05,9235978,5838048,96
FLY,2026-06-04,114576,0,5
CDE,2026-06-06,14925,0,2
XSD,2026-06-06,0,0,1
TLRY,2026-05-30,20696,0,1
DDD,2026-06-03,0,0,3
KOPN,2026-06-11,0,10800,1
AVGX,2026-06-02,36600,0,1
BANC,2026-06-11,0,0,1
FIG,2026-05-30,63202,15700,16
TT,2026-06-10,171720,0,2
IYR,2026-06-05,0,31500,3
AI,2026-06-04,96611,223989,15
CELH,2026-06-10,144670,15400,48
LI,2026-06-12,68796,0,4
AOSL,2026-06-08,438275,18000,13
SA,2026-06-10,0,0,1
GUSH,2026-06-11,12000,0,1
APH,2026-05-29,638400,0,5
CHAT,2026-06-02,11582,0,1
LHX,2026-05-29,128400,0,1
EXPE,2026-06-09,49660,0,2
SPHR,2026-06-01,45050,0,1
UPST,2026-06-05,176212,0,11
EQIX,2026-05-19,0,0,2
AP,2026-05-19,0,0,1
EWZ,2026-06-12,1341811,231132,20
MSFT,2026-06-09,2911473,10048387,50
MAMA,2026-06-09,10715,0,1
MDB,2026-06-04,1855492,551132,49
LOAR,2026-05-19,0,0,1
HAL,2026-06-01,35950,0,3
NVT,2026-06-06,419517,0,2
ZS,2026-06-09,41494,318501,18
NTNX,2026-06-05,0,0,1
DOCU,2026-06-02,573534,72248,18
DLTR,2026-06-01,0,97995,5
AI,2026-06-10,86250,169861,2
BZAI,2026-06-06,13500,0,1
INSW,2026-05-29,0,61500,1
FPS,2026-06-11,0,55250,3
AXP,2026-06-12,0,715325,4
AZO,2026-05-19,106560,0,2
UPRO,2026-06-10,0,135062,12
RCL,2026-06-12,165059,479181,6
FXI,2026-06-11,0,19573,4
DGXX,2026-05-29,36685,0,2
ADI,2026-06-01,320920,183150,6
HPQ,2026-06-06,364510,23600,7
CAMT,2026-06-03,0,0,1
ARWR,2026-05-19,0,20100,1
AIRJ,2026-06-05,14570,0,1
SATS,2026-06-11,2927677,87991,71
BJ,2026-06-02,0,0,1
TENB,2026-06-09,0,0,1
HBM,2026-06-05,37010,0,1
XLB,2026-06-12,0,23680,1
SYK,2026-06-12,0,0,1
ACLS,2026-06-05,12160,0,2
AKAM,2026-06-01,229704,43125,31
HON,2026-06-02,655081,62900,9
CHTR,2026-06-05,46940,14802,6
HUBS,2026-06-10,0,0,2
XYZ,2026-06-04,550930,548057,25
TMDX,2026-06-06,0,0,4
BE,2026-06-12,1855728,591105,22
ASPI,2026-06-04,0,0,2
AMC,2026-05-19,10500,0,1
VLO,2026-05-30,83300,0,1
HST,2026-06-06,0,21905,1
COLO,2026-06-12,49000,0,2
ASAN,2026-06-10,0,0,2
RPD,2026-05-29,0,0,2
CCOI,2026-06-10,0,0,1
VECO,2026-06-05,0,10205,1
MA,2026-05-29,0,321394,3
ALOY,2026-06-01,50675,0,3
XOM,2026-05-29,0,240504,3
ADEA,2026-06-05,82900,0,5
VSAT,2026-06-09,0,61620,3
UPRO,2026-06-04,12948,0,3
CRDO,2026-06-06,303340,329708,21
TT,2026-05-30,0,58580,1
IP,2026-06-12,58924,0,4
XLP,2026-06-02,0,58162,5
CVX,2026-06-01,624200,328180,11
ENTG,2026-06-12,298170,0,3
MOD,2026-06-06,0,0,7
YINN,2026-06-09,0,0,2
SXT,2026-06-02,0,10000,2
ALTO,2026-06-03,16830,0,1
UPST,2026-06-04,10555,24224,8
GS,2026-06-10,2086670,838150,43
LUNR,2026-06-09,0,1333067,16
ABNB,2026-05-29,79456,0,2
HAL,2026-06-10,19165,83544,3
NBIX,2026-06-06,0,0,1
SA,2026-05-29,60000,0,1
CAR,2026-06-03,0,59280,5
BILI,2026-06-09,11538,0,1
GM,2026-06-10,1484564,184770,11
PM,2026-05-29,115090,0,2
POST,2026-06-09,15150,0,1
UTI,2026-06-03,93857,0,2
MUU,2026-06-12,362400,0,2
PBRA,2026-06-10,0,0,1
RILY,2026-05-19,13870,0,1
SCHW,2026-06-01,0,67097,4
BTDR,2026-06-08,444847,0,3
CHDN,2026-06-09,28860,0,1
NU,2026-06-05,248390,0,8
QUBT,2026-06-08,10065,0,2
PH,2026-05-30,0,0,1
FLUT,2026-06-09,77286,0,5
F,2026-06-08,0,202500,1
MOS,2026-05-30,24320,0,1
ISRG,2026-06-01,0,0,1
ONON,2026-05-29,0,208000,3
URA,2026-06-08,0,0,3
MP,2026-06-04,618160,16380,17
HYG,2026-05-30,0,0,3
OPEN,2026-06-02,347633,14000,33
THC,2026-06-02,0,0,2
DASH,2026-06-09,0,0,2
CVLT,2026-05-30,78139,0,2
MP,2026-06-06,58959,0,9
VITL,2026-06-03,0,0,1
AVEX,2026-06-11,33520,0,1
APP,2026-06-02,848133,0,8
DG,2026-06-06,0,16109,3
ANET,2026-06-02,59700,181876,4
XE,2026-06-05,13750,0,1
QS,2026-06-12,81836,14960,3
CCJ,2026-06-04,712854,177067,6
TVTX,2026-05-29,91490,0,4
GDOT,2026-06-12,11000,0,1
SG,2026-06-05,66400,0,3
ERIC,2026-05-29,0,0,1
WMT,2026-06-03,554440,0,8
HD,2026-06-12,213238,568306,7
FIX,2026-06-02,0,0,1
PLNT,2026-06-01,0,0,1
OPRA,2026-06-02,0,0,2
AVEX,2026-06-09,22778,0,1
TER,2026-06-10,619999,0,2
PFSI,2026-06-06,74900,0,1
TSEM,2026-06-01,0,12705,3
VFC,2026-06-06,0,0,1
OWL,2026-06-01,25680,0,3
ALGN,2026-06-10,28000,0,1
XPEV,2026-06-09,0,0,3
VRT,2026-06-06,117610,2707543,29
FSLY,2026-06-10,0,113525,1
AGX,2026-06-05,0,63100,4
CSCO,2026-06-10,172878,0,10
AAOI,2026-06-11,1228151,72131,51
RNG,2026-06-12,0,38000,1
DOW,2026-06-02,22419,0,2
CG,2026-06-10,0,0,1
TGB,2026-06-02,209528,0,3
AU,2026-06-06,0,0,1
GDYN,2026-06-06,0,0,2
LWLG,2026-06-05,0,0,3
IAU,2026-06-03,333530,0,2
XBI,2026-06-10,0,199532,14
ASML,2026-06-09,1057889,655410,16
HTZ,2026-06-11,0,0,1
NNE,2026-05-30,18000,0,2
LOW,2026-05-29,147831,0,1
INTU,2026-06-12,4563580,0,28
ANET,2026-06-05,346841,112320,7
BMNU,2026-06-04,0,0,1
NVMI,2026-06-11,0,0,1
CEG,2026-05-30,0,0,1
TBBB,2026-05-29,23683,0,2
KWEB,2026-06-06,233851,53504,24
TXRH,2026-06-12,0,13650,3
UEC,2026-06-02,86316,0,10
PBI,2026-06-02,0,0,1
PENG,2026-05-29,217070,0,6
SPXL,2026-06-02,14720,12800,2
TXN,2026-06-04,202821,0,3
ABTC,2026-06-12,35000,0,2
IP,2026-06-11,0,0,1
UPS,2026-06-02,1301180,0,2
WBD,2026-05-19,93150,0,1
EWJ,2026-06-02,0,0,1
GRRR,2026-06-05,72480,0,5
XLE,2026-06-11,2562515,585018,63
JXN,2026-06-04,0,75032,2
RELL,2026-06-11,0,0,1
XLI,2026-06-12,822087,770584,16
VRDN,2026-05-30,13000,0,1
INTW,2026-06-01,0,0,1
NFLX,2026-06-03,1548349,385106,28
SOFI,2026-06-02,1246887,40260,50
SMCX,2026-06-12,0,27025,1
RKLB,2026-06-09,278700,151200,13
BGSF,2026-06-03,0,0,1
LNG,2026-06-10,0,129367,3
ETHA,2026-06-02,167500,200200,16
VELO,2026-05-30,11000,11674,2
UAN,2026-06-08,0,0,1
ALB,2026-06-03,0,164395,4
ALKS,2026-05-19,0,0,1
LFVN,2026-06-02,12898,0,2
GLNG,2026-06-12,0,13050,1
GM,2026-06-03,0,0,3
GSIT,2026-06-01,58320,0,1
BOOT,2026-05-30,29400,0,1
VLO,2026-06-11,232000,0,1
FTAI,2026-06-04,0,63480,3
XHB,2026-05-29,213600,0,1
SPGI,2026-06-11,0,0,2
INSW,2026-06-01,0,0,1
BTG,2026-06-05,0,0,1
IWO,2026-06-06,0,61920,1
SBLK,2026-06-02,13150,0,1
NICE,2026-06-09,0,0,3
JPM,2026-06-12,724285,1735505,12
LVS,2026-06-08,0,25160,3
IONS,2026-05-30,0,0,1
NTRA,2026-06-03,0,0,1
BITX,2026-06-01,0,0,1
NCNO,2026-06-02,0,0,2
RDW,2026-06-10,205421,31810,10
DRVN,2026-05-19,7695000,0,1
GEN,2026-06-01,35105,0,1
DLTR,2026-05-29,279070,177795,20
XLV,2026-06-08,214960,12400,13
EWT,2026-06-06,0,20390,4
B,2026-06-03,0,0,3
HIBL,2026-06-01,29120,0,1
POET,2026-06-03,2242529,0,70
SBUX,2026-06-05,0,224065,4
LTRX,2026-06-02,0,0,1
VAL,2026-06-11,22245,0,2
VECO,2026-06-10,17600,0,2
SLS,2026-06-11,0,0,4
RBLX,2026-06-11,15180,246273,10
ADTN,2026-06-05,0,0,1
SHAK,2026-05-30,22050,0,3
AVAV,2026-06-02,22040,0,5
LABX,2026-06-10,0,0,1
UMC,2026-06-06,0,0,1
BILL,2026-06-09,36240,36668,3
AMTM,2026-06-03,13688,0,1
XHB,2026-06-03,0,0,1
BLMN,2026-06-11,0,0,1
IGV,2026-06-08,865690,71312,14
TEAM,2026-05-19,52900,0,9
VST,2026-06-10,3090149,865258,42
INSM,2026-06-10,13500,12000,2
GLXY,2026-06-04,247352,0,28
CRL,2026-06-10,0,0,1
OPEN,2026-06-12,128130,0,12
DOCN,2026-06-05,269970,0,9
POOL,2026-06-09,18200,0,1
QUBT,2026-06-09,45423,0,4
TSCO,2026-06-10,206164,24538,15
QQQ,2026-06-11,17529755,39936915,449
PR,2026-06-12,25500,0,1
SOXX,2026-06-09,221630,2514697,46
SONY,2026-06-12,0,0,1
SPY,2026-06-03,15818030,17469086,273
OXY,2026-06-12,0,0,4
NLY,2026-05-30,0,0,1
SG,2026-06-02,19170,0,1
PM,2026-06-01,0,352070,1
XRT,2026-06-10,43206,14035,9
STLA,2026-06-02,0,0,1
WTS,2026-06-10,0,0,1
GWRE,2026-06-11,0,0,1
INTW,2026-06-08,0,0,2
CELC,2026-06-06,14620,0,2
XME,2026-05-30,29498,0,2
ONON,2026-06-09,0,570425,9
WHR,2026-06-06,0,0,1
MARA,2026-06-08,65408,104590,24
SYK,2026-06-08,0,0,1
TTAN,2026-06-08,0,0,2
GKOS,2026-06-12,0,0,1
SKM,2026-06-01,118764,0,7
ALAB,2026-06-10,761074,820700,20
PG,2026-06-05,364047,149521,6
UUP,2026-06-10,61760,0,3
BIRK,2026-05-30,0,132810,11
JKS,2026-06-10,32640,0,1
ANET,2026-06-03,1360212,52525,7
SQQQ,2026-06-09,1341249,138346,50
ARES,2026-06-08,0,0,1
WPM,2026-06-09,0,57510,1
ARKK,2026-06-01,0,0,2
QURE,2026-06-12,0,0,2
RRX,2026-06-01,0,0,2
CCJ,2026-05-29,0,50500,3
VRT,2026-06-09,71850,602270,20
POET,2026-06-12,926914,55266,25
TPR,2026-06-10,240360,0,4
DOCU,2026-05-29,40458,0,4
NKE,2026-06-03,357540,54452,9
STRC,2026-06-09,0,15750,1
DKS,2026-06-12,183100,0,5
CLX,2026-06-09,177826,0,5
TECK,2026-06-11,0,19305,1
MCK,2026-06-06,147060,0,3
BTSG,2026-05-29,0,0,1
LESL,2026-06-10,20078,0,1
AMBA,2026-05-30,242550,0,3
XRX,2026-06-09,11100,0,2
ETOR,2026-06-03,38760,0,3
SPXW,2026-05-30,212931916,1490730,90
IRDM,2026-06-06,0,0,2
TLN,2026-06-02,539500,0,5
ALAB,2026-06-06,0,340325,4
AVPT,2026-06-10,13160,0,1
FCX,2026-05-30,0,0,1
EME,2026-06-05,0,0,1
VIAV,2026-06-08,54779,0,1
MTUM,2026-06-11,0,2702459,25
AMC,2026-06-11,103758,0,9
ROST,2026-06-08,0,0,1
ALM,2026-05-29,0,0,2
SCHW,2026-06-09,0,0,1
AXON,2026-06-03,0,0,4
SVIX,2026-06-05,0,0,2
IREN,2026-06-06,1477652,2597315,101
CRCG,2026-06-03,36790,0,1
LITE,2026-06-08,3240378,443200,16
LOW,2026-06-04,0,106410,3
SFM,2026-06-05,38297,0,2
IOT,2026-05-29,0,0,2
YSS,2026-06-02,24501,0,1
XLF,2026-06-03,739062,784662,67
AIS,2026-06-05,0,0,1
MELI,2026-06-04,90000,0,3
AS,2026-06-10,112930,0,6
SPXL,2026-06-06,19500,76860,4
UPST,2026-05-30,46750,57651,6
UVXY,2026-06-01,0,17100,2
DB,2026-05-29,2037600,0,10
BX,2026-06-11,0,352561,3
XLE,2026-06-09,1470704,189098,60
RSP,2026-05-29,140920,0,2
CRDO,2026-06-02,577711,510832,45
GS,2026-06-08,536415,214270,10
WDC,2026-05-30,1355880,58530,9
ELV,2026-05-30,505828,0,5
OKE,2026-05-29,104260,0,2
SIDU,2026-06-04,13475,0,1
DNN,2026-06-12,24960,0,1
RRX,2026-06-02,40330,0,3
AMR,2026-06-05,0,0,2
GPC,2026-05-19,0,2820000,1
IBKR,2026-06-03,0,149864,5
STM,2026-06-12,851234,119881,9
AMAT,2026-06-11,1499555,4323930,46
NVAX,2026-06-09,0,0,2
UAMY,2026-06-06,692975,84024,4
DE,2026-06-01,241920,177120,2
MCD,2026-06-02,0,0,1
MDT,2026-06-09,155262,0,3
ELV,2026-06-10,0,94770,2
BNY,2026-06-02,0,2064194,6
UCO,2026-05-30,20000,0,1
BEP,2026-06-12,20480,0,1
KPTI,2026-06-11,25410,0,1
XLRE,2026-06-02,0,0,1
GE,2026-06-02,0,0,3
BNY,2026-06-10,0,0,2
VRT,2026-06-03,151920,140301,11
MKTX,2026-06-06,18860,0,1
XLV,2026-06-04,704371,260468,15
EG,2026-06-02,0,0,1
HPE,2026-06-03,4191228,278535,28
DPRO,2026-06-03,0,0,1
HPP,2026-06-09,34830,0,1
CHYM,2026-06-12,10000,0,1
NVTX,2026-06-09,0,0,1
GLIBK,2026-06-09,0,0,1
YETI,2026-06-06,0,0,1
M,2026-06-02,51042,15486,5
BSX,2026-06-05,0,0,2
SSSS,2026-05-30,15924,0,1
TOL,2026-06-06,0,0,1
ESLT,2026-06-05,0,220320,2
NTAP,2026-06-03,23165,0,4
MPLX,2026-06-12,0,122865,2
LYV,2026-06-05,270250,12305,12
DELL,2026-06-08,1976064,133525,29
MTCH,2026-06-05,37221,0,1
MSOS,2026-06-12,0,0,6
DECK,2026-06-04,0,0,1
AA,2026-06-01,21945,0,3
SPMO,2026-06-01,11639,0,2
KWEB,2026-06-02,1303080,28045,41
BAC,2026-06-09,0,451641,10
CSIQ,2026-06-02,53010,0,3
BTU,2026-06-05,116269,0,8
SPY,2026-06-06,27328931,61010585,440
SOLS,2026-06-06,15960,0,4
LI,2026-06-09,0,0,1
SILJ,2026-06-01,0,0,1
XLU,2026-05-29,38519,353115,7
CBRL,2026-06-11,0,58000,1
AAP,2026-05-30,0,134750,3
ATEN,2026-06-12,17710,0,1
CVS,2026-06-04,416220,0,7
FORM,2026-06-02,12395,0,2
O,2026-06-10,95999,0,1
STLD,2026-06-02,18108,34650,2
CBRS,2026-06-04,252153,233966,22
PLD,2026-06-02,0,151055,1
DINO,2026-05-30,0,0,1
GTM,2026-06-02,0,0,2
SMCI,2026-06-10,3891011,721589,157
XLP,2026-06-06,0,0,3
HAL,2026-06-03,135955,55228,7
XEL,2026-05-19,0,0,1
TT,2026-06-06,0,52480,2
SILJ,2026-05-29,83748,0,2
KTOS,2026-06-10,0,0,4
NTRA,2026-06-02,0,0,1
TSLA,2026-06-04,9565511,7380956,140
MX,2026-05-30,40250,0,7
MAR,2026-06-12,75190,281140,3
ALAB,2026-06-03,960636,173780,15
W,2026-06-09,79391,0,5
SLDE,2026-05-19,0,0,1
PVLA,2026-06-03,0,325000,1
FND,2026-06-12,591840,0,2
U,2026-06-05,1028125,0,8
STX,2026-05-30,70080,61720,7
CXDO,2026-06-06,24936,0,4
XOP,2026-06-02,0,0,4
TSAT,2026-06-05,263292,0,6
GBTC,2026-05-30,13515,0,1
FWONK,2026-06-12,0,0,1
SEDG,2026-06-02,0,156940,8
BTU,2026-06-11,0,11132,4
ADP,2026-06-09,0,0,1
RIVN,2026-06-05,93828,95622,23
RIOT,2026-06-06,469935,121515,8
APG,2026-06-02,12760,0,1
ZTO,2026-06-10,0,0,2
EXPE,2026-06-04,0,0,3
AMSC,2026-06-11,41987,0,2
AAOI,2026-06-06,2132172,1116835,35
SGI,2026-05-19,44713,0,6
CRDO,2026-06-04,270583,126870,17
RUN,2026-06-04,230382,105996,7
TWLO,2026-06-05,84200,21450,5
ETHA,2026-06-05,156774,89750,48
VSAT,2026-05-30,4716480,0,4
CHWY,2026-06-11,54500,81036,8
ARM,2026-06-01,3476772,704905,34
ETOR,2026-05-29,32524,0,2
CXW,2026-06-11,264457,0,3
PLAY,2026-06-02,0,0,1
GOOGL,2026-06-08,13133500,1960934,39
HPQ,2026-06-04,100287,138224,13
AMZN,2026-06-08,746312,107675,18
HUT,2026-06-10,83159,36110,13
VZ,2026-05-30,60120,0,1
CXW,2026-06-12,10264,0,1
CBZ,2026-05-19,0,0,1
AR,2026-06-11,10780,0,2
LI,2026-06-11,0,27936,2
WMT,2026-06-06,0,0,2
TTAN,2026-06-09,44100,0,3
PSKY,2026-06-09,1741395,0,13
ELF,2026-06-01,0,0,1
SRTY,2026-06-02,0,0,1
AMZN,2026-06-06,4709351,3488871,57
CPRI,2026-06-03,0,0,1
DAL,2026-06-04,233568,0,1
CSCO,2026-06-06,457800,0,5
MUU,2026-06-05,409679,0,1
PL,2026-06-08,17160,0,8
KRYS,2026-06-02,0,0,2
COST,2026-06-11,98875,3231196,8
IGV,2026-06-06,152215,273659,26
RMBS,2026-06-04,567227,34680,6
LEN,2026-06-01,14000,0,1
AAON,2026-05-19,0,0,1
CRL,2026-06-01,590478,0,5
PODD,2026-06-12,0,0,1
DRTS,2026-06-03,0,0,3
AEXA,2026-05-30,11340,0,1
ALV,2026-06-02,193773,0,2
RUTW,2026-05-19,0,260070,5
TZA,2026-06-11,29557,0,1
JHX,2026-06-02,0,25090,1
OUST,2026-06-11,461562,161280,8
CSIQ,2026-06-05,22998,0,2
NMRA,2026-05-29,0,11750,1
CMI,2026-06-12,0,0,1
NKE,2026-06-04,475706,52440,7
INDV,2026-06-02,0,0,3
UPST,2026-06-10,0,246115,4
ACAD,2026-06-03,0,0,1
PFSI,2026-06-04,15810,0,2
HST,2026-06-11,0,0,1
TLRY,2026-06-02,23800,0,1
MTSI,2026-05-30,0,909691,2
SPCE,2026-06-02,566199,205372,65
BVN,2026-06-09,0,0,24
ARKK,2026-06-10,68328,306018,14
IQ,2026-05-29,27000,0,1
RGLD,2026-06-03,0,0,2
AMDL,2026-06-02,0,0,1
ATEN,2026-06-05,0,0,1
SNOW,2026-06-03,263075,199530,12
AMPX,2026-06-06,0,0,1
EXE,2026-06-04,729341,14280,7
AMPG,2026-06-08,121558,0,3
LBRT,2026-06-03,71422,0,2
IBIT,2026-06-02,455426,2390442,52
YUM,2026-06-09,0,0,1
POWL,2026-06-04,0,0,4
PEN,2026-06-04,0,0,1
OWL,2026-06-03,0,15750,2
TOI,2026-06-05,12730,0,6
GDDY,2026-06-11,0,0,1
RDDT,2026-06-03,529472,100738,24
ASML,2026-06-08,0,136170,6
VLY,2026-06-04,0,0,1
LKQ,2026-06-12,73099,0,3
NVD,2026-06-10,0,0,1
OUST,2026-06-03,300800,0,8
KWEB,2026-06-12,0,14157,9
EEM,2026-06-09,3372680,93511,28
LUNR,2026-06-08,191399,331935,26
EWJ,2026-06-03,553841,0,8
GT,2026-06-12,34825,0,2
TNDM,2026-06-05,14350,0,3
SEZL,2026-06-09,0,0,3
LVS,2026-06-11,107835,335155,4
DVN,2026-06-10,96095,173836,11
BIDU,2026-05-30,102820,0,4
GLD,2026-06-05,2665620,1544527,155
BNY,2026-05-30,0,309151,4
XLF,2026-06-01,35105,509382,14
BKSY,2026-05-30,16170,0,1
RDW,2026-06-06,171610,11750,11
PENG,2026-06-08,280723,0,6
GWRE,2026-06-03,32250,0,1
PSKY,2026-05-19,33020,0,1
TJX,2026-06-12,0,254100,1
VGNT,2026-05-19,61931,0,3
INOD,2026-06-04,49325,217000,11
DASH,2026-06-12,0,0,2
UNFI,2026-06-10,42499,13765,4
XIFR,2026-06-08,0,218685,1
RTX,2026-06-12,139685,172542,3
AGQ,2026-06-11,0,0,1
BRKR,2026-06-05,57919,0,4
SOLS,2026-06-10,12390,0,3
CAG,2026-06-11,13646,0,2
LASE,2026-06-04,125026,0,5
AAP,2026-06-05,0,0,3
BRKB,2026-06-06,982000,0,1
NEXT,2026-06-11,17119,0,1
YUM,2026-06-04,0,0,1
TMC,2026-05-30,0,0,1
SOC,2026-06-12,56240,0,4
U,2026-06-09,141200,0,4
EQPT,2026-06-11,0,0,1
GLXY,2026-06-03,63932,171196,17
XHB,2026-06-09,140359,0,5
PANG,2026-06-02,11400,0,1
NASA,2026-06-11,438416,0,13
FCEL,2026-06-06,29310,0,5
FIG,2026-06-03,122391,211425,13
NEM,2026-06-02,57660,0,1
IT,2026-06-02,89762,0,3
SIDU,2026-06-02,12444,0,2
LAC,2026-06-06,0,0,1
SNXX,2026-06-05,172400,0,4
PCOR,2026-06-11,0,0,2
KGC,2026-06-04,0,15008,1
KBR,2026-05-19,0,0,1
BITO,2026-06-11,13300,0,1
SDGR,2026-06-04,199095,16500,2
XLI,2026-06-05,39616,347028,21
TQQQ,2026-06-02,3991401,608192,83
JOBY,2026-06-08,31227,0,2
NRGV,2026-06-05,54446,0,3
HMY,2026-06-12,0,0,1
ELTX,2026-06-05,70000,0,1
NAVN,2026-06-02,0,0,1
S,2026-06-10,22983,0,3
HIMX,2026-06-10,0,0,1
MCK,2026-06-05,98980,0,1
SOC,2026-06-10,10400,0,1
XHB,2026-06-04,0,0,1
BXP,2026-06-04,0,0,1
MU,2026-06-05,30912853,41398051,284
SLV,2026-06-09,1357568,2414362,151
VRTX,2026-05-30,118300,52800,3
CDW,2026-06-05,0,0,2
DPST,2026-06-03,26398,0,1
JBL,2026-06-12,217600,0,2
DVN,2026-06-01,52599,25553,16
APTV,2026-06-04,66098,273278,9
EEM,2026-06-10,0,83638,10
NUCL,2026-06-04,0,0,1
TTD,2026-06-04,1461482,0,17
BG,2026-06-10,0,14075,1
AIP,2026-05-29,0,18515,1
SCHD,2026-06-05,0,0,2
USAR,2026-06-01,130505,0,16
MS,2026-06-02,576936,0,6
ASPI,2026-06-11,13538,18000,2
ACN,2026-06-12,0,0,1
TENB,2026-06-04,0,0,2
UCO,2026-06-01,0,13570,1
FLUT,2026-05-30,0,374263,3
SVM,2026-06-12,104960,0,1
AXP,2026-06-02,0,0,6
XYZ,2026-06-12,411784,153800,16
FWRG,2026-06-09,0,0,2
CDE,2026-06-10,54065,0,4
JBL,2026-06-11,0,0,1
NEBX,2026-06-03,0,23650,2
BMNR,2026-06-12,237013,406082,20
FRMI,2026-06-08,0,0,1
JNUG,2026-06-02,70502,0,2
GDYN,2026-06-02,190370,0,6
ARKK,2026-06-02,208501,239432,23
XPO,2026-06-05,0,0,2
SKM,2026-05-30,52999,0,2
SNPS,2026-06-02,399799,274290,4
IWO,2026-06-12,0,0,1
FIVE,2026-06-10,21560,204000,4
HSY,2026-06-09,173399,0,2
BLDP,2026-06-12,0,0,1
SYY,2026-06-11,0,0,2
ULTA,2026-06-12,0,0,3
IEP,2026-06-12,0,689081,2
RR,2026-06-04,37500,0,3
TEM,2026-06-09,373215,22891,16
CART,2026-06-04,0,0,1
NBR,2026-06-03,21000,0,1
LUNR,2026-06-01,86090,438044,11
TXRH,2026-05-30,0,0,2
XOP,2026-06-10,0,117205,4
RVMD,2026-05-19,452119,615390,11
GMAB,2026-06-09,0,0,2
ARMG,2026-06-06,0,0,1
TXN,2026-05-30,0,869070,8
SE,2026-06-01,871812,0,8
VYGR,2026-06-10,10724,0,1
SNBR,2026-06-11,0,0,1
TKO,2026-06-08,19740,0,2
EPAM,2026-06-06,10080,0,1
AAPL,2026-06-06,4027172,424489,42
UNH,2026-06-11,1582713,0,19
BUD,2026-06-11,144038,0,2
ALKS,2026-06-01,0,0,1
KGC,2026-06-09,0,0,1
XLI,2026-06-06,165293,591239,33
SA,2026-06-01,39200,0,2
M,2026-06-03,51888,0,5
NET,2026-06-10,340716,189670,12
AMGN,2026-06-10,0,133050,1
XOVR,2026-06-08,21000,0,4
SKT,2026-06-11,0,0,1
LBRT,2026-06-02,191321,0,6
BLDR,2026-05-29,46480,0,3
CLS,2026-06-09,136749,24470,20
AAOI,2026-06-04,1315416,424839,44
AMBA,2026-06-06,80819,0,7
APH,2026-06-10,184680,0,3
AI,2026-06-08,12702,0,1
SGHC,2026-06-04,560000,0,2
TMUS,2026-06-06,56082,0,1
IDYA,2026-06-10,46540,0,2
PURR,2026-05-29,475077,10000,13
ADI,2026-06-11,0,0,1
FRVO,2026-06-02,161296,0,10
PINS,2026-05-29,129574,0,8
USD,2026-06-09,0,0,1
DAVE,2026-06-09,167000,0,3
CIEN,2026-06-01,388160,88000,3
HIMS,2026-06-11,303014,89045,22
HUT,2026-06-11,493315,75975,13
ALKS,2026-06-04,0,0,1
RKT,2026-06-09,126306,34808,11
ROST,2026-06-06,0,381144,3
UBER,2026-06-10,58113,290710,3
CZR,2026-06-10,27648,0,2
ALC,2026-06-06,20800,0,1
TRIP,2026-06-02,21509,0,2
AMGN,2026-06-12,52650,0,1
UPST,2026-06-06,0,20604,4
BMY,2026-06-05,794276,0,3
ETSY,2026-05-19,0,16610,2
AOSL,2026-06-05,24000,0,3
VECO,2026-06-04,12685,0,1
ECL,2026-06-05,0,0,3
LUNR,2026-05-30,73615,68607,12
RUT,2026-06-04,0,0,2
SIL,2026-06-09,0,0,4
DUOL,2026-06-08,83365,0,4
EWY,2026-06-05,2836454,3044882,108
WFC,2026-05-30,66220,0,3
XLU,2026-06-11,40258,24000,4
BUD,2026-06-08,89693,0,1
UPRO,2026-06-02,0,154746,6
CEPT,2026-06-03,10435,0,1
CALM,2026-06-10,0,79030,3
DPST,2026-05-29,114170,0,2
DECK,2026-06-10,33600,0,2
ADSK,2026-05-30,131100,0,1
FICO,2026-06-01,179300,0,2
ARKK,2026-06-12,600767,46938,20
DRAM,2026-06-03,1613118,148120,56
VCYT,2026-05-29,28614,0,1
ROL,2026-06-04,16649,0,1
ASST,2026-05-19,23940,0,5
PPH,2026-06-03,0,0,1
TECK,2026-06-01,263120,69101,3
QBTS,2026-06-11,0,16510,7
MXL,2026-06-05,202127,41860,16
MPT,2026-06-12,0,0,1
SVIX,2026-06-10,0,11570,2
STUB,2026-06-03,0,12001,1
INTW,2026-06-10,0,0,1
BIDU,2026-06-03,413895,101291,17
GTLB,2026-05-29,199041,0,11
NET,2026-06-08,85826,0,2
TSM,2026-06-05,1267822,1699655,35
GDX,2026-06-08,86950,0,9
MSFU,2026-05-29,41709,0,4
CRWD,2026-06-05,4489921,2762143,46
SOUN,2026-05-30,192554,0,15
VALE,2026-06-08,0,0,1
UFO,2026-06-10,0,127501,2
AMZN,2026-06-03,3179574,1930707,41
WGMI,2026-06-03,33375,0,1
FCEL,2026-06-02,298646,38020,18
CSCO,2026-06-04,450958,525569,7
COMP,2026-06-10,445500,0,1
ALV,2026-06-04,12750,0,2
KGC,2026-06-11,0,0,2
SAIL,2026-06-12,0,57000,1
DKNG,2026-06-02,56338,89812,11
APLD,2026-06-08,119898,79108,17
LSCC,2026-06-12,0,0,2
BA,2026-06-04,2730564,398896,17
NTNX,2026-06-08,152880,0,2
ZTS,2026-06-08,20000,0,1
STZ,2026-06-04,15002,11760,7
BB,2026-06-10,289549,40402,16
TNA,2026-06-11,62626,67735,6
FXI,2026-06-05,0,93954,7
CSGP,2026-06-10,0,15045,1
FIGR,2026-05-29,0,80855,1
ORKA,2026-06-04,13500,0,1
PYPL,2026-06-11,238388,431910,20
KEY,2026-06-09,24954,0,1
LIF,2026-06-01,37620,0,2
HIVE,2026-06-12,0,0,1
DXYZ,2026-05-30,0,0,2
CTSH,2026-06-12,33040,0,2
CL,2026-06-05,119510,0,1
NOVT,2026-06-11,0,0,1
REPL,2026-06-10,20477,0,2
RCAT,2026-06-10,84658,120049,7
XLF,2026-06-08,427489,583414,20
BLDP,2026-06-04,0,0,1
GE,2026-06-11,0,210610,5
FEZ,2026-06-12,17370,0,1
CASY,2026-06-02,0,0,2
ANET,2026-06-04,3597774,463958,17
LUMN,2026-06-03,0,0,2
WULF,2026-06-06,881668,23084,34
ENTG,2026-06-03,120474,0,1
SMCI,2026-06-04,375673,421937,62
SE,2026-06-11,0,490826,12
CF,2026-06-03,0,33250,2
ZBRA,2026-06-09,0,0,1
TGTX,2026-06-11,0,16770,1
STLD,2026-05-30,68000,0,2
IAU,2026-06-08,118335,0,1
SPYM,2026-06-10,10800,0,1
QDEL,2026-05-29,0,23920,1
VSXY,2026-06-09,42800,0,1
EOG,2026-06-03,218307,0,3
CRCL,2026-06-04,681449,921636,81
ABNB,2026-06-08,0,0,1
HACK,2026-06-01,133650,0,1
MS,2026-06-03,244397,0,2
ALLT,2026-06-05,0,186000,1
RYTM,2026-06-12,0,0,3
STRL,2026-06-10,223204,0,2
MTUM,2026-06-06,0,11967209,155
BOX,2026-06-05,0,0,1
TLT,2026-06-02,973212,435848,72
BILL,2026-05-29,34890,0,3
HWM,2026-06-05,0,0,1
UAMY,2026-06-04,251370,0,2
SW,2026-06-03,0,0,3
DG,2026-05-30,0,16764,2
ARKG,2026-06-10,0,312400,5
CEG,2026-06-06,0,0,3
TQQQ,2026-06-12,2786282,5486356,135
FLUT,2026-06-12,22560,0,3
MITK,2026-06-02,0,0,1
IMVT,2026-06-03,0,0,1
INOD,2026-05-29,139708,930221,24
BTBT,2026-06-08,31740,0,1
ARRY,2026-06-03,22970,0,3
AOS,2026-06-10,0,20260,1
TMUS,2026-06-10,0,116650,4
GDXJ,2026-06-05,67180,53410,9
ARRY,2026-06-02,0,0,2
AMPX,2026-06-03,45500,28240,10
GFS,2026-06-05,0,14620,6
MNDY,2026-06-04,0,0,1
GLD,2026-06-09,832527,3702795,179
REPL,2026-06-11,29841,0,2
PAAS,2026-06-10,75143,45241,8
DHI,2026-06-03,0,67564,3
VIAV,2026-06-12,335000,0,6
XLB,2026-06-04,42427,0,4
PRIM,2026-06-12,43725,0,3
DE,2026-06-05,0,141510,4
IONX,2026-06-03,0,0,1
DPST,2026-05-19,0,0,1
CDNS,2026-06-10,0,0,1
HON,2026-06-04,587297,0,7
TD,2026-06-11,78540,0,1
RXT,2026-06-05,50979,0,1
NCLH,2026-06-05,13260,0,1
ONTO,2026-05-30,0,0,3
CCL,2026-06-06,17758,0,5
PAYX,2026-06-09,0,0,1
PLNT,2026-05-30,0,98560,2
KMX,2026-06-04,0,15040,1
F,2026-06-01,419887,0,9
TECL,2026-06-12,38230,11830,14
MPC,2026-06-05,0,0,4
PODD,2026-06-01,0,0,1
UNG,2026-05-29,0,0,2
RGTI,2026-05-30,625937,357142,23
SLS,2026-06-08,0,0,1
QSR,2026-06-11,0,0,2
ETHA,2026-06-10,73022,558938,31
BBY,2026-06-12,46200,0,1
C,2026-06-02,645315,0,8
VLTO,2026-06-05,0,0,1
TPR,2026-06-04,0,230190,3
CRML,2026-06-10,0,0,4
EQNR,2026-06-03,0,0,1
BILL,2026-06-01,60210,0,3
EVC,2026-06-05,98580,0,2
AGNC,2026-06-11,0,0,1
APO,2026-06-09,0,0,1
MGNI,2026-06-10,0,0,2
SNAP,2026-06-03,0,0,6
WFC,2026-06-05,0,0,5
LITE,2026-06-09,3042110,129367,16
HOOD,2026-06-10,1807005,370896,48
ALM,2026-06-12,0,0,1
BILI,2026-06-02,0,99907,6
XLP,2026-05-19,0,0,5
TWLO,2026-06-12,185643,127440,5
AMCR,2026-06-04,0,12900,1
TJX,2026-06-09,0,0,1
GRRR,2026-05-30,47640,0,4
FLNC,2026-06-03,652796,70276,13
HL,2026-06-03,0,16236,2
NRP,2026-06-05,0,0,1
HUT,2026-05-30,47300,20125,4
RTX,2026-06-11,0,0,1
APH,2026-06-01,0,0,2
NUGT,2026-06-05,0,0,2
CLS,2026-06-12,215650,0,12
LITE,2026-06-12,2681965,331317,23
ANF,2026-06-03,0,168484,1
FPS,2026-05-30,427640,0,6
DAL,2026-06-11,0,0,3
SIRI,2026-06-03,0,0,3
QTUM,2026-06-04,0,0,2
LULU,2026-06-06,175591,30500,23
SPG,2026-06-10,291002,76020,4
BLDP,2026-06-03,0,0,1
RUT,2026-06-09,6460456,7640840,17
CIFR,2026-06-12,843119.5,50048,11
MRNA,2026-06-04,281595,111841,31
ASPI,2026-06-09,32805,0,3
RGTI,2026-06-01,625556,108400,40
METC,2026-06-08,0,0,1
VSH,2026-06-05,340300,913200,36
NKTR,2026-05-29,0,0,1
PCG,2026-06-04,94435,0,7
NNE,2026-06-03,79665,46000,7
GAP,2026-06-12,0,160388,1
NFLX,2026-06-06,875499,687796,20
FPS,2026-06-06,10400,54610,3
SA,2026-06-12,267160,0,2
CRSP,2026-06-08,0,0,1
VLO,2026-06-02,371100,0,3
VRSK,2026-06-02,0,0,1
SYK,2026-06-10,103850,0,3
SITM,2026-06-03,0,663343,2
ATKR,2026-05-29,16200,0,1
FANG,2026-06-11,50488,99400,2
CHH,2026-06-10,0,24960,1
ADSK,2026-06-12,95488,0,6
BBAI,2026-06-06,0,0,2
GM,2026-05-30,0,0,2
AVEX,2026-06-12,31809,0,1
CLOV,2026-06-11,98315,0,4
SRAD,2026-05-30,33125,0,3
QQQI,2026-06-03,10191,0,1
ETOR,2026-06-09,0,14820,1
REGN,2026-06-06,0,0,1
PUSA,2026-06-03,18035,0,4
KVUE,2026-06-01,37800,0,1
QQQ,2026-06-10,45611021,68507031,803
CB,2026-06-09,73079,0,1
CL,2026-06-08,185693,123200,4
PRTA,2026-06-11,0,75000,3
HOOD,2026-06-12,4628648,551860,72
UNH,2026-05-29,371960,133858,14
UAMY,2026-06-02,0,34030,3
JBLU,2026-06-02,48410,90421,5
ADSK,2026-06-11,0,46081,2
RBRK,2026-06-01,51600,0,3
REZI,2026-06-05,11300,0,1
LDOS,2026-05-30,0,0,1
MTH,2026-06-05,10280,0,1
META,2026-06-03,4965313,824520,70
P,2026-06-11,72380,0,10
KEEL,2026-06-05,140095,0,17
PAAS,2026-06-03,0,0,2
CHRW,2026-06-04,872862,0,4
PLNT,2026-05-19,171256,0,1
NUAI,2026-05-29,215220,0,6
DJT,2026-06-08,98500,0,2
RXT,2026-06-12,168672,26202,5
SMTC,2026-06-09,319910,29339,6
HUT,2026-06-02,391660,164707,17
GWRE,2026-06-08,0,0,2
TENX,2026-06-02,228900,0,2
DG,2026-06-02,822359,265791,32
DXYZ,2026-06-09,0,13580,4
LRN,2026-05-19,18806,0,1
JXN,2026-05-30,0,0,1
GD,2026-06-04,0,0,1
KMB,2026-06-12,0,206420,1
MMM,2026-06-05,65569,85500,2
CEPT,2026-06-02,0,0,2
UNH,2026-06-04,1458033,577050,31
SOXS,2026-06-02,179668,187223,25
EMR,2026-06-05,0,287000,1
V,2026-06-10,1048176,363861,7
VERU,2026-06-06,0,0,1
XLV,2026-06-11,18000,135810,10
UROY,2026-06-02,32060,0,1
AEO,2026-06-02,0,58812,2
ELTX,2026-06-11,0,63604,3
VIAV,2026-06-11,0,478499,2
FLR,2026-06-08,0,23320,1
BWA,2026-06-10,35600,100007,6
CMPS,2026-06-10,161460,0,5
TMDX,2026-05-19,0,0,1
MS,2026-06-10,56353,0,5
HSAI,2026-05-30,0,0,1
ST,2026-06-05,0,0,1
KTOS,2026-06-12,90760,0,15
CVS,2026-06-10,0,59250,4
AEO,2026-06-12,0,0,2
TMF,2026-06-09,0,0,4
RKLB,2026-06-01,1808451,350003,29
QURE,2026-06-08,45900,0,3
AVAV,2026-06-11,31610,0,3
SLB,2026-06-01,0,0,1
MGK,2026-06-02,0,14562,1
ETHU,2026-06-05,15000,0,2
RYTM,2026-06-08,105000,0,1
NAIL,2026-06-11,461960,19253,3
GFS,2026-06-11,39840,0,7
FISV,2026-06-11,11590,122550,5
NVMI,2026-06-10,0,73500,1
IONQ,2026-06-10,856365,147779,41
T,2026-06-11,132883,0,2
IONQ,2026-06-11,102600,66019,14
OXY,2026-06-10,145923,117640,5
STLA,2026-06-01,0,0,1
HUT,2026-06-01,744700,0,6
BG,2026-06-11,0,63440,1
TZA,2026-06-06,0,0,1
TSLA,2026-05-30,10426097,4073188,118
ASH,2026-06-10,0,0,5
GPN,2026-06-11,49445,0,1
IRM,2026-06-09,0,212983,2
SRE,2026-06-03,0,73160,1
AMBA,2026-06-01,122939,0,6
XLY,2026-06-04,533600,492634,9
RIG,2026-06-06,0,32336,1
SLS,2026-05-30,34300,0,5
TSN,2026-05-19,0,0,1
REPX,2026-06-10,12140,0,1
VZ,2026-06-02,136040,0,1
EXPE,2026-06-03,0,44561,2
PAGS,2026-06-10,0,0,1
UAL,2026-06-10,930239,59180,20
NUCL,2026-06-06,11520,0,1
SILJ,2026-06-08,51510,0,2
BAX,2026-06-10,0,0,2
DRNZ,2026-06-09,0,0,1
MTN,2026-06-10,0,0,1
PROP,2026-06-02,29996,0,1
NU,2026-06-11,28800,0,5
PS,2026-06-01,0,31455,1
COUR,2026-05-29,0,0,1
CAT,2026-06-06,0,1358412,6
VIX,2026-06-02,190305,150000,4
ARES,2026-06-02,33870,0,2
BBIO,2026-06-11,0,0,2
MXL,2026-06-10,12293,0,2
VICR,2026-05-29,42225,434522,4
NTAP,2026-06-06,183750,0,2
ADSK,2026-06-03,0,0,1
CRWD,2026-06-01,0,370195,3
CAVA,2026-05-30,0,16440,5
INTW,2026-06-04,0,0,1
RDDT,2026-06-08,56700,0,4
RUN,2026-05-30,27394,74916,7
DECK,2026-06-03,0,16560,2
NFLX,2026-06-04,842825,0,14
CORZ,2026-06-09,134644,12870,23
LINC,2026-06-09,11130,0,2
RMBS,2026-05-30,268315,472010,8
JBL,2026-06-02,128280,0,8
MPWR,2026-06-12,837660,0,1
RKLB,2026-06-06,0,2095220,17
IYR,2026-05-19,0,0,1
SIRI,2026-06-04,26559,0,2
STLD,2026-05-19,79040,0,1
ALK,2026-06-05,338081,0,6
ENTG,2026-05-19,0,0,1
M,2026-06-06,0,0,1
DOCU,2026-06-03,51345,0,5
TAP,2026-06-08,0,0,1
LLY,2026-06-03,1122815,404690,7
FDP,2026-06-06,84031,0,4
TMF,2026-06-03,14845,24380,20
KNX,2026-06-02,84906,10030,2
NEM,2026-06-01,0,0,1
IBKR,2026-06-06,0,0,1
CRL,2026-06-08,12390,0,1
BBIO,2026-06-02,0,33480,2
RKT,2026-05-29,28210,0,3
UPST,2026-05-19,0,64863,3
TJX,2026-06-06,63450,0,2
GEV,2026-06-11,249518,2416766,25
MBLY,2026-06-12,0,0,1
HAE,2026-06-11,425000,0,1
NIO,2026-06-03,51653,0,4
COST,2026-05-30,166007,766619,10
CPNG,2026-06-01,0,79508,2
LOGI,2026-06-10,288399,30000,4
XIFR,2026-05-19,23414,0,1
GLNG,2026-06-10,0,79370,2
LULU,2026-06-03,75421,113533,22
MRAM,2026-05-30,0,0,1
CAR,2026-06-04,45240,155694,5
JBS,2026-05-29,0,11000,1
MCHP,2026-06-02,987058,0,3
NVDA,2026-06-05,25457504,3597827,200
TPR,2026-06-01,0,0,1
QUBT,2026-06-02,1263962,88486,20
CAR,2026-06-09,35470,0,5
URI,2026-06-09,0,917761,4
PM,2026-06-02,63205,0,1
CAG,2026-05-19,33525,0,1
MNST,2026-06-10,50750,0,1
DY,2026-06-08,0,0,1
AXON,2026-06-02,39197,95230,7
CI,2026-06-12,0,85282,1
BITX,2026-06-05,42500,37200,7
XLV,2026-06-09,158178,123211,9
DXYZ,2026-06-12,83500,126000,6
JNUG,2026-06-12,39790,0,1
CIEN,2026-06-06,0,59500,8
SLDE,2026-06-06,0,0,1
PYPL,2026-05-29,293405,0,9
HRL,2026-05-29,17989,0,3
UNH,2026-06-01,518146,0,3
COST,2026-06-09,364498,371771,4
WOLF,2026-06-08,14945,0,1
AMC,2026-06-06,0,0,2
ALK,2026-06-08,0,0,1
AXP,2026-06-09,0,0,5
XBI,2026-06-08,86932,28740,6
MSI,2026-06-02,0,0,2
LWLG,2026-06-03,37096,0,5
KO,2026-06-10,418316,62745,8
SHLS,2026-06-11,10738,0,2
ELV,2026-06-02,0,148245,2
TMUS,2026-06-04,291590,174870,7
KRE,2026-06-10,309142,505258,38
ARRY,2026-06-06,68705,0,9
CRM,2026-06-09,488789,2515249,19
XIFR,2026-06-05,0,0,2
TTMI,2026-06-05,0,0,1
XME,2026-06-05,0,0,2
QLYS,2026-06-01,0,0,1
WLK,2026-05-29,12320,0,1
ENTG,2026-06-01,0,0,1
PM,2026-06-04,53560,68041,4
AXTX,2026-06-03,0,0,1
TMO,2026-06-03,0,187780,2
WFC,2026-06-06,0,0,3
AMPX,2026-06-12,16468,0,1
XRT,2026-06-11,12690,0,14
RACE,2026-06-08,58800,0,2
SMH,2026-06-08,6641287,4184805,100
WOR,2026-06-09,13335,0,1
SR,2026-06-02,24979,0,1
GRAL,2026-06-10,0,0,1
Q,2026-06-05,53810,0,3
AMCR,2026-06-02,0,0,1
MITK,2026-06-01,0,0,1
MOH,2026-06-04,0,0,1
LUV,2026-06-03,0,0,1
EOG,2026-06-09,0,139650,1
PEP,2026-06-04,170444,124732,7
ET,2026-06-05,0,0,3
IOT,2026-06-06,0,0,3
MDB,2026-06-03,644466,246042,32
MOD,2026-05-30,0,0,5
ENPH,2026-06-05,2313442,799978,36
FLR,2026-05-30,0,0,1
P,2026-06-04,0,0,6
UEC,2026-06-12,0,73000,6
RUT,2026-06-01,3452800,0,5
BAC,2026-06-10,368853,260846,34
W,2026-06-03,110427,0,8
ALNT,2026-05-30,17340,0,1
IMRX,2026-06-01,13500,0,1
ET,2026-06-02,0,0,1
NEE,2026-06-04,354060,0,2
THC,2026-06-11,0,35360,1
RDTL,2026-05-30,0,0,1
OMER,2026-06-04,0,211050,2
UVIX,2026-06-09,23310,0,2
SIMO,2026-05-29,10400,0,4
CATO,2026-06-08,19990,0,2
BROS,2026-06-02,31484,0,1
PSX,2026-05-19,329384,0,1
PDD,2026-06-11,107000,339769,13
CPNG,2026-06-09,158283,63271,7
USAS,2026-06-10,17000,30000,2
GMAB,2026-06-11,0,11210,1
INDA,2026-06-12,102395,39117,4
NIO,2026-06-12,0,24717,6
NVDL,2026-05-30,0,12000,2
DLR,2026-06-03,0,0,1
ITB,2026-06-02,89505,0,2
PAVE,2026-06-02,115280,0,1
ASAN,2026-06-06,0,0,1
PAYO,2026-06-02,48777,0,4
AFRM,2026-06-06,424609,977040,8
COP,2026-06-01,0,0,1
AMG,2026-06-04,0,0,1
SOFI,2026-06-06,974198,12862,43
AEP,2026-06-08,51169,0,1
SPYM,2026-06-03,0,0,1
VMC,2026-06-12,28490,0,2
XOMA,2026-06-02,0,0,1
ALHC,2026-06-12,15900,0,1
CXDO,2026-06-03,23100,0,7
CTAS,2026-06-08,0,463240,1
GDXJ,2026-06-01,0,126260,2
MRVL,2026-06-03,15029133,9249064,229
HON,2026-05-30,167320,92401,6
MSTR,2026-06-11,376130,8400296,93
OWL,2026-06-05,11059,165029,9
CVS,2026-06-03,385919,0,3
UUUU,2026-05-29,66700,0,8
TE,2026-06-05,311801,55952,26
VEL,2026-05-29,143780,0,1
NMAX,2026-05-29,0,0,1
RDDT,2026-06-11,339423,11130,26
ENVX,2026-05-29,357783,0,7
KHC,2026-06-11,13865,0,2
KRC,2026-06-10,0,0,1
RUN,2026-06-06,20010,0,3
JBS,2026-06-11,0,0,1
CNQ,2026-05-30,317460,0,1
WYNN,2026-06-01,34505,0,1
DHI,2026-05-29,0,37440,1
WOLF,2026-06-06,103178,0,7
SMG,2026-05-30,0,0,1
NTAP,2026-06-01,153077,0,1
CPRI,2026-06-01,11780,0,1
CAH,2026-05-29,0,0,1
RDDT,2026-06-01,998585,11400,43
AUR,2026-06-03,0,0,2
SHLS,2026-06-03,0,0,1
FRO,2026-06-05,0,33963,2
TFC,2026-05-19,198440,0,1
GILD,2026-06-04,62272,161996,4
UNP,2026-06-08,0,0,1
CLMT,2026-06-01,158470,0,3
MNDY,2026-05-29,233091,0,1
IYR,2026-06-12,0,0,1
BKNG,2026-06-06,115073,0,2
FDX,2026-06-11,71665,0,2
ZETA,2026-06-06,0,0,3
BBAI,2026-06-10,22499,0,4
LYV,2026-06-03,26508,36720,9
GOOGL,2026-06-03,9180587,5375474,62
KEEL,2026-06-10,24540,0,7
EL,2026-06-03,43310,240947,5
RIOT,2026-06-01,58365,0,4
AUR,2026-06-06,59350,0,2
ZBH,2026-06-10,44800,0,2
JBS,2026-06-09,21330,10500,4
DOO,2026-06-02,138750,0,2
FSLR,2026-06-08,26000,286190,9
CRSR,2026-06-06,0,0,1
DRS,2026-06-04,0,0,1
CMCSA,2026-06-03,0,225388,6
ARES,2026-05-19,0,18250,3
ARE,2026-06-08,0,0,6
LABX,2026-06-02,0,0,1
CRSP,2026-06-12,0,0,1
SARO,2026-06-02,11392,0,3
TTAN,2026-06-04,421162,0,4
IRM,2026-06-10,0,410000,1
XOM,2026-06-12,258944,276833,8
LWLG,2026-05-29,0,69015,1
RARE,2026-06-12,0,26002,1
PEP,2026-06-05,0,0,1
DRTS,2026-06-04,17005,0,2
CRCL,2026-06-10,147357,71123,31
CLSK,2026-06-06,358235,0,20
XYZ,2026-06-10,18091,419089,11
PCT,2026-06-04,213535,0,6
FDN,2026-06-10,0,13950,1
KHC,2026-06-06,0,0,2
SPY,2026-05-30,15420989,15645392,156
AXON,2026-06-05,41850,27300,7
UMC,2026-06-05,0,53386,1
LAC,2026-06-12,0,0,1
NEXT,2026-06-12,0,0,1
LAES,2026-06-03,95040,0,2
P,2026-06-10,73040,0,4
BRBR,2026-06-02,12699,0,1
VSAT,2026-06-05,1660100,10920,5
ORCX,2026-06-02,0,0,1
NBIS,2026-06-11,609795,1312009,103
BLSH,2026-06-09,0,0,1
ASM,2026-06-04,0,153560,1
POET,2026-06-09,189722,161045,26
AFRM,2026-06-12,11760,16192,5
LEN,2026-06-10,351000,11970,5
LWLG,2026-06-01,18460,0,1
FPS,2026-06-10,110499,0,6
QS,2026-05-19,11284,13108,5
PLMR,2026-06-10,16084,0,1
IYR,2026-06-10,0,0,1
PDD,2026-06-08,487836,1197700,14
MMED,2026-06-04,0,0,1
RBLX,2026-06-04,0,365700,7
NDAQ,2026-06-12,0,20259,1
SEI,2026-06-12,295110,0,2
GDX,2026-06-09,444174,14457,17
CEG,2026-06-12,0,347966,4
STZ,2026-06-11,0,102335,3
SJM,2026-06-12,0,31502,1
AG,2026-06-06,75842,57500,11
CLOV,2026-06-02,0,0,1
DRS,2026-06-12,0,0,3
SCCO,2026-06-06,0,353502,1
TMF,2026-06-02,10710,14723,15
KVYO,2026-06-09,0,0,1
AVR,2026-06-06,14663,0,1
QCOM,2026-06-04,2590743,2768768,50
GRAB,2026-05-29,0,0,2
CEVA,2026-06-03,33074,0,3
KOD,2026-06-03,0,0,2
LNG,2026-06-02,10290,0,4
DKNG,2026-06-06,38071,0,4
AMBA,2026-06-04,107750,0,6
MA,2026-06-02,73570,360717,6
HCA,2026-06-10,0,0,5
FRMI,2026-06-10,228652,0,4
INSM,2026-06-02,5389353,0,3
GRPN,2026-06-09,52775,12255,5
ZION,2026-06-05,0,10120,1
SOC,2026-06-11,0,0,1
ANGI,2026-06-02,10500,0,1
BNO,2026-06-06,105625,0,11
SG,2026-06-11,0,0,2
SG,2026-05-30,12000,0,4
CECO,2026-06-10,31200,80500,4
AMKR,2026-06-03,71399,0,11
RBLX,2026-06-08,0,19800,12
LYV,2026-06-09,0,0,7
MU,2026-06-01,5350728,2618005,30
DOCN,2026-06-02,150360,0,11
ZENA,2026-06-03,20125,0,1
ULTA,2026-06-02,303810,168800,12
ANET,2026-06-12,575203,145825,7
PANW,2026-06-12,243052,1031090,15
PCT,2026-06-11,191100,292249,21
LVS,2026-06-05,0,141454,3
DCO,2026-06-09,24978,0,1
DASH,2026-06-11,0,95805,3
MU,2026-06-02,38595136,25460953,257
CRS,2026-06-04,216200,137200,2
STRC,2026-06-05,0,0,2
MCHP,2026-06-09,338948,114890,14
VAL,2026-06-05,10360,0,1
NYT,2026-06-11,0,0,1
KSS,2026-06-11,19876,0,4
HBAN,2026-06-05,0,67200,1
COP,2026-06-05,0,0,1
FCX,2026-05-29,2024389,52500,18
VHT,2026-05-19,11930,0,1
ZEPP,2026-06-04,12250,0,1
ZETA,2026-06-02,257361,203667,28
BAC,2026-06-04,0,417398,6
MPC,2026-06-10,0,0,1
NVO,2026-06-12,114665,171452,11
GRAB,2026-06-11,15920,0,1
ALB,2026-06-01,40500,0,2
FIVE,2026-06-06,86920,0,3
HUT,2026-06-04,291636,792789,63
FTNT,2026-06-03,0,576796,5
BTG,2026-06-11,0,0,1
RR,2026-06-09,0,0,4
VALE,2026-06-03,228480,122864,2
PPC,2026-06-06,0,0,1
CMCSA,2026-06-12,0,0,3
NTNX,2026-05-29,160714,0,10
NASA,2026-06-01,105000,0,1
SLDP,2026-06-04,54000,0,1
RNG,2026-06-03,0,0,1
VALE,2026-06-02,0,0,1
SNDK,2026-06-02,3762350,17193183,60
MSTR,2026-06-05,3043595,10435915,455
LMND,2026-06-10,153599,0,12
CHKP,2026-06-03,172520,0,4
ASO,2026-05-19,0,0,1
APA,2026-05-30,25317,0,3
WHR,2026-06-04,0,0,5
TSM,2026-06-03,2593383,460952,22
MPC,2026-06-12,0,551870,3
TFC,2026-06-03,0,57374,1
APO,2026-06-02,0,115100,2
UPS,2026-06-03,1211299,0,4
JBL,2026-05-30,0,16200,2
CIEN,2026-05-29,369876,145790,4
BRUN,2026-06-09,0,0,4
WBD,2026-06-06,900000,50000,3
GGAL,2026-06-04,0,0,1
AREC,2026-06-10,32500,0,3
COLD,2026-05-29,0,0,1
AMRC,2026-06-06,37926,0,8
SYNA,2026-06-08,0,0,1
JXN,2026-06-09,0,0,1
PLCE,2026-05-30,22500,0,2
LCID,2026-06-03,11750,0,1
OWL,2026-06-04,0,0,1
INOD,2026-06-03,57570,0,3
PATH,2026-06-09,61680,0,4
TENX,2026-06-12,38639,0,2
LEN,2026-06-11,45194,0,4
TTMI,2026-05-30,37499,0,2
LEN,2026-06-12,63710,0,6
BKSY,2026-05-29,0,62702,1
CMI,2026-05-29,0,0,2
ORLY,2026-06-01,386899,0,3
NVO,2026-06-02,133321,91245,27
SOC,2026-05-29,26062,0,2
MTSI,2026-06-02,2112489,374080,6
NXE,2026-06-02,151569,0,5
PRGO,2026-06-12,0,0,1
PCT,2026-05-29,14000,45900,7
ENVX,2026-06-03,79450,0,4
MSOS,2026-05-30,64566,0,3
FENY,2026-06-10,48000,0,1
AVGO,2026-06-01,1430365,153865,20
LOGI,2026-06-08,0,0,2
CIBR,2026-06-03,153575,0,3
CVNA,2026-06-03,514333,44811,8
XOM,2026-06-06,0,283920,1
TTWO,2026-06-09,468677,159280,9
PEP,2026-06-12,0,0,2
ALB,2026-06-11,372520,74215,7
RIO,2026-06-04,0,82680,1
VRSN,2026-05-29,87570,0,1
KSPI,2026-06-12,1314400,0,10
CAR,2026-06-11,47594,24330,6
DOCN,2026-05-30,26766192,0,5
OC,2026-05-29,204961,0,1
TW,2026-05-19,13505,0,1
MEC,2026-06-09,64000,0,1
OKLO,2026-06-10,864553,34611,26
QURE,2026-06-04,344637,0,16
J,2026-06-10,0,0,1
TNA,2026-06-03,43340,0,1
M,2026-06-04,45609,0,8
KLAR,2026-06-06,0,0,1
APPS,2026-06-10,19355,36765,6
MGM,2026-06-04,12730,50730,2
PGNY,2026-06-02,0,0,1
TDOC,2026-05-29,121006,0,2
PDFS,2026-06-11,0,0,1
BTU,2026-06-02,33596,0,3
SH,2026-06-09,16000,0,1
OBE,2026-06-12,0,0,1
PAGP,2026-06-03,10750,0,1
DOW,2026-05-29,502916,78900,9
KR,2026-06-12,22242,42406,8
MS,2026-06-12,977380,180613,8
DINO,2026-06-11,0,89055,1
PCVX,2026-05-29,0,43290,1
RUN,2026-06-09,296672,0,14
MSFU,2026-06-05,0,0,2
KR,2026-06-08,22474,0,2
EQT,2026-06-02,308288,52920,14
MPT,2026-06-02,0,53600,1
GDX,2026-06-01,214420,90090,8
FBIN,2026-06-04,100760,0,2
AVAV,2026-06-03,115880,66760,10
SHLD,2026-06-01,22919,0,1
MARA,2026-06-11,12585,26712,13
PDYN,2026-05-29,0,23016,2
CRML,2026-06-05,0,0,2
RBRK,2026-06-11,0,23920,1
WTI,2026-06-05,0,0,1
CG,2026-05-29,10780,0,1
CNC,2026-06-06,58991,0,6
SMTC,2026-06-10,230750,0,8
TTAN,2026-06-03,44399,0,2
GTLB,2026-06-11,0,0,1
SEV,2026-06-10,12500,0,1
XLV,2026-06-03,456545,0,7
HRTG,2026-05-30,0,0,2
INDI,2026-05-29,0,0,1
MAR,2026-06-11,0,60000,3
SITM,2026-05-29,0,1152390,3
MO,2026-05-19,52950,0,1
NET,2026-06-05,1752385,868184,23
AZN,2026-06-03,94768,0,1
CGNX,2026-06-01,0,0,1
ASML,2026-06-10,1606163,0,5
FXE,2026-05-29,0,11671,1
W,2026-06-08,0,843009,9
KEEL,2026-05-30,135398,0,9
CRS,2026-06-10,152460,0,2
AVAV,2026-06-08,10730,0,1
ABNB,2026-06-06,0,54450,1
PPC,2026-06-05,37484,0,3
CRWV,2026-06-04,3338013,1500503,95
CLSK,2026-05-29,176077,22248,18
ABTC,2026-05-30,14000,0,1
CHTR,2026-06-08,143891,11400,6
ARRY,2026-06-11,16176,0,4
TE,2026-06-03,672570,0,42
USO,2026-06-04,1342085,181991,28
ETHA,2026-06-08,841737,560741,25
DXYZ,2026-06-01,0,0,1
DE,2026-05-29,270383,155760,4
CPB,2026-06-01,0,0,3
SEI,2026-06-04,172894,0,2
LNG,2026-06-03,56699,0,2
ZVRA,2026-06-11,0,0,1
TSN,2026-06-09,0,0,2
META,2026-06-02,11124727,2260291,109
UMAC,2026-06-11,47485,52179,6
STEP,2026-05-29,0,0,2
TKR,2026-05-19,0,0,1
KYMR,2026-06-12,16500,0,1
TXG,2026-06-02,0,31759,1
ATEN,2026-06-03,65956,0,5
VSH,2026-06-12,1686591,247585,9
MNKD,2026-06-10,11460,0,1
PPIH,2026-06-12,0,0,1
MRLN,2026-06-05,377526,12789,31
JBL,2026-06-04,0,49000,3
WH,2026-06-08,0,0,3
HUM,2026-06-04,105860,196651,8
CCLD,2026-06-01,276896,0,2
BX,2026-06-09,0,102220,2
PAYC,2026-06-09,52500,0,1
AMD,2026-05-30,6293283,1139915,56
RBRK,2026-06-06,0,138600,5
POWL,2026-06-11,1268997,0,2
LBRT,2026-06-05,0,0,1
AAOI,2026-06-03,599644,810921,57
OKE,2026-06-11,0,0,1
SBUX,2026-06-04,0,0,2
GLW,2026-06-11,53390,417844,7
MKC,2026-06-10,237419,0,12
AZO,2026-06-05,0,177820,1
DJT,2026-05-30,257375,0,5
FPS,2026-05-29,75720,13728,5
LITE,2026-06-05,576880,1087898,25
UBER,2026-06-12,380250,187086,3
SG,2026-05-29,118035,0,1
TSM,2026-06-01,2013290,261265,26
CIFR,2026-06-03,271683,41108,21
APD,2026-06-05,0,153000,1
ACMR,2026-06-12,0,0,2
HLF,2026-05-30,48992,0,3
ACHR,2026-06-06,37498,42020,9
TPR,2026-06-12,304340,265740,8
BTDR,2026-06-02,101415,279565,11
AVBP,2026-06-09,0,0,1
DRTS,2026-05-19,0,0,1
PTRN,2026-05-30,0,0,1
ADEA,2026-05-30,0,0,1
TRNS,2026-05-30,0,0,1
CASY,2026-06-10,773489,440092,5
SPY,2026-06-11,16896296,49083159,537
WOLF,2026-06-10,480208,223750,14
SEZL,2026-06-03,129310,0,3
GNRC,2026-06-04,53460,687462,3
AMBA,2026-06-10,24590,0,3
MU,2026-06-11,9406174,12718602,131
PAAS,2026-06-06,94240,43359,5
STWD,2026-06-12,0,35100,1
SE,2026-06-02,0,0,2
GME,2026-06-02,41006,0,10
CCL,2026-06-02,253236,113560,16
DAL,2026-06-08,0,226720,5
DG,2026-06-01,153180,0,2
APA,2026-06-09,10491,96192,4
UMAC,2026-06-08,16500,0,4
TQQQ,2026-06-06,2789327,2795798,137
MMED,2026-06-03,44034,0,2
LRN,2026-06-10,40020,0,1
RVMD,2026-06-08,185130,0,3
NNE,2026-06-12,12864,0,1
EVMN,2026-06-12,0,220000,1
ALNY,2026-05-29,44310,0,2
NBIS,2026-06-10,6792371,3038756,195
ZBH,2026-06-09,0,0,1
CVS,2026-06-06,0,0,1
FFIV,2026-06-06,0,0,2
UCO,2026-05-29,0,0,1
VIK,2026-06-04,54230,16630,4
MU,2026-06-08,31757992,5783889,137
MOH,2026-06-03,0,0,2
OIH,2026-06-03,99000,0,2
UAMY,2026-06-01,40095,0,2
AEM,2026-06-03,0,91800,1
DHR,2026-06-10,0,0,1
CRVS,2026-06-02,81311,0,1
OCS,2026-05-30,0,0,3
WHR,2026-06-03,0,0,1
ORCL,2026-05-30,7094522,178875,47
HYMC,2026-06-11,191960,0,1
SLF,2026-06-06,0,14690,1
IGV,2026-06-01,4467052,857970,112
NSC,2026-06-05,0,0,1
TPL,2026-06-02,42600,0,1
BDX,2026-06-04,0,47849,2
FEIM,2026-06-12,0,0,1
STRL,2026-06-08,0,0,1
ZS,2026-06-10,10140,195389,18
DOCU,2026-06-08,102787,0,3
CELC,2026-05-29,0,119999,4
JETS,2026-06-08,27216,0,1
FIGR,2026-06-12,0,214688,6
NXE,2026-06-10,0,163085,1
W,2026-06-02,89909,126263,15
WMT,2026-05-29,0,992118,4
ATEX,2026-06-10,0,0,3
MPC,2026-06-03,0,0,2
LAR,2026-06-03,0,0,1
CNH,2026-06-01,50912,0,1
AXTI,2026-06-09,261565,0,9
DAVE,2026-06-03,0,173367,2
NU,2026-06-09,225504,32630,13
Q,2026-06-04,42434,0,2
CXDO,2026-06-05,39235,0,4
GCTS,2026-06-05,13485,0,1
DKNG,2026-06-09,350560,55160,20
BYND,2026-05-30,41553,0,3
CI,2026-06-09,0,0,1
LYV,2026-06-12,16500,103988,6
RCAT,2026-05-30,338812,0,5
MAR,2026-05-29,0,0,1
CCJ,2026-06-06,100900,286472,17
ROST,2026-05-30,122840,0,1
Q,2026-06-02,127500,0,3
MNST,2026-05-19,98010,0,1
MCHP,2026-05-29,0,0,1
ELF,2026-06-08,13890,11570,2
LRN,2026-06-09,0,0,1
ALB,2026-06-10,0,104390,5
TMC,2026-06-06,11972,21700,4
HBM,2026-05-29,135550,0,3
CVE,2026-06-05,0,0,1
RDDT,2026-06-05,854745,30655,54
AAPL,2026-06-04,4494766,1108125,32
RMBS,2026-06-01,0,0,3
FDS,2026-06-04,0,0,1
MU,2026-05-30,16045133,12647802,160
VIXW,2026-06-06,154284,0,1
GWRE,2026-06-05,94638,13888,8
IIIN,2026-06-11,0,12320,1
SCHW,2026-06-03,62805,144520,3
CEVA,2026-06-05,34218,0,3
FSLR,2026-06-01,36025,52375,11
HOOD,2026-06-06,280500,344770,22
DRAM,2026-05-30,1506012,0,23
KGC,2026-06-12,10701,52463,3
EMBJ,2026-06-08,0,34850,1
FN,2026-05-19,0,0,1
BRUN,2026-06-11,0,0,1
PFGC,2026-06-11,0,0,3
TSHA,2026-06-09,19700,0,1
VCEL,2026-06-03,22200,0,1
KORU,2026-06-05,408450,25760,6
FLY,2026-06-11,51915,0,5
NIO,2026-06-05,99640,12000,11
TKO,2026-05-30,27110,0,2
BKNG,2026-06-04,65920,0,5
YPF,2026-06-05,22535,0,1
GDX,2026-06-06,174925,125750,22
LITX,2026-06-05,36863,0,1
PDYN,2026-06-03,56000,0,1
TLRY,2026-06-01,44270,0,1
CNK,2026-06-01,0,0,1
MAR,2026-06-08,0,0,1
WIX,2026-06-08,0,20500,1
MP,2026-06-12,0,0,4
BLDP,2026-06-01,12382,0,1
BDC,2026-06-03,265840,0,12
XBI,2026-05-30,81423,25246,3
IWM,2026-06-01,3352122,8751554,23
XLP,2026-06-10,155682,0,7
IBIT,2026-05-30,1134378,53727,32
EWC,2026-06-11,0,0,1
LMT,2026-06-08,0,0,1
DJT,2026-06-03,26572,0,3
AMPX,2026-06-10,35720,0,7
CRS,2026-06-06,0,0,1
TECL,2026-06-04,0,0,3
F,2026-06-10,64225,0,3
SPOT,2026-06-05,491320,272267,7
CLOV,2026-06-06,0,0,2
VOO,2026-06-12,316800,0,3
BITX,2026-06-12,39867,0,1
BRUN,2026-05-30,41596,0,1
AUR,2026-06-02,72784,0,15
WWW,2026-05-19,44680,13440,2
RSP,2026-06-01,366435,0,1
UVXY,2026-06-10,402930,10734,14
SPOT,2026-06-12,538616,375696,5
CXDO,2026-06-09,0,0,1
DELL,2026-06-04,636052,678485,25
MSTR,2026-06-06,3280595,10976613,440
FANG,2026-06-09,52540,0,1
SEDG,2026-06-05,11067,0,4
FROG,2026-06-05,3113805,0,6
TTWO,2026-06-12,51930,11375,7
URA,2026-06-11,811019,0,15
MRAM,2026-06-04,23986,0,3
RLGT,2026-06-03,0,11250,1
CRCL,2026-06-11,342634,624906,26
FTNT,2026-06-09,136095,104700,7
SOUN,2026-06-11,38498,0,3
GFS,2026-06-04,173409,244350,14
LAC,2026-06-04,13667,0,3
RL,2026-06-10,12357,0,2
BMNR,2026-06-05,340283,14112,32
IREX,2026-06-12,33420,0,1
VEEV,2026-05-30,71628,66642,3
YPF,2026-06-03,36300,0,2
BROS,2026-06-12,36411,67819,6
XEL,2026-06-12,0,10350,1
CART,2026-06-02,0,0,1
MSOS,2026-06-08,0,0,1
HYG,2026-06-05,0,20000,4
AHCO,2026-06-03,0,44761,2
PG,2026-06-02,0,0,1
IIPR,2026-06-11,24900,0,1
SNDX,2026-06-01,0,0,1
AXTI,2026-05-30,293720,34400,13
XLP,2026-06-03,0,86066,5
AMC,2026-06-08,0,0,1
HPE,2026-06-10,170214,185832,6
SLV,2026-06-05,5393885,799841,159
VGT,2026-06-06,108900,0,1
ON,2026-06-11,12165,142890,8
THC,2026-06-12,94068,115400,3
ABAT,2026-06-08,355567,0,5
FIX,2026-06-01,0,0,1
SHEL,2026-06-01,79866,0,2
AIG,2026-06-02,0,0,2
KVYO,2026-06-01,0,0,1
INFQ,2026-06-10,94234,0,9
SHW,2026-06-04,0,0,1
CB,2026-06-12,1015000,0,1
PRM,2026-06-04,0,0,1
HIMX,2026-05-30,72380,0,2
LOCO,2026-05-29,41053,0,2
SBSW,2026-06-03,0,26250,2
HIMS,2026-05-30,494791,34798,41
ACWI,2026-06-02,44520,23680,2
DOW,2026-06-01,0,67460,5
CBOE,2026-06-06,56110,0,4
ATI,2026-05-30,0,0,2
JD,2026-06-09,0,48210,4
ELAN,2026-06-11,25459,0,1
TD,2026-06-05,0,58760,1
OMF,2026-06-03,0,72590,2
MTB,2026-06-05,0,0,1
MRVL,2026-06-12,19085998,6806131,164
BUD,2026-06-06,0,0,1
SPCE,2026-06-12,1013580,245960,72
ALOY,2026-06-04,57000,0,1
SATL,2026-06-04,15000,0,1
NTR,2026-06-10,0,0,2
TSLL,2026-06-08,0,16680,3
CBRS,2026-06-06,269420,150671,12
OXM,2026-05-19,0,0,1
FOUR,2026-06-12,0,0,1
C,2026-06-11,82863,202895,10
BRKB,2026-06-01,165876,0,3
RIG,2026-06-01,116163,0,3
STM,2026-06-05,57670030,0,18
ASST,2026-06-04,15594,30536,4
SGML,2026-06-05,0,0,1
AFRM,2026-05-30,0,0,11
TGT,2026-06-11,0,252945,4
F,2026-06-04,465054,194254,11
ASTS,2026-06-02,2346138,435457,118
QS,2026-06-02,189573,0,8
GLXY,2026-06-05,763939,17028,19
CSIQ,2026-05-19,0,0,1
RBRK,2026-06-10,151844,54600,4
CNC,2026-06-04,361093,0,11
LWLG,2026-06-09,55371,12000,4
REGN,2026-06-03,85000,0,1
AMTM,2026-06-10,121500,0,1
FUTU,2026-06-04,69008,126502,10
SATS,2026-06-09,957381,11960,35
IONQ,2026-06-08,768002,110960,25
OSCR,2026-06-08,801093,0,18
IRTC,2026-06-04,0,0,1
Z,2026-06-02,72220,111551,7
ZM,2026-06-08,0,0,2
MOD,2026-06-10,0,147550,9
LYV,2026-06-02,100620,0,3
EXC,2026-06-04,0,0,3
AFRM,2026-06-02,145023,665030,10
PTLO,2026-06-09,22135,0,1
TEVA,2026-06-10,0,92080,2
DECK,2026-05-30,14420,0,2
OII,2026-06-01,37944,0,1
BTDR,2026-06-04,4116146,0,20
SERV,2026-06-06,21480,221350,6
HIMS,2026-06-09,597876,520715,46
PH,2026-06-02,0,262260,1
HLIT,2026-06-01,0,0,1
GEV,2026-05-30,308305,538780,10
MAR,2026-06-05,65320,320868,2
MCY,2026-06-03,52885,0,2
XPEV,2026-06-08,0,0,2
RGEN,2026-06-09,369070,0,1
M,2026-06-12,166455,0,9
BITX,2026-06-06,0,0,1
AEM,2026-06-10,0,113613,1
ICHR,2026-05-19,55860,0,1
LPTH,2026-06-08,0,12600,1
ZROZ,2026-06-11,20255,0,1
JXN,2026-06-11,0,0,1
HCA,2026-06-09,0,178504,1
KR,2026-06-09,31532,0,5
VNM,2026-05-19,0,0,1
BSOL,2026-06-10,16078,0,1
SITM,2026-06-01,66892,362600,8
GNRC,2026-06-10,309560,692000,7
ADBE,2026-06-02,1936767,805840,22
SOFI,2026-05-30,655866,258766,65
TSLA,2026-06-09,18221481,7931509,251
FCX,2026-06-06,0,120723,10
ASPI,2026-06-05,0,40500,5
TNDM,2026-06-02,0,0,1
TTD,2026-06-10,38529,0,11
TLT,2026-06-12,1407676,1145663,124
NTR,2026-05-19,0,0,4
GRAL,2026-06-09,0,38000,1
AGNC,2026-06-02,0,0,2
BMRN,2026-06-09,0,37810,1
JD,2026-06-03,160168,13794,14
BTGO,2026-06-04,11020,0,1
ZM,2026-05-30,21500,0,4
MTZ,2026-06-09,0,0,1
LYFT,2026-06-11,0,0,2
CLOV,2026-06-05,10500,0,2
UMAC,2026-06-10,0,43414,3
YOU,2026-05-19,0,0,1
BCRX,2026-06-03,11870,0,1
AAP,2026-06-02,51089,0,3
GOOG,2026-06-03,852630,1900708,37
A,2026-06-09,119560,24740,2
FEZ,2026-06-06,0,0,2
PTIR,2026-05-19,224991,0,1
ERO,2026-06-08,11250,0,2
QRVO,2026-05-30,0,0,1
CRSR,2026-06-01,38897,217881,6
CZR,2026-05-29,0,0,3
SILJ,2026-06-11,142626,23070,6
VOYA,2026-06-12,92095,0,5
FWDI,2026-06-04,30000,0,1
TXN,2026-06-06,316300,112585,6
MULL,2026-06-10,0,94750,2
OMER,2026-06-03,0,0,1
CART,2026-06-09,0,0,2
HUM,2026-06-05,987300,66152,4
PCG,2026-06-03,129860,45064,16
GEV,2026-06-06,432959,212530,13
GTX,2026-06-08,0,0,1
SBET,2026-06-12,47828,80080,3
PLAB,2026-05-30,55286,80767,6
IMCR,2026-06-06,0,741900,1
ZS,2026-06-01,1806778,52450,44
OSCR,2026-06-03,19708,45450,6
ABSI,2026-05-29,25000,0,1
CELC,2026-06-12,102660,0,1
STLD,2026-06-10,122400,0,1
ZD,2026-06-05,31078,0,3
FCEL,2026-06-01,0,0,1
PBI,2026-06-03,73500,0,1
BMY,2026-06-12,0,0,1
AS,2026-06-03,0,662500,1
ALGM,2026-05-30,76195,0,4
XOP,2026-06-03,63420,0,4
SHAK,2026-06-02,20960,0,2
ETHU,2026-06-01,21070,0,1
GEO,2026-06-09,78040,0,4
VUZI,2026-06-01,0,0,1
NVS,2026-06-05,0,0,1
BLD,2026-05-29,0,0,1
CYTK,2026-06-04,35100,0,2
TRIP,2026-06-03,10000,0,1
ULTA,2026-06-05,562340,0,5
KEYS,2026-06-06,0,0,1
WHR,2026-06-05,0,144000,8
GGAL,2026-06-10,166830,0,3
HWC,2026-06-03,0,0,1
SMMT,2026-06-08,0,15910,1
TSM,2026-06-04,3297214,2689990,30
RH,2026-06-03,61699,0,4
LIN,2026-06-03,218228,0,3
LSCC,2026-06-02,0,0,1
HWM,2026-06-09,0,0,1
SOLS,2026-06-05,0,0,1
JMIA,2026-06-10,87465,0,2
CLX,2026-06-10,78459,49929,9
SRAD,2026-06-11,12580,11000,3
HPE,2026-06-08,661701,105780,3
PBR,2026-06-11,0,0,1
GME,2026-06-11,14700,0,6
AR,2026-06-05,0,0,1
LUMN,2026-05-30,18055,0,3
DIS,2026-06-08,0,1098736,3
VRTX,2026-06-01,116270,0,2
AI,2026-06-03,129432,129317,12
IMPP,2026-05-30,0,25001,1
AMZN,2026-06-01,3892741,2634404,15
IONQ,2026-06-01,1220636,115548,24
ETN,2026-06-10,2366630,0,7
HIVE,2026-06-01,0,0,2
PTRN,2026-06-02,52125,0,1
BXSL,2026-06-03,0,0,1
HPE,2026-06-09,99450,0,1
XLB,2026-06-10,56026,0,2
AG,2026-06-09,0,0,6
SLB,2026-06-11,51097,0,2
NCLH,2026-05-30,29452,0,7
DASH,2026-05-29,1594785,0,8
COMP,2026-06-03,0,0,2
ARTY,2026-06-04,10000,0,1
CVS,2026-06-12,0,238148,3
BRUN,2026-06-12,23113,0,1
XOVR,2026-06-03,86423,82500,15
APPS,2026-06-11,0,142160,7
URI,2026-06-02,51570,0,3
LDOS,2026-06-10,21500,0,1
BURL,2026-05-30,423519,0,4
APTV,2026-06-05,20000,0,3
CVS,2026-06-02,0,51260,1
MPC,2026-06-02,206550,0,5
SRAD,2026-06-05,21090,0,1
SM,2026-06-09,0,0,1
TEAM,2026-06-05,344400,0,4
CBRG,2026-06-09,10440,0,1
MARA,2026-05-30,364363,85123,19
CZR,2026-06-05,0,0,2
LAES,2026-06-02,70400,0,1
SERV,2026-06-10,452288,51642,26
GGAL,2026-06-02,596000,0,2
LOGI,2026-06-02,138637,0,9
SMTC,2026-06-08,29700,18200,3
XOM,2026-06-01,187058,0,3
FRMI,2026-06-12,373039,11500,23
MOV,2026-06-12,0,0,3
PRIM,2026-05-29,0,0,1
BTU,2026-06-01,13500,0,2
FXI,2026-06-06,265877,67112,9
SIMO,2026-06-02,0,0,2
FSLR,2026-06-05,768060,1480737,41
IOT,2026-06-03,123800,0,5
MSFT,2026-06-06,1444887,1094098,30
TRGP,2026-06-09,0,0,1
KBWB,2026-06-05,0,0,3
AVAV,2026-05-30,53382,0,4
CORT,2026-06-11,0,0,2
TMUS,2026-06-02,0,266148,7
BLDP,2026-06-06,26250,0,2
XLY,2026-06-02,0,167095,6
ROOT,2026-06-09,0,0,1
AFL,2026-06-02,0,0,1
RIOT,2026-05-30,346541,0,14
DHT,2026-06-12,0,0,1
BA,2026-06-05,1217464,306764,11
IEF,2026-06-01,0,53632,4
RIO,2026-06-09,0,0,1
TNL,2026-06-12,133000,0,1
CB,2026-06-05,62220,395960,4
DUOL,2026-06-01,30198,0,3
WEAT,2026-05-30,0,0,1
TECL,2026-05-29,0,0,2
DINO,2026-06-04,20000,0,2
SVIX,2026-05-30,0,0,1
AFRM,2026-06-03,0,20500,4
IBRX,2026-06-01,0,11714,2
V,2026-06-04,0,291275,2
NFE,2026-06-09,0,13110,3
OXM,2026-06-12,0,56181,2
HUBS,2026-05-29,20000,12281,4
LPTH,2026-06-02,0,100010,4
BRUN,2026-06-04,426208,0,8
LQDA,2026-06-11,48000,0,4
KWEB,2026-06-01,306868,40092,12
CBOE,2026-06-03,600741,38500,12
SNAP,2026-06-01,133647,0,4
CNS,2026-06-08,0,0,1
ADBE,2026-06-10,1450694,927912,17
DOCN,2026-06-08,44450,80416,8
EXE,2026-06-01,90090,0,1
ITT,2026-06-05,0,115600,4
VOYA,2026-06-01,0,0,2
AVGO,2026-06-03,10067233,4958147,98
JLL,2026-05-19,32400,0,2
AEO,2026-06-04,0,0,2
PYPL,2026-06-01,342900,14237,21
CSCO,2026-06-09,394555,0,12
CLOV,2026-06-08,0,0,1
LYFT,2026-06-05,208784,0,4
XYZ,2026-06-03,169568,423392,32
AGI,2026-06-03,772149,0,5
XPO,2026-06-10,0,0,1
VAC,2026-06-02,0,0,2
BL,2026-06-06,178000,0,1
OKLO,2026-06-09,356125,185390,25
EQNR,2026-06-08,0,0,1
TLT,2026-06-10,1059503,776175,89
HYLN,2026-06-10,80105,0,2
TME,2026-06-06,0,37890,1
PDD,2026-06-04,584825,0,7
LNG,2026-05-30,0,0,4
VICR,2026-06-10,0,0,4
SNXX,2026-06-11,30518,0,2
XLE,2026-06-04,212481,461367,62
CXDO,2026-06-02,708471,0,41
WULF,2026-06-10,162771,568898,28
AVY,2026-06-05,0,0,1
PFE,2026-06-01,0,87535,2
HACK,2026-06-08,0,0,2
RGLD,2026-06-08,84810,0,1
ISRG,2026-06-11,171200,242190,6
THO,2026-06-03,0,0,1
SMMT,2026-06-04,15075,0,1
CROX,2026-06-03,58070,99613,5
SATL,2026-06-02,0,0,1
COIN,2026-06-02,925777,7290580,129
NFLX,2026-06-01,59584,60375,2
VZ,2026-06-05,252093,264798,7
RRC,2026-06-02,0,0,1
OLN,2026-06-04,0,0,1
PGY,2026-06-03,0,0,3
COIN,2026-06-03,600798,1287635,100
DELL,2026-06-02,7822156,707150,54
MRLN,2026-06-02,0,0,1
MLYS,2026-06-02,0,0,1
TQQQ,2026-06-01,1360543,1379352,48
ADBE,2026-06-03,1020444,688175,30
SFM,2026-06-12,68200,0,3
XLU,2026-06-01,10600,0,2
FRMI,2026-06-03,0,50000,6
PD,2026-05-29,24930,0,2
GRRR,2026-06-06,61000,0,2
MAGS,2026-06-12,1264064,60049,8
ZIM,2026-06-02,0,334000,4
HSY,2026-06-05,0,0,2
FEZ,2026-06-02,315640,0,1
DHR,2026-06-02,72900,0,2
ARCB,2026-06-09,56000,0,1
NVO,2026-06-08,43597,76052,13
ASST,2026-06-09,0,0,1
EXK,2026-06-03,0,75000,2
HTZ,2026-06-05,238000,0,1
WDAY,2026-06-05,241830,182710,14
BLK,2026-06-05,1088839,0,2
GGAL,2026-05-29,15585,0,3
FVRR,2026-06-03,0,32286,2
MA,2026-06-12,0,72240,3
BA,2026-05-30,212351,81405,9
AAPL,2026-06-11,6734040,108680,56
IQV,2026-06-02,113040,0,2
RTX,2026-05-19,0,0,1
GTLB,2026-06-10,0,0,1
LUV,2026-06-04,41777,0,4
HON,2026-06-06,0,0,2
DKNG,2026-06-01,24791,11424,4
GOOGL,2026-06-06,1236667,973465,22
XOP,2026-06-12,22910,136485,7
MDT,2026-05-30,0,0,1
GEN,2026-05-30,0,0,1
CHPT,2026-06-02,96505,0,1
EEM,2026-06-06,1161805,41447,14
PRGO,2026-06-09,30870,0,4
ARM,2026-06-04,2148735,2841215,51
KGC,2026-06-03,52619,0,4
BSOL,2026-06-03,62938,0,3
AMSC,2026-06-02,189139,0,9
ADTN,2026-06-08,31748,0,1
RNW,2026-06-11,0,0,1
MRVL,2026-06-08,8680989,1149740,121
FLR,2026-06-04,29760,72600,3
PHM,2026-06-12,0,126250,1
FRMI,2026-06-02,98074,107875,10
RIO,2026-06-05,0,0,1
JD,2026-06-06,0,0,1
KMI,2026-06-05,63736,0,1
BIDU,2026-06-08,20475,500899,15
ARKK,2026-06-06,80326,459239,22
OKLO,2026-06-08,170783,0,16
EFX,2026-05-29,21600,0,1
CORT,2026-06-05,0,98170,3
ENVX,2026-06-06,42560,0,1
COHR,2026-06-09,598000,406973,13
LPTH,2026-05-29,0,0,1
KRMN,2026-05-29,0,0,1
LMT,2026-06-12,338340,271440,4
BMNR,2026-06-10,70349,171181,15
URA,2026-05-30,0,0,2
GDDY,2026-06-08,0,0,2
IMSR,2026-06-12,76766,0,1
TCOM,2026-06-09,744590,119000,9
NRXP,2026-05-30,36000,0,2
TGT,2026-05-29,0,0,4
DPST,2026-06-10,11960,0,2
UNH,2026-06-02,240407,325604,9
OKE,2026-06-06,0,0,1
XLK,2026-06-08,342339,467565,30
AXP,2026-06-06,171329,0,3
TMV,2026-05-30,0,0,1
TLT,2026-06-09,1809831,569904,123
NNE,2026-06-05,0,0,1
APTV,2026-06-09,98940,0,5
OLED,2026-06-01,61870,0,1
BMNR,2026-06-08,219092,94073,23
PAYX,2026-06-03,0,12076,1
DGXX,2026-06-03,176072,0,4
GS,2026-06-09,692666,305282,26
AGNC,2026-05-30,0,67000,2
ONON,2026-06-10,14620,52447,3
STX,2026-06-05,285300,85000,7
MKSI,2026-06-09,59260,0,1
SCO,2026-06-11,0,0,1
SHAK,2026-06-03,0,0,1
EXPE,2026-06-05,0,0,3
CSIQ,2026-06-09,0,40572,2
SKY,2026-06-10,0,0,3
FLNC,2026-06-09,70085,0,6
PPTA,2026-05-19,42524,0,2
PGY,2026-06-08,30000,0,1
RTX,2026-06-05,474445,0,3
ADI,2026-06-10,121900,53920,5
POWI,2026-06-09,0,0,2
QQQ,2026-06-08,14006881,11860641,250
HPQ,2026-06-10,951360,126708,37
GLXY,2026-06-01,156266,0,6
BTI,2026-05-19,54450,0,2
IAU,2026-05-30,168280,0,2
GRAB,2026-06-10,77347,0,3
ED,2026-06-12,46950,0,2
SEDG,2026-06-01,17680,0,5
RUTW,2026-05-30,189100,0,3
RKT,2026-06-06,50876,0,5
MRVL,2026-05-30,1083181,982428,27
NICE,2026-06-03,0,0,1
MKL,2026-06-09,1715702,0,2
FLY,2026-06-12,40935,10000,5
BW,2026-06-11,0,0,1
ULTA,2026-05-30,0,500000,2
TLN,2026-06-04,1320645,51490,4
INDA,2026-05-19,0,64640,3
SVM,2026-05-29,16000,0,1
DOCN,2026-06-01,297408,56141,10
GLW,2026-05-29,346005,260550,13
BMNR,2026-06-01,39165,96058,14
RKT,2026-06-11,154299,0,4
NBIS,2026-06-12,2896055,563325,118
VGT,2026-06-02,0,0,1
STM,2026-06-08,1317562,151841,11
TDOC,2026-06-09,13986,0,1
NMAX,2026-06-05,0,0,2
ANGI,2026-05-30,30971,0,2
FMC,2026-05-19,0,0,1
DXCM,2026-06-09,93375,817719,4
SOFI,2026-06-04,468792,127071,43
DOCS,2026-06-12,0,12600,1
WDC,2026-06-04,446595,213215,9
SOFI,2026-06-10,184790,141366,32
RKLX,2026-06-09,0,15819,3
WPM,2026-06-04,0,0,1
ELV,2026-06-08,0,0,1
HIMX,2026-06-02,101035,0,8
CBRS,2026-05-30,252830,552160,11
PZZA,2026-06-11,14035,0,1
VSH,2026-06-09,465022,0,22
PAR,2026-06-02,16275,0,1
FLUT,2026-05-29,0,230762,3
CSIQ,2026-06-04,24307,0,4
FORM,2026-05-30,22110,0,2
AMDL,2026-06-06,0,75000,2
CRM,2026-06-05,590930,155248,26
INTU,2026-06-01,2182422,0,27
DECK,2026-05-29,53950,26970,4
CVLT,2026-06-01,243398,0,4
PLAB,2026-05-29,49500,0,4
BKNG,2026-06-01,0,0,1
NNE,2026-06-11,0,0,2
JD,2026-06-11,346764,0,5
HII,2026-05-30,0,95000,1
MO,2026-06-03,361461,178500,12
EC,2026-05-29,0,0,4
ON,2026-06-05,0,0,1
SHEL,2026-06-11,370790,0,3
SHW,2026-06-10,69645,0,1
CZR,2026-06-03,0,0,1
HRI,2026-06-09,51660,0,1
NVT,2026-06-09,45900,0,2
VRRM,2026-06-02,76051,18000,3
HCA,2026-06-04,124120,0,1
WDAY,2026-06-10,0,570200,10
DRNZ,2026-05-29,0,0,2
VSXY,2026-06-05,0,28140,1
XRX,2026-05-29,0,0,2
ANF,2026-05-19,51030,0,1
PZZA,2026-05-29,39147,0,1
MO,2026-06-12,0,0,2
KLAR,2026-05-30,0,0,1
TSCO,2026-06-05,18275,0,2
AMC,2026-06-04,31472,0,6
CVEO,2026-06-11,12000,0,1
FN,2026-06-11,0,624630,3
AGI,2026-06-11,0,0,2
HL,2026-06-08,28855,219935,4
CL,2026-06-04,0,0,2
MCD,2026-06-05,140573,205703,5
OKTA,2026-06-02,646509,1141731,36
PWR,2026-06-12,216600,0,1
ALC,2026-06-01,36540,0,2
UPST,2026-06-03,11000,17286,6
TZA,2026-06-12,30140,0,1
IBKR,2026-06-04,0,65900,5
NUAI,2026-06-05,0,0,2
AFRM,2026-06-09,37830,0,2
SIL,2026-06-11,23199,0,1
BL,2026-06-10,48160,0,2
MCO,2026-06-02,401850,0,1
APH,2026-06-11,152010,0,4
FRMI,2026-06-09,25300,0,3
TAN,2026-05-29,38880,0,7
MBLY,2026-06-05,0,0,3
SNDX,2026-05-30,0,0,1
CSCO,2026-06-05,0,61845,2
LRCX,2026-06-05,2555815,970186,20
FSLY,2026-06-04,12964,26444,5
AFRM,2026-06-01,16790,0,1
TENB,2026-05-19,92612,0,2
PURR,2026-06-06,322022,0,18
CRCL,2026-06-02,873529,340082,39
DHR,2026-06-12,0,0,1
PG,2026-05-29,52722,0,9
FISV,2026-06-09,49975,10500,8
INTA,2026-06-02,25608,0,1
BBAI,2026-05-30,156925,13455,15
STLA,2026-06-08,0,0,3
KDP,2026-06-09,10488,0,1
ARES,2026-06-04,0,29120,1
SAP,2026-06-08,272110,0,4
FSLR,2026-06-06,1430436,296630,44
XEL,2026-05-29,0,10640,2
ZM,2026-06-03,92465,17578,12
LMND,2026-05-29,130265,0,3
BLK,2026-06-02,291535,0,1
RELL,2026-05-19,0,0,1
SCO,2026-05-29,0,0,1
ASTS,2026-06-01,1702452,657138,72
AVAV,2026-06-01,0,13500,2
IBKR,2026-06-12,68635,0,5
INTC,2026-06-04,6378668,2264266,46
LNG,2026-06-04,0,0,6
ROKU,2026-06-04,10500,0,5
AEHR,2026-06-04,0,0,2
COF,2026-06-10,0,0,2
JD,2026-06-08,0,0,1
BNY,2026-06-12,0,0,1
FIVN,2026-06-12,28700,19780,4
SANA,2026-06-03,0,0,1
GTLB,2026-06-03,203391,457772,29
TMC,2026-06-10,0,0,1
XRT,2026-06-06,45628,0,5
TTWO,2026-06-08,112030,29321,5
SYY,2026-06-04,0,0,1
PANW,2026-06-02,1827303,775820,29
INTU,2026-06-10,0,607066,10
SGHC,2026-06-12,0,0,2
YINN,2026-06-06,26600,0,2
QBTS,2026-06-02,892604,130890,76
WDC,2026-06-08,388800,209025,7
PGY,2026-06-04,129582,0,5
TQQQ,2026-06-09,1703633,1292021,100
ZS,2026-06-03,634504,829972,35
KNX,2026-06-10,49500,0,1
GLXY,2026-06-09,4163537,322469,50
MCHP,2026-06-04,65993,159858,5
Q,2026-06-01,0,67640,3
SWKS,2026-06-11,46460,0,2
LYB,2026-06-01,57702,0,1
WELL,2026-06-09,266006,0,1
EQT,2026-06-01,32986,27343,4
PSKY,2026-06-11,13065,0,1
SIRI,2026-06-02,0,0,1
TSCO,2026-06-12,0,0,2
FISV,2026-06-10,14750,0,6
CEG,2026-06-10,198958,710560,9
WOR,2026-06-02,0,0,1
LMND,2026-06-11,147727,0,4
BW,2026-06-02,25137,0,1
EWZ,2026-06-04,331635,300083,26
CPRI,2026-06-04,180813,0,3
RGLD,2026-06-12,0,18702,2
UFO,2026-06-12,220752,77705,7
MBLY,2026-06-08,0,0,1
P,2026-06-06,33120,11840,5
ARMK,2026-06-10,10000,0,1
PR,2026-06-05,24826,0,1
CORZ,2026-06-05,1547059,635069,12
MLTX,2026-06-04,15994,0,1
NTAP,2026-05-30,429660,286572,8
APGE,2026-06-05,170500,0,1
IGV,2026-05-30,2795610,651433,76
MBX,2026-06-11,0,0,1
CELH,2026-06-06,14940,0,4
AMR,2026-05-29,0,0,1
TGT,2026-06-04,100090,0,5
WGS,2026-05-30,52500,0,1
SVOL,2026-05-30,0,0,1
LUNR,2026-06-05,46770,92885,15
HSY,2026-06-06,40940,0,2
HON,2026-06-09,0,91500,2
QUBT,2026-06-11,62178,0,2
FLY,2026-06-09,0,0,5
GDS,2026-06-06,252810,0,7
MSGS,2026-06-05,165200,110820,7
ENVA,2026-06-02,0,498750,1
RVMD,2026-06-03,0,28002,3
IWM,2026-06-09,2200773,9795016,91
MRNA,2026-06-01,15552,26040,7
LLY,2026-06-10,0,2861001,12
URA,2026-06-06,14760,101700,8
AAON,2026-06-09,70000,340000,2
BMY,2026-06-09,0,490079,3
ADBE,2026-06-04,0,501065,8
REXR,2026-06-03,73430,0,1
GE,2026-06-08,622830,0,2
IHI,2026-06-02,51290,0,2
FBTC,2026-06-09,60000,0,2
CDE,2026-06-09,29900,0,4
COF,2026-06-02,0,58890,1
ALGN,2026-06-09,93795,0,2
CWVX,2026-05-29,0,0,1
MSFU,2026-05-19,0,0,1
CALM,2026-06-11,162578,0,3
CVX,2026-06-03,0,392294,4
CGC,2026-06-05,0,0,1
NVDL,2026-06-09,0,49000,1
UBER,2026-06-09,234759,0,2
SMMT,2026-06-02,11485,0,3
CME,2026-06-09,105840,0,2
XXI,2026-06-02,18000,0,1
AMT,2026-05-29,62898,0,1
SAP,2026-06-12,0,110200,4
CRCA,2026-06-02,0,0,1
INFQ,2026-05-19,0,0,1
VG,2026-06-10,10290,412813,4
GTLB,2026-06-05,16375,0,6
VSXY,2026-06-10,388496,0,1
DGXX,2026-06-11,0,160000,1
TLN,2026-06-05,499879,0,9
DAL,2026-06-12,726400,0,8
TLT,2026-06-08,457445,446660,42
MSOS,2026-06-04,74647,0,3
ARRY,2026-06-08,33210,0,1
RBLX,2026-06-10,49110,120310,7
SO,2026-06-11,146950,86190,2
CG,2026-06-12,0,256120,10
UNG,2026-06-12,0,0,1
PL,2026-05-30,64166,25005,6
VRDN,2026-06-04,16000,0,1
QQQ,2026-06-02,32650872,15159676,261
BETA,2026-06-12,0,176007,1
NBIS,2026-06-01,1131275,0,6
ALB,2026-06-04,32110,0,2
DVA,2026-05-30,0,94607,1
DXCM,2026-06-10,0,0,2
MX,2026-05-29,156078,0,11
BROS,2026-06-09,536885,0,4
MA,2026-06-03,0,0,3
EOG,2026-06-04,176035,105602,2
UAMY,2026-06-08,59972,0,2
TPB,2026-06-01,0,0,1
EH,2026-06-09,0,26126,1
ORA,2026-05-19,11510,0,3
ENPH,2026-06-01,165743,238926,20
XBI,2026-06-03,17258,533671,16
AMKR,2026-05-29,69596,0,5
COP,2026-06-03,0,142682,2
PARR,2026-05-29,68500,0,1
HUBS,2026-06-01,520231,63000,12
RUN,2026-06-10,107821,0,8
HIMS,2026-06-10,2157492,144000,53
JEPI,2026-06-01,0,14400,1
VLO,2026-06-03,135280,0,2
ADSK,2026-06-05,0,68343,8
LZM,2026-06-12,310000,0,2
BKNG,2026-06-12,73380,283920,3
GDS,2026-06-02,0,0,1
THC,2026-06-04,0,0,3
PSIX,2026-05-29,0,0,1
AGL,2026-06-05,0,0,1
CPNG,2026-06-04,88682,18834,6
LYFT,2026-06-02,0,0,3
QQQ,2026-06-09,18769047,33364708,458
MMM,2026-05-29,108122,0,2
AFRM,2026-06-04,161956,31980,6
PINS,2026-06-05,54936,0,6
SOXS,2026-06-01,63243,20400,7
GBTC,2026-06-02,0,166565,2
ACLS,2026-06-02,611900,0,4
YINN,2026-06-05,0,14298,2
AMKR,2026-05-30,28778,0,4
KRE,2026-06-08,24842,111978,10
PDFS,2026-06-02,59792,0,4
CLS,2026-06-05,0,159660,15
CSCO,2026-06-11,50125,0,4
FXY,2026-05-19,0,0,1
RH,2026-06-10,36400,66979,4
FIVE,2026-06-02,42000,0,3
HROW,2026-06-10,29110,0,1
BRUN,2026-06-01,0,0,1
CIB,2026-05-30,0,0,1
PLTR,2026-05-30,8211638,241031,77
MP,2026-06-03,224762,122804,22
UUUU,2026-06-12,159900,0,5
NXPI,2026-06-01,55910,619002,4
TDOC,2026-06-02,0,0,1
RH,2026-05-29,44653,0,2
ESTA,2026-06-10,0,0,1
TJX,2026-06-04,54280,0,2
QTUM,2026-06-05,0,0,1
TGEN,2026-06-05,27699,0,1
DLTR,2026-06-08,0,10224,5
BAC,2026-06-03,80730,0,3
CASY,2026-06-09,0,0,2
ZIM,2026-06-03,0,0,1
JOBY,2026-06-04,0,0,1
KHC,2026-05-29,0,0,1
GNRC,2026-06-01,220820,0,3
HBM,2026-06-06,24480,0,1
PR,2026-06-10,19575,0,2
VGT,2026-06-01,0,0,1
UFO,2026-06-04,126860,232740,10
TREX,2026-06-09,13000,0,1
EEM,2026-06-08,182428,20097,5
OSCR,2026-06-05,309495,0,13
URI,2026-06-10,0,0,3
FITB,2026-05-19,14000,0,1
CNC,2026-06-12,0,105726,9
VFC,2026-05-30,49464,0,1
TTMI,2026-06-11,569470,0,1
SEDG,2026-06-10,36500,160478,8
NNE,2026-06-08,0,0,1
SPX,2026-06-03,75573665,6105690,32
GEHC,2026-06-03,74600,0,3
FTNT,2026-06-06,91580,0,3
TLN,2026-06-03,0,0,1
XOM,2026-06-08,249795,0,3
ARES,2026-06-06,0,0,1
TER,2026-06-04,2973995,85784,14
ET,2026-06-03,145650,0,1
GAP,2026-06-09,22320,0,2
DRAM,2026-06-04,933635,179398,53
ADEA,2026-06-10,168149,0,8
FSLY,2026-05-30,26686,0,2
PLTR,2026-06-04,1769120,2705736,79
CROX,2026-06-05,373090,0,6
DXCM,2026-06-05,51975,0,2
HWM,2026-06-12,0,0,1
MDB,2026-06-11,381990,73465,7
CLS,2026-06-04,3306125,168410,23
LEU,2026-06-06,0,217852,6
VIX,2026-06-12,0,0,6
GLD,2026-06-03,1691181,2030897,116
ASTS,2026-06-08,748518,587325,49
GTLB,2026-06-06,11070,0,1
WFC,2026-06-12,0,294035,5
IGV,2026-06-02,2514789,1737558,119
CMPS,2026-06-01,137640,0,2
KEYS,2026-06-03,484320,0,4
XPEV,2026-06-05,0,0,2
UTI,2026-06-02,32480,0,2
GLXY,2026-06-02,75259,20350,9
NTLA,2026-06-12,21890,0,1
SMH,2026-06-11,2901846,7975566,181
AGO,2026-05-19,125860,0,1
WING,2026-06-08,22320,0,4
ILMN,2026-06-05,0,28350,2
CVNA,2026-06-12,28145,424334,18
CMI,2026-06-08,298890,0,1
SITM,2026-06-12,244720,0,2
AA,2026-06-11,56985,0,4
TSCO,2026-05-30,0,13500,2
FUTU,2026-06-02,932071,54280,10
ASTX,2026-05-30,0,0,1
CIA,2026-06-10,0,0,2
DHI,2026-06-10,13320,174763,6
JBLU,2026-06-09,0,30000,2
SMR,2026-06-03,256322,0,26
NVT,2026-06-10,0,196560,3
PRU,2026-06-05,0,0,1
SMCI,2026-06-05,527454,329598,86
FHN,2026-05-19,0,10890,1
UCO,2026-06-05,0,0,1
TENB,2026-06-03,381025,0,3
OPEN,2026-06-03,391756,0,29
ABVX,2026-05-30,243314,0,12
SNOW,2026-06-11,68450,180737,9
BITX,2026-06-08,30450,0,2
BAC,2026-06-08,0,0,2
SNOW,2026-05-30,473520,409770,13
MIR,2026-06-03,0,0,4
SO,2026-06-03,0,59577,1
SMR,2026-06-11,82491,90936,13
BOOT,2026-06-04,0,0,1
TKR,2026-06-10,69200,0,4
COPX,2026-06-03,64500,0,2
MSTX,2026-06-12,11260,0,3
CARR,2026-06-10,57670,0,3
KEYS,2026-06-02,0,0,2
AMGN,2026-06-01,129428,0,1
OUST,2026-06-04,865834,0,10
NOK,2026-06-12,1278489,191371,25
BNY,2026-06-09,110880,71580,5
FICO,2026-06-05,0,0,1
GPN,2026-06-12,0,21130,1
XLC,2026-06-03,12959,0,1
MKTX,2026-06-10,0,0,1
SBAC,2026-06-05,15190,0,1
TEVA,2026-06-08,45665,0,2
UMAC,2026-06-09,0,0,5
DIA,2026-06-10,370378,807810,37
GLW,2026-06-05,1511601,77405,17
CORZ,2026-06-12,967664,116010,39
NOW,2026-06-10,742084,668591,21
VRRM,2026-06-05,33846,0,2
CRDO,2026-06-05,5442496,69820,52
KDK,2026-06-03,10451,0,1
TENB,2026-05-29,39600,0,4
CIEN,2026-06-02,72500,51800,5
OIH,2026-06-12,0,662010,15
USAU,2026-06-10,92948,0,1
ORBS,2026-06-09,0,0,3
WRBY,2026-06-10,300411,0,5
NN,2026-06-09,104775,0,2
LYB,2026-05-29,0,28155,3
SOXS,2026-06-08,177349,38451,12
ALHC,2026-06-02,0,0,1
RACE,2026-06-11,344760,0,3
PAAS,2026-06-02,77245,163477,5
USCI,2026-06-11,0,0,1
HIVE,2026-06-04,15750,0,4
DINO,2026-06-05,71850,0,5
WSM,2026-06-04,0,122760,1
FLY,2026-06-08,0,25680,3
ANET,2026-06-10,0,206387,8
ARMG,2026-06-05,19530,0,2
DUST,2026-06-10,16800,0,1
CVS,2026-06-11,0,62066,1
ASTS,2026-06-10,1032592,286115,71
GDX,2026-06-10,400727,257073,28
GRMN,2026-06-05,0,165349,1
UNH,2026-06-05,925712,50118,25
F,2026-06-02,1103421,0,9
BTQ,2026-06-04,21952,0,1
SNPS,2026-06-12,958030,0,2
RCAT,2026-05-19,13152,35730,4
USO,2026-06-08,28466,467033,12
DIA,2026-05-30,93100,257715,17
SITM,2026-06-10,177200,0,6
FROG,2026-06-06,104880,0,2
DOCN,2026-06-03,475565,0,14
ARKK,2026-06-03,842470,189328,16
EWY,2026-06-06,637243,5542592,89
LOW,2026-06-03,0,0,1
USD,2026-06-05,0,0,1
APP,2026-06-08,543832,191412,7
COUR,2026-06-02,35565,0,2
NEBX,2026-05-19,0,10882,1
CBOE,2026-06-02,25490,1355230,20
BATRK,2026-06-09,0,21993,2
MOD,2026-06-02,0,100420,7
GME,2026-06-12,68064,0,8
RDW,2026-06-03,11550,273475,17
STRC,2026-06-08,0,271090,10
TRMB,2026-06-10,0,24960,2
ONTO,2026-06-06,0,338802,2
Q,2026-06-08,136000,0,1
ORCL,2026-06-02,15600843,3867963,175
CCL,2026-06-05,0,201969,9
ALC,2026-06-12,0,0,1
NBR,2026-06-11,146260,0,1
FLY,2026-06-05,62150,22000,5
FUBO,2026-06-02,10200,0,2
RUT,2026-06-02,166500,585860,5
SVIX,2026-05-19,0,0,1
TNDM,2026-05-29,60355,0,3
RIVN,2026-06-04,365820,174736,37
HYG,2026-06-11,0,33448,11
SAP,2026-05-29,541710,0,2
CHWY,2026-06-10,536153,20314,28
SFM,2026-06-10,12190,0,5
BTDR,2026-06-09,49635,20000,8
NVDL,2026-06-02,616708,120220,11
AIRJ,2026-06-02,45770,0,2
ZETA,2026-06-10,0,0,2
ELV,2026-06-11,159131,0,4
VIK,2026-06-02,267170,0,1
CRCL,2026-06-08,352066,151857,37
LQDA,2026-06-05,208664,0,17
IYR,2026-06-11,0,0,2
RBLX,2026-05-30,0,0,5
PENN,2026-05-29,31280,0,2
FISV,2026-05-19,0,0,1
LITX,2026-06-02,43744,0,5
MTUM,2026-05-29,0,45600,10
VIXY,2026-05-30,0,0,1
STNG,2026-06-10,0,0,1
STRC,2026-06-03,0,0,1
SOXL,2026-06-11,1677825,1586644,154
WEN,2026-06-05,27500,0,1
IOT,2026-06-09,0,0,2
NEXT,2026-06-03,0,50103,1
BURL,2026-06-06,0,71691,1
NVDL,2026-06-06,0,10560,3
JBLU,2026-06-10,102335,20384,6
EU,2026-06-02,14300,0,1
AGNC,2026-06-01,0,0,1
ROST,2026-06-05,0,81203,3
LUV,2026-06-05,27470,604000,4
GETY,2026-05-29,21000,0,1
TLT,2026-06-06,1198767,259703,73
JBS,2026-06-10,26940,0,2
AAL,2026-06-01,10750,46363,3
AAL,2026-06-12,123063,421590,27
UBER,2026-06-11,0,80960,2
ETSY,2026-06-10,46594,10810,3
Z,2026-06-05,0,0,1
INOD,2026-06-12,0,0,1
MSTR,2026-06-02,1335552,5438005,288
BLDR,2026-06-11,30680,0,2
SPX,2026-06-10,65519720,8357760,63
CORZ,2026-06-08,0,0,7
CTSH,2026-06-11,0,0,2
DHR,2026-06-11,0,80640,2
NASA,2026-06-08,118384,0,5
TRIP,2026-06-05,39270,0,6
IREN,2026-06-04,2467339,807258,156
BA,2026-06-08,151863,0,3
CGNX,2026-06-02,0,0,1
CC,2026-06-12,97388,0,2
PAGP,2026-05-29,0,13425,1
GWW,2026-06-06,0,0,1
CROX,2026-06-02,153082,0,11
LYV,2026-06-01,38250,0,1
LABD,2026-06-08,0,0,1
STNG,2026-06-04,0,225112,2
FROG,2026-06-09,3371100,0,4
ASH,2026-05-30,0,23580,1
BWA,2026-06-11,0,0,4
BAP,2026-06-08,0,123972,2
HLIT,2026-06-09,0,0,1
BBY,2026-06-11,0,11782,3
CELC,2026-06-10,24760,0,3
CLB,2026-06-11,13500,0,1
HPE,2026-06-11,80340,52500,12
UFO,2026-06-02,11750,0,2
CIFR,2026-06-05,185861,147572,23
META,2026-06-08,5641283,2057145,35
RKLX,2026-05-19,0,0,1
ALMU,2026-06-10,19294,0,2
CAMT,2026-06-12,12000,0,1
SYF,2026-06-01,0,0,1
BX,2026-05-30,0,0,1
SOXS,2026-06-04,427866,29233,28
CRS,2026-06-05,0,0,1
ASAN,2026-06-03,20320,0,2
GTX,2026-06-09,0,0,2
CF,2026-06-12,17460,69511,6
SBUX,2026-06-01,0,0,2
MA,2026-06-04,229426,0,5
TSLL,2026-06-06,646886,61311,10
PAAS,2026-06-09,57340,0,8
VUZI,2026-06-12,24000,0,1
MSOS,2026-06-02,87937,0,2
MOS,2026-06-01,130560,0,3
KWEB,2026-06-10,24587,38576,8
HLF,2026-06-04,117524,0,2
FND,2026-06-11,73190,0,2
LNG,2026-06-01,110345,111642,9
ILMN,2026-06-10,0,0,2
CFG,2026-06-11,0,0,1
BURL,2026-06-02,47310,0,7
TMDX,2026-06-04,83442,14700,3
COHR,2026-06-08,472882,141859,6
FCX,2026-06-12,85140,204755,2
SLG,2026-06-09,77913,0,2
AMDL,2026-06-04,10400,0,4
DBA,2026-06-08,14902,0,1
ICLR,2026-06-11,0,0,1
IONQ,2026-06-12,201423,480375,11
NWL,2026-06-09,0,0,1
KOPN,2026-06-05,0,10000,2
HWM,2026-06-02,0,0,5
QSR,2026-06-03,395919,75405,5
SE,2026-06-06,0,592677,3
JEPQ,2026-06-10,0,0,1
FBTC,2026-06-06,32500,0,2
NVAX,2026-06-12,13493,0,2
EC,2026-05-30,0,0,4
STX,2026-06-09,60200,50960,10
AMAT,2026-06-09,1250925,3213782,23
IRDM,2026-06-08,0,1574441,3
BTDR,2026-06-03,39669,0,10
EOG,2026-05-30,0,0,1
AEO,2026-06-01,0,0,1
BKNG,2026-06-03,192781,0,2
CLX,2026-06-02,751251.5,0,9
USB,2026-06-11,88164,0,1
UAL,2026-06-05,292226,290381,11
HPE,2026-06-05,125745,0,2
GPN,2026-06-04,108000,436670,8
TVTX,2026-05-30,0,0,1
TE,2026-06-09,334577,98855,11
GAP,2026-05-30,0,37380,2
MDY,2026-06-04,0,0,1
COHR,2026-06-12,607195,108566,11
EXE,2026-06-05,65190,145800,6
IONS,2026-06-11,0,622500,2
KRMN,2026-06-01,0,0,1
FITB,2026-06-08,0,0,3
A,2026-06-04,0,79654,2
ED,2026-05-19,0,0,1
UVXY,2026-06-04,0,0,1
KRE,2026-06-09,679627,179701,21
SOFI,2026-06-11,164785,56850,35
LNC,2026-06-11,26400,10000,2
GLD,2026-06-02,2455769,400056,66
AVEX,2026-06-06,0,0,1
LYB,2026-06-10,133635,63512,3
ARE,2026-06-05,0,247505,4
ABCL,2026-06-05,19500,0,1
LLY,2026-06-02,672547,102760,8
POET,2026-06-08,70840,11628,6
CIEN,2026-06-04,530816,516931,21
BURL,2026-06-04,0,109716,5
RDDT,2026-06-10,322656,184999,30
SANA,2026-06-11,18000,0,1
BW,2026-06-04,26664,0,1
PSKY,2026-06-05,0,12888,1
KURA,2026-06-01,0,0,1
OSPN,2026-06-01,0,0,1
FOUR,2026-05-29,0,40804,3
GPK,2026-06-01,0,24000,1
EWT,2026-06-05,0,0,1
UPRO,2026-06-12,0,230052,5
PLNT,2026-05-29,0,0,3
SSL,2026-05-29,0,0,1
LMND,2026-06-05,0,0,4
MTDR,2026-05-29,0,0,1
GOOG,2026-06-12,7954362,3380790,35
BETA,2026-06-04,10395,0,3
MRVL,2026-06-01,3196922,1365006,33
GDX,2026-06-02,3594748,236718,24
XLU,2026-06-12,155124,104798,11
RIOT,2026-06-10,179700,76486,16
BTU,2026-06-06,52000,0,4
MXL,2026-06-04,179496,0,17
BMRN,2026-06-08,59846,0,2
XBI,2026-06-05,368803,128320,18
XLK,2026-06-09,52930,277694,28
WTS,2026-05-29,0,0,1
MBLY,2026-06-03,38795,0,3
SNXX,2026-06-12,279980,18764,8
UAL,2026-06-06,132138,36750,6
MKC,2026-05-30,40390,0,3
PBI,2026-06-01,10020,0,1
DHI,2026-06-05,99570,0,2
MAGS,2026-05-30,0,740000,1
CNP,2026-05-30,53640,0,2
TEAM,2026-06-06,48100,298892,5
SPXS,2026-06-10,28000,0,4
NVO,2026-06-09,34258,355267,14
LZM,2026-06-11,47250,0,1
AXSM,2026-06-03,82770,0,1
TSCO,2026-06-03,53940,0,4
ADI,2026-06-05,134520,53042,2
BTDR,2026-06-10,920942,0,21
BKNG,2026-06-05,397705,408567,8
XLE,2026-06-01,955365,511134,44
RXT,2026-05-30,117479,0,7
UNH,2026-06-03,441981,449131,11
SMCI,2026-06-02,1031002,91398,68
PDD,2026-06-06,0,0,3
LYFT,2026-05-29,222668,0,5
UPS,2026-06-06,0,0,3
CPNG,2026-05-30,12900,0,1
BAC,2026-06-05,1887256,0,8
MO,2026-06-04,0,0,3
ALV,2026-06-11,0,0,2
PRGO,2026-06-06,65000,0,1
KRE,2026-06-05,154225,90948,24
KORU,2026-06-06,0,132000,8
SDGR,2026-05-29,17640,0,1
TOL,2026-06-02,0,0,1
UVIX,2026-05-30,28000,0,5
NUKZ,2026-06-09,0,0,1
ABBV,2026-06-12,0,0,1
IOVA,2026-06-12,0,0,1
AAPL,2026-06-08,6137710,0,33
SHOP,2026-06-03,276881,53777,5
CPSH,2026-06-08,0,0,1
ESTC,2026-06-01,11250,0,1
XOVR,2026-06-06,18999,20572,2
INGM,2026-06-03,12000,0,1
SVM,2026-06-08,0,0,1
NUAI,2026-06-03,0,0,3
DUOL,2026-06-11,0,416410,6
CHKP,2026-05-29,80080,0,2
MCD,2026-06-11,0,109037,2
CASY,2026-05-29,475600,0,3
PLAB,2026-06-01,23040,10540,4
RXRX,2026-06-06,23600,0,4
ATEN,2026-06-10,0,0,2
TTMI,2026-06-03,335295,53130,5
SILJ,2026-06-10,123363,10202,8
RIO,2026-06-12,0,0,1
SBSW,2026-06-05,0,48150,5
NET,2026-06-06,58651,172885,10
PNC,2026-05-30,0,72621,1
CENX,2026-06-03,15710,0,1
MDY,2026-06-09,0,0,3
SERV,2026-06-03,49938,79596,5
BX,2026-06-04,194955,53350,7
FWRD,2026-06-12,0,0,1
XLP,2026-06-05,52922,0,6
VST,2026-06-04,92805,77985,4
PCG,2026-06-08,0,0,1
DUST,2026-06-12,0,0,1
SIDU,2026-06-01,0,25100,3
STRL,2026-06-12,0,288000,1
KEEL,2026-06-11,57529,25500,8
TMO,2026-05-19,299663,51850,3
GD,2026-05-30,0,0,1
PDD,2026-06-12,0,2190523,16
CXDO,2026-05-29,0,0,1
AMDL,2026-06-01,129000,30965,4
COPX,2026-06-02,128650,0,6
ZTS,2026-06-02,0,14720,1
FLEX,2026-06-09,118080,0,3
TECL,2026-06-05,0,24640,5
JHX,2026-06-06,0,0,2
AGI,2026-06-05,0,0,1
ACHR,2026-06-03,50233,13803,6
QXO,2026-06-06,17476,0,2
IYW,2026-06-10,53940,0,1
USB,2026-06-10,243404,78280,5
DGXX,2026-06-04,12950,0,2
ISRG,2026-06-02,73574,0,3
MLM,2026-05-19,598500,0,1
PWR,2026-06-11,0,330820,3
MNKD,2026-06-08,0,0,1
GDYN,2026-06-09,0,0,4
METU,2026-05-30,0,25274,1
CVE,2026-06-06,0,0,1
BURL,2026-06-10,0,161281,1
NTNX,2026-06-02,378168,83058,9
GDS,2026-06-08,1031826,0,4
EW,2026-05-30,64345,0,2
EWY,2026-06-01,529743,3641635,28
DGXX,2026-06-09,41935,0,2
HPE,2026-05-30,836426,0,11
GE,2026-06-05,647562,0,5
U,2026-06-11,11600,0,4
VRT,2026-06-01,0,0,2
FIX,2026-06-06,0,763520,1
AVB,2026-06-04,0,0,1
WM,2026-06-09,149340,0,1
CWEB,2026-06-10,0,0,1
OKTA,2026-06-06,0,0,3
MSOS,2026-06-09,95293,0,4
NVT,2026-06-05,0,0,3
TSLA,2026-06-12,35991521,11153962,283
UAMY,2026-05-30,34371,0,2
DOCS,2026-06-02,10500,0,1
PURR,2026-06-09,41369,0,12
VELO,2026-06-10,655793,318160,28
DXCM,2026-06-11,0,0,1
NUGT,2026-06-08,38340,333154,13
VEEV,2026-06-08,0,59850,7
LAMR,2026-06-04,0,13300,1
ASX,2026-05-30,0,0,1
BTG,2026-06-06,81923,0,2
APA,2026-06-01,23100,0,3
OXY,2026-06-01,504930,0,5
SLB,2026-06-06,426778,136110,3
TD,2026-05-19,0,0,1
ASO,2026-06-12,0,25110,1
BABA,2026-06-10,685165,386003,45
DGX,2026-06-03,12720,0,1
HPP,2026-06-12,63228,0,1
SCCO,2026-06-02,648166,0,2
WAY,2026-06-03,0,0,1
PLTR,2026-06-09,2187776,2135093,50
HEI,2026-06-05,0,0,1
XOMA,2026-06-12,0,0,1
AIG,2026-06-10,793256,0,1
NB,2026-05-29,0,0,1
VMI,2026-06-12,0,138000,1
MOH,2026-06-11,12750,46880,4
UPS,2026-06-08,53703,0,2
XLY,2026-06-06,0,446520,2
SMR,2026-05-30,190514,0,14
CRH,2026-06-04,0,232000,1
PRCT,2026-06-02,32214,0,1
ACMR,2026-06-02,33440,0,3
LYFT,2026-06-12,24320,0,4
AIRJ,2026-06-03,10880,0,1
NOVT,2026-06-08,104000,0,1
HNGE,2026-06-11,21290,0,1
T,2026-06-04,0,61495,4
TEAM,2026-06-02,498740,82780,27
DE,2026-06-11,0,0,3
CCL,2026-06-11,0,58976,11
TYL,2026-06-10,149764,330531,4
ADBE,2026-06-01,833552,475925,27
SERV,2026-06-05,97129,0,9
AMT,2026-06-02,54619,0,1
CLX,2026-06-12,0,51750,1
TTAN,2026-06-11,163750,0,1
YUM,2026-06-06,10433,0,1
MPWR,2026-06-09,0,0,2
GLD,2026-06-08,2893956,5874066,97
NXE,2026-06-04,0,12255,1
XPO,2026-06-12,0,0,1
TE,2026-06-12,384110,289724,16
PRMB,2026-06-05,12486,0,1
SKM,2026-06-02,935952,0,20
HON,2026-05-29,598967,0,7
GBTC,2026-06-05,16861,0,2
OXY,2026-06-09,53116,0,1
NVDU,2026-05-30,0,0,1
BLFS,2026-06-02,0,0,1
VLO,2026-06-12,0,0,1
DVN,2026-06-11,50044,155832,10
ITUB,2026-05-30,0,0,1
LFVN,2026-06-04,0,0,1
SA,2026-06-09,1093282,0,7
EMR,2026-06-12,208690,0,2
SMMT,2026-06-12,11750,13950,2
KORU,2026-06-02,224500,280501,4
PRMB,2026-05-19,15974,0,1
XPEV,2026-06-01,57504,0,4
CDW,2026-05-30,68360,0,7
NEM,2026-06-03,186223,0,2
ROP,2026-06-02,154159,0,4
XLB,2026-06-03,0,59521,2
VEEV,2026-06-04,566000,63440,13
AG,2026-05-29,108014,0,3
VAC,2026-06-03,14074,0,2
NUAI,2026-05-19,234711,0,4
PDD,2026-06-05,379389,142000,11
HYLN,2026-06-05,157723,0,6
FLNC,2026-06-06,0,0,1
FLEX,2026-06-05,0,0,1
NTAP,2026-06-12,0,0,1
ECL,2026-06-03,1022909,0,5
AZO,2026-06-02,0,0,3
MMM,2026-06-12,0,215510,5
XBI,2026-06-12,91614,12996,12
PVH,2026-06-09,0,0,1
QBTS,2026-06-03,483939,338884,41
GIII,2026-06-06,0,0,3
ACHR,2026-06-12,0,0,1
AXTI,2026-06-06,3568830,258685,10
SEI,2026-06-11,0,35510,2
BRUN,2026-06-05,81700,0,6
MRVL,2026-06-05,39813828,7605088,286
PATH,2026-06-02,301636,81665,30
STE,2026-05-19,0,0,1
TMDX,2026-06-12,0,0,2
RGLD,2026-06-02,0,146520,2
SCHW,2026-06-06,0,421670,2
FLEX,2026-06-12,0,0,1
RUM,2026-06-05,34840,0,5
AVGO,2026-06-12,4219566,1218441,31
NBIS,2026-06-06,374258,949404,43
CORZ,2026-06-04,1668469,104242,21
CPRI,2026-06-12,112244,11160,5
SARO,2026-05-29,29990,0,2
FERG,2026-06-12,0,14702,1
AUPH,2026-06-04,0,0,2
ACI,2026-05-29,11000,0,1
TZA,2026-05-29,31664,0,1
NTAP,2026-06-05,0,0,1
RVMD,2026-06-11,0,0,2
JNJ,2026-06-12,0,0,1
SOUN,2026-06-01,59366,0,8
HST,2026-05-29,0,0,1
ETN,2026-06-09,0,713078,4
HPE,2026-06-06,363872,0,4
CPER,2026-05-29,150253,0,6
MRCY,2026-05-30,173302,0,2
AMZN,2026-05-30,729089,4435560,17
CAG,2026-05-29,0,39665,3
TFC,2026-06-01,0,0,1
GPRK,2026-06-02,28045,0,3
WING,2026-05-29,25620,192800,5
BEKE,2026-06-04,16445,0,1
ASAN,2026-06-01,33083,0,7
IEX,2026-06-09,162098,0,5
TCOM,2026-06-12,0,15500,2
LSCC,2026-06-11,123970,55680,2
FROG,2026-06-01,92056,45166,8
BBY,2026-06-06,11760,0,1
NOW,2026-06-02,4924848,282754,68
IBIT,2026-06-10,1953478,2000741,37
CPNG,2026-06-03,0,348387,6
ACI,2026-06-04,53750,0,1
OIH,2026-06-10,29700,0,1
AMZU,2026-06-08,0,0,2
WULF,2026-06-08,710144,83073,18
IMVT,2026-06-12,0,0,1
RIVN,2026-06-02,775489,469969,61
BBAI,2026-06-02,246359,128605,22
ENLT,2026-06-03,86060,0,5
AGQ,2026-06-12,46547,12600,3
AMGN,2026-06-11,123220,0,1
AEM,2026-06-02,0,88400,2
HCC,2026-06-03,332960,0,7
C,2026-06-09,204046,53250,5
BBY,2026-06-03,63610,70670,6
SGML,2026-06-08,0,0,1
ISRG,2026-06-10,0,0,4
RUTW,2026-06-06,0,0,1
HUBS,2026-06-12,0,52473,3
POWL,2026-05-29,0,34040,3
SYM,2026-05-19,0,0,2
FICO,2026-06-06,966420,0,2
NN,2026-06-08,24000,0,1
RKT,2026-06-12,348854,0,18
AU,2026-06-11,170068,0,2
VOO,2026-06-11,555260,0,1
AUR,2026-06-04,22999,0,3
PG,2026-06-04,447804,65868,4
COPX,2026-06-09,105250,0,4
PALL,2026-06-09,0,0,1
VEGN,2026-06-03,23320,0,1
TE,2026-06-04,367748,12500,17
APO,2026-06-01,54210,0,1
FPS,2026-06-03,64970,12200,8
AU,2026-05-30,83490,0,3
FIVE,2026-06-11,0,0,1
LQDA,2026-06-10,40200,28001,4
AAOI,2026-06-08,1407189,38610,51
CNXC,2026-06-05,0,71110,1
NVDX,2026-06-04,14750,0,1
BLDR,2026-06-03,170770,141340,4
ADM,2026-06-08,61560,0,2
CCJ,2026-06-05,29068,99756,16
CEG,2026-06-01,138670,144400,5
SIMO,2026-06-11,0,940631,8
NVO,2026-06-11,46820,31450,15
IBKR,2026-06-10,547366,18750,8
BSX,2026-06-10,55040,0,5
VZ,2026-06-09,0,56318,1
RIVN,2026-06-08,156576,54270,22
STNG,2026-05-29,0,14560,1
FXE,2026-06-12,0,31740,1
DUOL,2026-06-10,733832,0,16
MGNI,2026-06-09,14128,0,1
EAT,2026-06-03,11880,0,1
RILY,2026-05-29,10915,0,1
URI,2026-06-12,0,60840,1
BSX,2026-06-03,66718,0,5
GLNG,2026-06-04,0,0,1
STZ,2026-06-10,10800,0,6
CGNX,2026-05-29,0,0,2
EQT,2026-06-10,0,0,2
ZETA,2026-06-04,377900,0,9
GOOG,2026-05-30,576425,184080,11
ODD,2026-06-02,82412,0,2
PTON,2026-06-04,0,0,1
SHAK,2026-06-04,0,25480,6
CRDO,2026-06-03,704919,287487,33
LMT,2026-06-09,0,0,1
AEHR,2026-06-09,0,0,6
HUM,2026-06-11,91030,37840,7
PRGO,2026-06-10,84172,0,2
SWK,2026-05-19,70857,0,1
UFO,2026-06-06,0,0,1
INDI,2026-06-05,0,0,1
BB,2026-06-02,603617,0,22
JETS,2026-06-02,28140,78692,5
ADP,2026-06-03,0,0,1
PURR,2026-06-02,585143,1160727,47
FN,2026-06-06,0,0,2
SOXL,2026-05-30,1080407,491813,47
CRWV,2026-06-03,1606846,756286,35
PGR,2026-06-04,96743,0,1
BBAI,2026-06-03,0,10500,5
XLU,2026-06-03,134283,211887,9
ACLS,2026-06-12,108988,0,4
WULF,2026-06-05,216168,61592,22
BA,2026-06-01,1319497,210485,6
RELY,2026-06-03,0,67275,1
SPMO,2026-06-12,0,0,1
NFLX,2026-06-02,485910,667619,14
VSH,2026-06-01,442498,0,2
RIOT,2026-06-03,15642,103904,13
T,2026-06-05,175552,189903,6
NRP,2026-06-08,0,17050,1
SIVR,2026-06-12,0,10560,1
SVXY,2026-06-11,0,0,2
COUR,2026-06-03,71250,0,1
ORCL,2026-06-05,3260744,1066566,50
BTBT,2026-06-06,11500,0,2
CHKP,2026-06-05,0,0,1
UAMY,2026-05-29,0,38000,2
EOSE,2026-06-02,194639,69148,20
EMR,2026-06-11,142680,0,1
IBM,2026-06-06,1742154,545505,21
FISV,2026-06-02,63275,11250,7
ETHA,2026-06-03,10179,88350,12
NTRA,2026-06-05,102500,0,5
CP,2026-06-01,0,0,1
BBBY,2026-06-05,35650,0,1
CF,2026-06-02,81920,176540,5
CROX,2026-06-04,28940,0,2
MPWR,2026-06-11,0,0,1
SHOP,2026-06-05,0,83882,3
NU,2026-06-03,2670369,63193,72
STWD,2026-06-03,0,0,1
DAVE,2026-06-06,0,0,3
CPNG,2026-06-05,89744,30786,8
RF,2026-06-11,0,10040,1
GGLL,2026-06-06,20570,0,1
ZM,2026-06-05,136145,72900,14
REPL,2026-06-02,0,0,2
NTSK,2026-06-04,78073,0,13
VG,2026-05-29,0,55245,2
MS,2026-06-04,204547,0,3
PINS,2026-06-08,0,51925,3
RIO,2026-05-29,389570,0,2
RIVN,2026-06-03,654920,264397,49
OIH,2026-05-29,0,0,1
SPIR,2026-06-04,0,0,3
FIG,2026-06-06,11625,0,4
OLMA,2026-06-02,16000,0,1
DOW,2026-06-05,0,21571,2
MGM,2026-06-05,0,0,1
DE,2026-06-03,392357,0,2
DAVE,2026-06-04,366000,0,4
ETSY,2026-06-03,161080,0,9
IFF,2026-06-12,27140,0,1
UL,2026-06-08,0,103801,1
STZ,2026-06-02,0,0,1
CODI,2026-05-30,0,0,2
MRNA,2026-06-03,152615,0,13
BE,2026-06-09,4478729,1770935,31
GS,2026-06-11,1982670,536911,29
UBER,2026-06-02,470550,0,6
HPE,2026-06-04,137483,0,7
SLB,2026-06-12,64695,0,2
KMX,2026-06-11,0,0,1
SLS,2026-06-03,0,0,5
HNRG,2026-06-05,89110,0,3
DOCS,2026-06-11,0,34320,1
METU,2026-05-29,0,0,1
APP,2026-06-01,647110,0,6
TSN,2026-06-04,0,0,2
BX,2026-06-01,0,53550,1
DUK,2026-05-29,0,88550,1
INSM,2026-05-29,0,0,5
AMPG,2026-06-12,19600,0,3
SOUN,2026-06-04,15000,0,3
DAVE,2026-06-01,11353,0,3
EXPE,2026-06-12,106013,26610,4
LEN,2026-06-03,0,143896,2
MRP,2026-06-05,32998,0,2
OKTA,2026-06-12,37443,442912,22
RPD,2026-06-05,0,0,1
CEG,2026-06-04,0,92691,3
DIS,2026-06-03,114466,56730,4
CF,2026-05-30,10030,0,3
SYY,2026-06-01,0,0,1
LLY,2026-06-08,343191,0,9
BMNR,2026-06-04,534113,123356,35
RVMD,2026-06-10,10170,49441,6
BAND,2026-06-04,58496,0,1
BNO,2026-06-09,163774,33660,21
DIA,2026-06-09,1002033,240783,42
XOVR,2026-05-19,0,0,1
KBR,2026-06-03,0,23978,1
SNOW,2026-06-02,2153861,849307,29
VYX,2026-06-01,68095,0,2
BBIO,2026-06-12,330000,0,1
DUOL,2026-06-12,24110,0,13
CELH,2026-06-11,0,0,4
FIVN,2026-05-29,1201416,0,39
CLBT,2026-05-29,15000,0,1
LASR,2026-05-30,0,0,2
OII,2026-05-30,25490,0,1
STLA,2026-06-10,0,0,5
CRDO,2026-06-09,2229899,122224,63
BDC,2026-06-05,0,0,1
URI,2026-06-01,0,0,1
UMAC,2026-06-05,0,0,4
LRCX,2026-06-10,2519134,292958,36
FVRR,2026-06-02,0,0,1
AMG,2026-06-03,0,16771,1
CBRG,2026-06-02,0,140050,2
WIT,2026-05-29,0,0,1
CGNX,2026-05-19,0,0,2
GAP,2026-06-03,0,0,3
OKTA,2026-06-04,1454535,152536,35
SO,2026-06-12,0,133275,2
CTAS,2026-05-29,146730,0,1
MRCY,2026-06-11,28800,0,2
ENVX,2026-06-11,53040,0,1
CONL,2026-05-29,21958,0,2
VG,2026-06-09,0,37720,4
CAT,2026-06-11,570580,224860,11
AVR,2026-06-04,33384,0,2
ARKK,2026-06-09,0,515486,18
SBLK,2026-06-05,0,0,1
TMO,2026-06-06,0,0,2
UNCY,2026-05-30,675000,0,1
SWKS,2026-06-03,0,0,2
VRT,2026-06-02,136030,171940,10
ALK,2026-06-09,71610,0,1
HCA,2026-06-12,0,0,1
SERV,2026-06-01,0,0,4
DHI,2026-06-02,32120,85070,2
XLF,2026-06-05,354140,478559,68
MTUM,2026-06-03,802949,0,34
SITM,2026-06-05,188410,0,3
CLF,2026-06-11,30450,28012,3
BTBT,2026-05-29,10880,0,1
AAOX,2026-06-09,11436,0,2
SOC,2026-06-09,0,0,1
WING,2026-05-30,0,0,3
DNN,2026-05-19,10500,0,1
QUBT,2026-06-12,194742,0,4
W,2026-06-05,0,14720,8
FISV,2026-06-03,511102,0,7
IT,2026-06-04,0,0,1
CIEN,2026-06-08,497260,608327,7
DLO,2026-06-08,35000,0,1
PRU,2026-06-06,0,84412,3
ONDS,2026-06-06,569329,11286,29
WVE,2026-06-12,18825,0,2
TJX,2026-06-02,0,0,3
NET,2026-06-02,1373124,793110,12
VIAV,2026-06-04,149630,0,6
INTU,2026-06-06,0,66535,2
CDNS,2026-06-03,87360,0,1
PCG,2026-06-09,0,78432,7
AMKR,2026-06-09,746169,423075,23
NUE,2026-06-05,0,0,2
FLR,2026-06-05,100070,0,4
VIST,2026-06-04,0,0,1
SOLZ,2026-06-05,34962,0,1
RBRK,2026-05-30,11999,96850,4
SUNB,2026-06-09,28800,0,1
OKTA,2026-06-11,121045,79519,8
PATH,2026-06-12,41536,27270,5
UUUU,2026-06-03,252519,10528,13
SWKS,2026-06-02,0,21000,4
CIA,2026-06-05,0,25600,1
SOXL,2026-06-01,683034,133812,31
MTN,2026-06-06,0,40090,2
TENB,2026-06-10,0,0,2
KEEL,2026-06-09,90249,0,8
SMTC,2026-06-04,66179,0,2
CMCSA,2026-06-02,98888,0,5
EQX,2026-06-02,10070,0,1
LSTR,2026-06-03,0,0,1
MARA,2026-06-06,241089,19250,15
CLX,2026-06-04,27630,0,6
FLG,2026-05-19,0,28772,1
WGMI,2026-05-19,0,20900,1
CMG,2026-06-04,354840,19425,9
IRDM,2026-05-19,0,0,1
RY,2026-06-04,0,0,1
UVXY,2026-05-19,31627,0,6
CEG,2026-06-09,73460,0,5
UPRO,2026-06-11,0,41580,3
ERO,2026-06-11,35650,0,3
DVN,2026-06-08,0,0,4
ARWR,2026-06-02,0,0,1
GEO,2026-06-08,47848,0,2
BAP,2026-06-09,0,0,3
VFMO,2026-05-29,0,0,1
HYLN,2026-06-03,0,0,2
BRKR,2026-06-04,195165,0,5
GWW,2026-06-09,309540,0,1
HYLN,2026-06-02,130186,0,5
IRDM,2026-06-04,0,0,1
ELF,2026-06-04,75171,0,5
DOCS,2026-06-05,0,0,1
CVNA,2026-05-30,0,309277,2
VMC,2026-05-19,0,225665,1
KBR,2026-06-02,0,0,1
ISRG,2026-06-03,0,1473014,3
NLY,2026-05-19,0,0,1
ESTA,2026-05-30,0,0,1
MHK,2026-06-12,48000,0,1
BNY,2026-06-06,0,0,1
AI,2026-05-29,48839,34121,10
MSFT,2026-06-12,11663984,1649445,99
BK,2026-05-19,0,0,1
SPCE,2026-06-04,304185,23750,20
GOOG,2026-06-10,1410457,2955905,28
MPC,2026-06-08,211720,0,1
CMPS,2026-06-09,15435,0,2
WOLF,2026-06-12,1878082,124926,15
FDX,2026-06-09,161130,0,4
CASY,2026-06-12,0,1185270,3
OKTA,2026-06-10,83502,23980,12
NICE,2026-05-30,45708,0,3
EOSE,2026-06-01,0,20461,2
GM,2026-05-29,0,0,1
NVDL,2026-06-11,0,36585,3
NEM,2026-06-05,0,0,2
DIA,2026-06-03,46890,149519,11
P,2026-06-12,71280,0,3
IQ,2026-06-11,0,0,1
O,2026-06-09,78500,0,1
MHK,2026-05-19,0,0,2
CL,2026-06-09,0,0,1
RDDT,2026-06-12,774582,365299,53
VAL,2026-06-04,0,0,1
DECK,2026-06-06,0,82620,4
RAL,2026-06-12,23518,0,1
GILD,2026-06-05,492656,0,4
FIG,2026-06-02,150745,20200,15
AU,2026-05-29,57000,0,2
NVT,2026-06-11,325997,0,4
ERIC,2026-06-02,10499,0,1
PBR,2026-06-08,0,0,1
TMHC,2026-06-02,0,0,1
SCHW,2026-05-30,72447,0,4
ONON,2026-05-30,0,0,3
JPM,2026-06-09,216089,742815,24
FRPT,2026-06-04,0,0,3
BDC,2026-06-09,0,0,1
LASE,2026-06-12,21236,0,1
ABBV,2026-06-04,0,52490,3
STNE,2026-06-12,0,0,1
OKLO,2026-06-02,4638219,128904,131
QUBT,2026-06-10,12298,0,5
UMC,2026-06-12,808022,0,6
TMO,2026-06-04,180657,0,1
GME,2026-06-10,0,0,5
ADI,2026-06-09,0,0,1
MNST,2026-06-02,0,50830,1
JETS,2026-06-04,0,42497,3
SQQQ,2026-06-08,2020933,219435,18
OLMA,2026-05-19,0,0,1
JNJ,2026-06-06,0,0,1
OI,2026-06-02,25000,0,1
CLS,2026-06-03,629820,162326,24
BL,2026-05-19,2148810,0,7
CAPR,2026-06-02,0,0,3
TDC,2026-05-29,33000,0,1
RBLX,2026-06-05,53958,28536,5
SE,2026-06-10,0,39644,24
NXPI,2026-06-12,270900,0,3
BIRK,2026-06-04,0,42842,7
ZENA,2026-06-10,0,0,1
PUMP,2026-06-02,54856,0,2
INFY,2026-05-19,0,106425,1
STLD,2026-06-03,0,0,2
POWL,2026-06-03,209840,0,1
KLIC,2026-06-10,0,12940,1
COP,2026-06-11,0,175277,2
ACN,2026-06-06,0,0,1
WMG,2026-06-04,0,0,3
ALL,2026-06-05,62800,51631,2
SMCX,2026-06-01,13440,0,1
VSCO,2026-05-30,0,0,1
NKE,2026-06-11,51772,132466,4
RDDT,2026-06-09,313598,132770,33
TTMI,2026-06-09,138878,0,1
FBTC,2026-05-19,24000,0,1
WMT,2026-06-09,0,180841,3
ACHR,2026-06-11,30000,0,1
UUUU,2026-06-08,0,18100,1
MAGS,2026-06-01,0,0,1
QQQ,2026-06-12,38313630,31024686,527
RUM,2026-05-29,0,0,1
KEEL,2026-06-06,180048,0,12
RCAT,2026-06-04,35685,0,2
BYND,2026-06-11,0,0,1
DAC,2026-05-29,0,0,1
JEPQ,2026-05-30,1539100,0,5
LH,2026-05-30,0,0,1
CVNA,2026-06-09,2078433,260440,39
MSGS,2026-06-08,70288,0,1
GLOB,2026-06-03,0,0,1
LQDA,2026-06-02,0,121440,2
PYPL,2026-06-06,238509,23216,11
PSX,2026-06-02,232760,0,3
DNTH,2026-06-10,12916,0,1
CRWV,2026-05-30,7789191,358161,107
VRRM,2026-06-10,0,12400,2
PL,2026-06-04,451953,101811,14
MPC,2026-06-11,0,53530,1
AXON,2026-06-06,0,0,2
ASML,2026-05-30,0,1333230,3
XLI,2026-06-08,0,95632,6
SIMO,2026-06-04,1081198,0,2
TSCO,2026-06-02,305188,0,5
VRT,2026-05-30,0,192850,3
MRLN,2026-06-06,47354,0,4
TSLL,2026-06-05,281320,62944,5
DLLL,2026-06-04,0,0,1
CASY,2026-06-03,0,0,1
REGN,2026-05-29,0,0,7
IAU,2026-06-11,672690,0,1
BKSY,2026-06-11,30070,11240,2
DOW,2026-06-11,0,0,4
AVGG,2026-06-03,19296,0,1
NXDR,2026-05-30,10448,0,1
CBRL,2026-05-30,0,230000,2
ALC,2026-06-08,0,0,2
RNST,2026-06-05,0,0,1
YPF,2026-06-01,0,12918,2
CRH,2026-06-10,0,0,1
HIVE,2026-06-08,10471,0,2
SND,2026-06-03,52748,0,1
ISRG,2026-06-12,0,127082,5
IDYA,2026-06-03,349888,0,4
JBL,2026-05-29,881760,12040,3
XPEV,2026-06-04,0,59724,3
FORM,2026-06-09,74248,0,3
CPB,2026-06-09,0,35391,1
TEM,2026-06-11,32500,18247,7
RIOT,2026-06-09,655443,0,14
NET,2026-06-03,2199120,0,14
QPUX,2026-06-10,53000,0,2
PL,2026-06-12,219879,0,9
SN,2026-06-02,12210,31500,2
URI,2026-06-04,0,0,2
ZM,2026-06-12,19474,0,7
SYY,2026-06-02,0,26840,3
ICE,2026-06-02,52560,0,4
TGB,2026-06-09,0,0,1
UNP,2026-06-09,102060,200231,4
FLEX,2026-06-02,0,54770,2
INFQ,2026-06-01,295074,1534996,41
KBH,2026-06-10,0,12375,1
MU,2026-06-06,16159074,51633002,265
DELL,2026-05-30,2528521,884042,49
INOD,2026-06-06,0,1554711,5
CCJ,2026-06-01,49600,0,2
BLDR,2026-06-02,0,0,2
JETS,2026-06-10,0,0,1
GEV,2026-06-10,1119140,1260406,25
ZBRA,2026-06-06,0,0,1
VFMO,2026-06-10,13469,0,1
SPX,2026-06-11,118597982,4763260,89
DGXX,2026-06-08,0,0,1
EQIX,2026-06-10,0,0,1
TREX,2026-06-10,0,0,1
CVNA,2026-06-06,665276,495695,14
SSYS,2026-06-03,0,0,2
ASTS,2026-06-06,2581937,590015,80
VRRM,2026-06-03,29846,0,2
TRGP,2026-06-04,210600,0,1
ROK,2026-06-11,873600,0,3
ENSG,2026-06-12,0,0,2
BMY,2026-06-03,59891,123750,2
COPX,2026-06-06,12600,0,5
XLE,2026-06-08,432301,548585,36
AEVA,2026-06-06,0,0,1
HYMC,2026-05-19,0,584000,1
RUTW,2026-06-05,0,0,1
GKOS,2026-06-03,40148,0,1
TAP,2026-06-06,0,0,1
QBTS,2026-06-10,36500,84425,19
LIN,2026-06-06,0,0,1
PLAY,2026-06-11,0,44320,2
ONTO,2026-06-01,0,262700,2
COST,2026-06-05,1488478,0,17
LITE,2026-06-04,592500,2560128,28
OEC,2026-06-12,66660,0,1
UGL,2026-06-11,0,0,1
ARES,2026-06-01,49640,0,1
KRMN,2026-05-30,47260,0,6
QS,2026-06-05,436991,11172,9
STT,2026-06-12,236720,0,2
DHT,2026-05-29,81914,0,1
COHU,2026-06-02,29000,0,1
NXT,2026-05-30,0,453497,4
W,2026-06-06,0,0,2
SMTC,2026-06-12,0,0,1
GME,2026-06-04,668615,20878,16
ALAB,2026-06-05,288325,0,4
KD,2026-06-05,0,10080,1
VRT,2026-06-10,1392515,2189265,25
BB,2026-06-03,1224289,0,60
TNA,2026-06-05,0,0,1
SOXX,2026-06-10,151130,3837881,53
PENG,2026-06-12,41870,57600,3
XLP,2026-06-08,0,0,1
AUPH,2026-06-03,0,150687,3
KVYO,2026-06-02,41340,0,6
BABA,2026-06-05,818264,856717,58
SBUX,2026-06-11,137630,0,5
SATS,2026-06-10,407720,0,9
VRT,2026-06-04,145050,0,18
NVT,2026-06-01,1230120,0,2
XME,2026-06-08,0,0,2
PPIH,2026-06-09,14145,0,1
LI,2026-06-02,0,0,1
ELF,2026-06-06,10912,0,4
NOW,2026-06-01,393685,0,7
CBOE,2026-06-08,79769,0,2
DDOG,2026-06-12,177170,1314412,3
AIG,2026-06-04,34500,0,1
ASAN,2026-06-04,18206,0,1
TLN,2026-06-06,68620,18700,6
APD,2026-06-12,0,0,2
NKE,2026-06-09,0,284475,5
MBLY,2026-06-04,36521,0,5
UPST,2026-06-01,0,28836,2
HOOD,2026-06-04,4106039,423546,36
RGLD,2026-06-10,0,0,3
NOW,2026-06-12,634143,1460188,19
LYFT,2026-06-04,16500,72964,5
UPS,2026-05-29,76875,0,2
VICR,2026-06-06,100240,0,3
HLIT,2026-05-30,0,20700,3
NICE,2026-06-06,0,0,1
PEN,2026-05-19,0,0,4
FIX,2026-06-08,0,0,1
FIX,2026-05-29,346500,0,1
TUR,2026-06-10,0,0,1
JHX,2026-06-05,0,0,1
BKD,2026-06-02,0,17850,1
CRSP,2026-06-06,0,0,1
EU,2026-06-03,0,0,1
FDS,2026-06-05,0,0,1
LFMD,2026-06-01,37498,0,2
DECK,2026-05-19,17673,0,1
BABA,2026-06-11,510288,1128119,82
CBRE,2026-05-29,0,0,1
GDXJ,2026-06-03,0,71959,4
NICE,2026-06-10,0,0,1
EOSE,2026-06-03,441833,0,26
LQD,2026-06-10,55802,0,8
BWA,2026-06-12,0,0,1
AMC,2026-06-05,838350,0,31
NVDL,2026-06-01,53650,35196,7
SNXX,2026-05-19,73300,0,3
VG,2026-06-11,137645,0,6
ADBE,2026-06-12,1874855,695874,44
COIN,2026-06-12,1150108,2013908,105
ARGX,2026-06-01,0,69140,1
RNG,2026-06-10,0,0,1
NOW,2026-06-09,594151,384250,20
GWRE,2026-06-09,222780,0,1
DASH,2026-06-10,0,0,1
ENTG,2026-06-02,0,0,3
AMD,2026-06-04,8796436,5074259,103
TSLL,2026-06-11,28666,0,3
UCTT,2026-06-09,0,11327,1
XLP,2026-06-11,12445,29785,5
CROX,2026-06-11,0,44665,1
NXT,2026-06-08,0,73440,1
CNM,2026-06-10,0,12271,1
TSEM,2026-06-12,208580,89920,15
VFC,2026-06-03,0,11286,3
FUTU,2026-06-03,887193,20220,11
BBY,2026-06-05,40665,182960,6
T,2026-06-03,99456,126571,8
SHW,2026-06-01,0,0,1
HIMX,2026-06-08,107715,0,1
BILL,2026-06-06,15000,0,1
LUNR,2026-06-03,332526,48055,30
MRVL,2026-06-04,22753814,8136961,237
VRRM,2026-06-04,0,0,1
GLD,2026-06-12,4338851,3802810,185
KO,2026-06-02,55402,0,1
NRG,2026-05-30,0,146000,1
GLNG,2026-06-03,25552,0,2
NTSK,2026-05-30,44188,0,1
PTC,2026-06-12,104180,30000,11
CAVA,2026-06-01,51168,0,2
BE,2026-06-06,12763340,527633,47
ALL,2026-06-02,0,0,1
TLT,2026-06-01,287108,493136,57
VUG,2026-06-06,51480,0,2
AEO,2026-05-29,11900,57811,6
SEDG,2026-06-03,811742,20625,5
JBTM,2026-06-02,0,272000,1
NEBX,2026-06-02,0,0,2
LASR,2026-06-10,0,182040,2
SBET,2026-06-06,0,12800,1
AMAT,2026-06-05,915474,0,7
CELC,2026-06-04,113730,0,4
CDNS,2026-06-09,682669,66252,7
LUV,2026-06-12,97993,200340,8
MP,2026-06-11,90820,0,6
WMT,2026-05-30,0,0,1
TCOM,2026-06-11,18585,0,1
CPSH,2026-06-09,57750,0,5
MDB,2026-06-10,116695,934934,33
XLE,2026-06-03,860572,330210,49
XLV,2026-06-06,614665,177132,16
WGS,2026-06-10,0,0,1
BWXT,2026-06-03,101050,200090,5
META,2026-06-11,5235116,1455840,60
TTWO,2026-06-04,39410,0,9
CDE,2026-06-11,29375,41300,4
SCCO,2026-06-10,0,78200,1
WYY,2026-06-02,0,0,1
ENTG,2026-06-10,57150,71400,2
ILMN,2026-06-01,305998,0,2
BBAI,2026-06-08,96642,0,3
RKLB,2026-06-10,868155,1590949,20
PPTA,2026-06-04,0,0,1
PG,2026-06-03,0,58580,2
IDN,2026-06-11,12425,0,1
VKTX,2026-06-12,0,39409,5
ALNY,2026-06-04,216700,0,3
NRIX,2026-06-08,11970,0,1
APTV,2026-06-02,378340,0,6
LABX,2026-06-06,0,0,1
SVIX,2026-06-09,0,0,1
DY,2026-06-10,450340,0,1
TMO,2026-06-11,0,0,2
HSY,2026-05-30,16800,0,1
MULL,2026-06-05,0,0,1
SND,2026-06-09,34370,0,1
VST,2026-06-06,66589,202756,2
NEE,2026-06-05,105170,0,1
AGI,2026-06-12,0,35792,2
FNV,2026-06-05,0,0,1
FLR,2026-06-11,0,88340,10
B,2026-06-06,55610,0,6
SIMO,2026-05-30,130660,26460,8
ZTS,2026-05-30,0,17200,1
AAL,2026-06-03,354717,12023618,40
BITX,2026-06-02,0,52110,2
NICE,2026-06-04,29740,0,4
UUUU,2026-06-01,16750,12000,3
TSEM,2026-06-11,39540,144250,6
SDGR,2026-06-06,0,0,2
MDLZ,2026-06-03,0,72410,1
SLS,2026-06-10,277945,0,2
PTEN,2026-06-10,15000,0,1
PANW,2026-06-01,2632057,217347,15
AAOI,2026-06-12,7074218,204652,62
LEU,2026-06-09,0,246530,10
LQDA,2026-06-01,47250,0,3
AA,2026-06-03,406708,26670,9
TEM,2026-06-03,46980,0,8
KBWB,2026-06-09,0,24000,1
AAPL,2026-05-30,2213976,157970,26
GLOB,2026-06-02,0,0,2
KSS,2026-06-01,0,56520,1
LUNR,2026-06-06,0,0,3
FWRG,2026-06-12,29000,0,1
EUV,2026-06-06,0,0,1
AAP,2026-06-04,60000,21600,4
BLFS,2026-06-03,11850,0,1
JBLU,2026-05-29,10500,0,1
IONQ,2026-06-05,66540,620005,40
CGNX,2026-05-30,0,0,1
ESAB,2026-06-12,44920,0,3
U,2026-06-06,15589,148190,12
PINS,2026-06-09,633362,0,4
VCX,2026-06-01,127650,0,2
LAES,2026-06-08,0,0,3
RRC,2026-05-30,0,120000,1
KOS,2026-06-12,0,0,4
MUU,2026-06-02,54650,16750,2
SVXY,2026-06-12,0,0,1
UFO,2026-06-03,0,687912,6
SPXS,2026-06-06,12600,0,6
KPTI,2026-06-09,0,0,1
DVN,2026-06-12,255516,192642,14
TENX,2026-06-04,311430,0,4
VEL,2026-06-03,0,0,1
NTRA,2026-06-09,56910,0,2
EOSE,2026-06-05,152396,0,10
METU,2026-06-08,0,12600,3
RILY,2026-06-06,0,0,1
ABBV,2026-06-06,95008,0,2
SOLS,2026-06-12,0,0,2
CLSK,2026-06-01,327636,27500,14
QXO,2026-06-10,31900,10000,4
VIX,2026-06-11,963841,0,5
COLO,2026-05-29,17500,0,1
XP,2026-06-12,0,0,1
BEKE,2026-06-03,100555,0,5
AMAT,2026-06-04,296590,142250,9
NICE,2026-06-11,0,0,2
YUM,2026-05-29,26639,0,1
GGLL,2026-06-09,0,0,1
AG,2026-06-08,22960,0,4
UGI,2026-06-10,0,0,3
DJT,2026-05-19,0,0,1
RVMD,2026-05-30,0,16592,2
KRC,2026-06-12,0,0,1
CRWL,2026-05-29,42698,0,1
CDNS,2026-06-04,0,249350,4
MPWR,2026-06-08,0,0,1
ALMU,2026-06-01,0,0,1
AVEX,2026-06-04,0,0,1
CMG,2026-06-11,40980,169500,3
XOM,2026-06-02,110495,0,2
HD,2026-06-01,80990,127690,5
NVAX,2026-06-10,0,0,1
LSCC,2026-06-04,0,0,2
VZ,2026-05-29,0,0,1
KOD,2026-06-09,0,0,1
YPF,2026-06-11,29520,0,1
FIVN,2026-05-30,201489,0,14
XLB,2026-06-11,0,0,5
XRT,2026-06-12,0,37887,2
CRNC,2026-06-05,0,0,1
UDR,2026-06-03,29691,0,2
CYTK,2026-06-05,0,0,1
SATS,2026-06-12,4773399,2636118,191
RNGR,2026-06-03,0,0,1
CYTK,2026-05-29,0,0,1
PTON,2026-06-05,0,21681,1
TSM,2026-06-10,1614913,3175087,63
BLZE,2026-06-05,0,0,1
XME,2026-06-06,161955,59872,6
GSAT,2026-06-04,0,0,1
MAR,2026-06-06,0,113283,1
SPXL,2026-06-04,28200,0,1
OSCR,2026-06-04,112117,0,11
BDX,2026-06-03,142873,0,6
WULF,2026-06-04,529440,77308,13
HAWK,2026-06-01,29434,0,2
KO,2026-05-29,60214,0,1
FLNC,2026-05-30,16708,0,4
DVA,2026-06-02,118991,0,1
AZN,2026-06-10,0,183182,1
RACE,2026-06-04,58820,0,2
TMF,2026-06-11,193428,0,22
ACMR,2026-06-08,0,13830,1
WING,2026-06-12,0,49820,1
GBX,2026-06-08,0,25027,1
OSCR,2026-06-06,415247,0,8
IONQ,2026-06-06,156962,161779,24
METU,2026-06-01,28000,0,2
CRK,2026-06-12,0,0,3
APP,2026-06-09,847740,152320,16
FITB,2026-06-09,73615,0,3
DAL,2026-05-29,133129,124944,5
NRGV,2026-05-29,25000,0,1
NIO,2026-06-02,121198,42918,6
QURE,2026-05-29,94453,0,5
VICR,2026-06-05,0,0,1
WGS,2026-06-04,14400,0,1
FROG,2026-05-30,92039,0,3
VSAT,2026-05-19,0,0,2
AMRC,2026-06-05,12232,0,1
Z,2026-06-06,0,48800,3
BRUN,2026-06-02,40105,0,6
MCHP,2026-05-30,0,1101920,6
BDX,2026-06-02,12480,0,2
IHI,2026-06-12,0,0,1
AEVA,2026-06-05,0,18550,2
BRKR,2026-06-09,0,0,2
UNH,2026-06-06,1326803,359250,30
TLS,2026-06-03,0,0,1
ENLT,2026-06-02,40030,0,2
SNOW,2026-06-05,924713,319731,12
WRD,2026-06-01,13242,0,1
COF,2026-06-09,76320,0,1
CLF,2026-06-01,47539,0,6
ELVN,2026-06-03,125139,11020,4
BYND,2026-06-08,0,0,6
NABL,2026-06-12,134081,0,3
STUB,2026-06-02,44280,0,1
GENI,2026-05-30,0,0,1
PINS,2026-06-06,36252,60545,7
XLF,2026-06-09,1056528,494080,44
DJT,2026-06-01,41500,0,2
KRYS,2026-05-19,0,0,1
ROAD,2026-06-11,12600,0,1
LLY,2026-06-01,890295,0,7
SATL,2026-06-12,0,0,1
IDYA,2026-06-08,0,0,1
ADM,2026-06-02,152610,0,4
TNA,2026-06-10,0,309833,29
ALC,2026-06-05,20870,0,1
TXRH,2026-06-11,0,147180,1
CMC,2026-06-12,15400,0,1
BABA,2026-06-06,189250,22360,22
HUT,2026-06-09,0,11550,11
CENX,2026-06-01,0,0,1
ESLT,2026-06-02,49900,0,1
MJ,2026-05-29,0,0,1
PG,2026-06-01,485696,0,5
CRWV,2026-06-12,5313073,668433,204
EBAY,2026-06-04,97445,0,3
S,2026-06-12,0,0,1
NUAI,2026-06-12,10284,0,1
AGX,2026-06-10,0,0,1
ST,2026-06-03,203348,0,8
DXC,2026-06-03,13319,0,1
GFS,2026-06-01,82620,13490,4
VZ,2026-06-01,0,0,1
DOCU,2026-05-30,11600,11188,4
DAVE,2026-06-02,0,12500,2
TMO,2026-06-01,0,0,1
RACE,2026-06-05,0,0,1
JBHT,2026-06-05,116760,11250,2
MBLY,2026-06-02,0,0,4
QFIN,2026-06-02,940000,0,1
TRMD,2026-06-12,0,0,1
DSGX,2026-06-02,72843,0,3
HUT,2026-06-03,281500,0,10
CHWY,2026-06-06,405055,0,4
SVIX,2026-06-12,0,0,1
FXI,2026-06-04,28140,72593,8
IBM,2026-05-30,2810871,1411718,32
TECK,2026-06-12,0,0,1
DDOG,2026-05-29,2295713,53753,11
GD,2026-06-10,0,0,1
ATI,2026-06-04,0,120082,4
CLOV,2026-06-03,20000,0,2
CELH,2026-05-30,120302,21608,10
BNO,2026-06-12,406504,13002,21
RAMP,2026-06-11,95396,0,1
CDP,2026-06-10,59385,0,3
CHRW,2026-05-19,40714,0,1
TRIP,2026-06-12,27140,688500,2
WYNN,2026-06-12,129624,13330,5
GE,2026-06-03,202260,0,5
FLEX,2026-06-08,400738,0,2
SPY,2026-06-09,16856479,45288138,519
OWL,2026-06-10,15000,38000,4
COKE,2026-06-03,0,0,2
TNL,2026-06-02,21580,0,1
BUD,2026-05-29,63300,0,1
NTRS,2026-05-30,0,0,1
HAWK,2026-06-02,30000,0,1
TXG,2026-06-08,0,0,1
CECO,2026-06-02,0,13532,1
CELC,2026-06-09,41100,0,6
FRO,2026-06-11,21850,0,1
MP,2026-06-01,358217,0,13
LPTH,2026-06-12,24858,0,1
CORN,2026-06-11,0,0,1
LFVN,2026-06-06,0,0,1
CRSP,2026-06-04,160495,0,7
STZ,2026-06-12,2651103,285130,3
POET,2026-06-10,323132,17278,10
SBSW,2026-06-12,0,10000,1
NTLA,2026-06-09,24418,0,1
USAR,2026-06-02,271546,27544,10
EWY,2026-06-08,3274656,857396,40
LMND,2026-06-03,108540,0,2
VIX,2026-06-10,3119151,6246795,26
AISP,2026-05-30,0,0,1
BOX,2026-05-19,75394,0,2
DRAM,2026-06-05,2533977,800764,94
VZ,2026-06-12,0,400153,9
IBIT,2026-06-09,390581,1624166,21
LASE,2026-06-02,26170,0,2
PSKY,2026-06-04,83304,0,5
MGNI,2026-06-02,61038,0,2
PCAR,2026-06-10,0,420570,1
ETN,2026-06-12,402000,93810,4
SEDG,2026-06-04,0,0,2
ABBV,2026-06-01,0,0,1
IONS,2026-06-05,18240,0,1
PINS,2026-06-12,0,236446,8
CRNC,2026-06-08,30249,0,1
CAT,2026-06-03,452452,458480,15
WOLF,2026-06-05,47722,0,16
STM,2026-05-30,198415,0,2
KOLD,2026-06-04,0,0,2
AGX,2026-06-02,0,0,4
DT,2026-06-12,0,0,1
WIX,2026-06-03,0,0,1
DDOG,2026-06-03,391556,323674,13
ALAB,2026-06-04,303407,51450,9
ENTG,2026-05-29,227194,0,1
DLTR,2026-05-19,0,0,2
GBTC,2026-05-19,0,0,1
UFO,2026-06-01,0,1975005,8
DUOL,2026-06-02,47250,184185,12
FDS,2026-06-12,0,0,1
MSTR,2026-06-01,82338,61655,5
URI,2026-06-11,0,1304090,4
JBLU,2026-06-11,0,133366,5
SEZL,2026-06-12,0,0,2
IBM,2026-06-03,8366685,3546265,86
FUBO,2026-06-03,0,0,2
CNI,2026-06-04,164000,0,1
FORM,2026-06-08,0,0,2
HPQ,2026-06-11,10100,61516,4
SAIL,2026-05-29,55180,0,5
SUNB,2026-05-19,0,0,2
TMDX,2026-06-09,21320,0,1
EPD,2026-06-06,0,0,1
ERO,2026-06-05,0,0,4
MARA,2026-05-29,473179,170837,18
ATAI,2026-06-08,0,0,1
ETHA,2026-06-11,58960,153466,18
TAP,2026-06-02,0,253500,5
WHR,2026-06-08,10230,67500,3
NIO,2026-05-30,54022,55146,7
ALLT,2026-06-04,0,288000,1
AGI,2026-06-01,74690,0,2
CBOE,2026-06-10,0,0,1
TWLO,2026-06-02,1856589,974785,32
ASAN,2026-05-30,70000,0,7
GS,2026-06-12,2562525,2132344,32
FMC,2026-06-05,62845,0,2
CNC,2026-06-05,0,507943,3
BNY,2026-06-05,259706,0,4
KGC,2026-06-05,0,0,1
ADSK,2026-06-10,25750,214154,9
LIT,2026-05-30,0,0,1
ONTO,2026-06-10,0,0,2
AVL,2026-06-01,10002,0,1
PUBM,2026-05-19,21860,0,1
GRAL,2026-06-01,0,273600,4
EFA,2026-05-29,242970,0,2
NUGT,2026-06-02,0,0,3
GFS,2026-06-09,488588,0,23
TMQ,2026-06-08,0,0,1
MAGS,2026-06-10,0,0,1
TENX,2026-06-11,0,14823,1
BURL,2026-06-09,0,0,2
BRUN,2026-06-06,0,346850,7
WPC,2026-06-05,0,0,1
IRDM,2026-06-11,95000,16200,4
SHLD,2026-06-10,0,0,1
MITK,2026-06-06,35670,0,2
DINO,2026-06-06,0,0,1
FDX,2026-05-30,0,0,1
HPQ,2026-06-08,0,0,2
TTAN,2026-06-01,237350,0,3
RDW,2026-06-01,244420,90000,22
FFIV,2026-05-19,0,23750,1
TWLO,2026-06-04,244535,103540,12
VALE,2026-06-05,0,80500,2
GLBE,2026-06-02,28060,0,1
CLF,2026-06-05,125187,86143,16
SOXS,2026-06-03,431316,366643,43
SOXL,2026-06-02,756881,2708734,35
CANE,2026-05-19,0,0,1
EDIT,2026-05-30,10705,0,1
BLSH,2026-06-04,35367,19500,4
PBR,2026-06-05,89306,0,2
PG,2026-06-09,116071,0,3
SCO,2026-06-01,13843,0,1
WDC,2026-06-11,122142,246461,8
AMDL,2026-06-12,42660,0,1
KDP,2026-06-12,0,0,1
MSOS,2026-06-10,169445,0,14
TMF,2026-06-08,0,0,2
EXE,2026-06-10,54525,0,4
GRRR,2026-06-03,0,250898,6
PRMB,2026-05-30,2552000,0,1
OSCR,2026-06-02,27270,0,7
CEPT,2026-05-30,0,0,1
CASY,2026-06-04,0,162810,1
VPG,2026-06-02,183950,0,1
ARM,2026-06-10,559834,1441896,28
VSH,2026-06-04,1925791,213994,28
SILJ,2026-06-09,0,0,1
ROOT,2026-06-03,0,79500,1
BSX,2026-06-02,0,68866,2
IREN,2026-05-30,831117,88795,61
ONDS,2026-05-30,1231378,22318,45
STX,2026-06-11,80770,460860,9
XOMA,2026-05-19,0,0,1
SNX,2026-06-02,29370,0,1
INTC,2026-05-30,1088609,556874,20
NRG,2026-06-10,0,0,1
ADI,2026-06-03,338549,171821,8
FDX,2026-06-12,0,120832,2
SMMT,2026-06-11,0,0,2
AGQ,2026-06-06,10420,28548,5
OXY,2026-06-06,0,0,2
TME,2026-05-19,0,0,4
OSCR,2026-06-01,0,0,1
ONTO,2026-06-05,18000,0,3
AMKR,2026-06-10,154725,0,5
META,2026-06-10,1381668,1904490,41
ROKU,2026-06-01,0,0,1
PPL,2026-06-04,13800,0,2
MSOS,2026-06-05,56568,11875,8
VOYG,2026-06-05,0,0,1
SMH,2026-06-12,5406240,4447238,100
RUT,2026-06-06,457640,1888300,7
ACHC,2026-06-05,0,19317,1
CRDO,2026-05-30,284916,0,13
SLV,2026-06-01,633105,269690,48
ONON,2026-06-02,363205,174923,5
WHR,2026-06-10,0,470822,1
SVIX,2026-06-02,0,0,1
SWKS,2026-05-30,29977,0,3
RIVN,2026-06-12,400779,11070,18
ALAB,2026-05-30,436800,0,3
PLTR,2026-06-02,12303300,1445292,137
DNOW,2026-06-11,0,0,5
MP,2026-05-30,197200,0,4
MELI,2026-06-10,0,199100,3
BHP,2026-06-11,231455,0,1
CAT,2026-05-29,159950,252315,8
RGTI,2026-06-11,89792,147372,19
CHRW,2026-06-12,572500,0,1
COF,2026-06-06,147373,0,1
U,2026-05-30,395671,59335,8
MTUM,2026-06-02,0,109478,4
SIDU,2026-06-05,13229,0,1
XPEV,2026-06-12,178986,0,5
HUMA,2026-06-11,0,0,1
AAP,2026-06-01,329200,0,2
ONTO,2026-06-04,338070,0,2
INFQ,2026-06-02,916567,0,34
DASH,2026-06-08,0,0,2
NAIL,2026-06-09,105500,0,2
ENPH,2026-06-03,1945504,10650,92
MARA,2026-06-04,306584,40089,20
ROKU,2026-06-08,13800,59148,5
HIG,2026-06-12,0,267000,1
NVDU,2026-05-29,0,19380,1
EQT,2026-06-04,147321,31436,3
CRWV,2026-06-11,13326466,956941,128
QLD,2026-05-19,0,54000,2
AAOX,2026-06-03,0,0,1
C,2026-06-06,215468,0,6
BRZU,2026-06-03,0,0,1
SEI,2026-06-09,0,0,2
CBRS,2026-06-03,409567,689526,28
BSX,2026-06-04,119464,0,4
CELH,2026-05-29,128973,0,8
APA,2026-06-05,0,0,1
PURR,2026-06-12,164803,51250,12
BRZE,2026-05-29,46785,0,1
INCY,2026-06-10,58991,0,3
AAPL,2026-06-02,10443883,262500,42
TEAM,2026-06-01,391064,0,14
NUE,2026-06-11,244860,0,3
EQX,2026-06-04,15200,0,1
UAA,2026-05-29,0,0,1
SWKS,2026-06-01,0,0,2
COP,2026-06-12,0,117805,2
GWRE,2026-06-04,46498,0,3
EEM,2026-06-11,775563,73843,17
FISV,2026-06-04,0,90770,4
AEHR,2026-06-06,0,0,1
SBAC,2026-06-08,14699,0,1
MTSI,2026-06-08,0,0,2
DE,2026-06-04,227780,284692,6
EQT,2026-05-30,0,0,1
HPQ,2026-05-30,28801,27314,14
GOOGL,2026-06-01,711900,112710,9
ITB,2026-06-04,530000,0,1
ERY,2026-06-11,41384,0,2
WYNN,2026-06-10,23544,0,11
ENPH,2026-06-08,153564,325895,13
FUTU,2026-06-06,152970,250540,3
PAAS,2026-06-01,15100,26800,5
EXE,2026-06-02,1472318,0,2
SILJ,2026-06-05,12495,0,8
RKT,2026-05-30,0,0,5
KRMN,2026-06-10,39000,333500,2
NVDX,2026-06-02,11000,0,1
KLAC,2026-06-02,0,753860,4
CORT,2026-06-12,0,0,1
PPIH,2026-06-05,34646,0,1
CPSH,2026-06-04,0,0,2
BDX,2026-06-06,23040,0,1
AGI,2026-05-29,27000,0,2
DOW,2026-06-04,772406,154366,6
LASR,2026-06-09,433650,0,1
SHLS,2026-05-19,52375,0,4
UUUU,2026-06-02,599708,0,11
IYR,2026-06-03,14450,0,1
RH,2026-06-02,122380,45380,4
BA,2026-06-12,1654464,366768,6
TECH,2026-06-02,0,0,1
AMSC,2026-06-01,0,0,1
A,2026-06-06,0,212960,2
BILL,2026-06-03,0,0,1
MS,2026-06-01,228646,0,2
ACN,2026-06-02,143910,75000,6
COP,2026-06-09,0,99396,1
SATS,2026-06-03,431366,45240,42
ORA,2026-06-08,0,0,1
DKS,2026-05-29,46530,0,2
NOW,2026-06-05,541416,1333137,25
ABNB,2026-06-05,0,0,1
CMCSA,2026-06-11,0,68735,2
ARW,2026-06-03,0,0,1
GEV,2026-06-05,8955382,589292,18
UVXY,2026-06-08,40412,0,2
ASPI,2026-06-01,60251,0,4
XLF,2026-06-11,320112,71550,36
MLYS,2026-06-10,71920,0,1
PBRA,2026-06-05,0,435710,1
GRRR,2026-06-08,0,0,1
WYNN,2026-05-29,132660,14025,5
BB,2026-06-01,519195,0,12
UAMY,2026-06-05,922705,0,6
TENX,2026-06-01,132000,0,2
HROW,2026-06-11,10600,0,1
FSLR,2026-05-30,97820,63775,11
FDX,2026-06-04,236440,0,5
CELH,2026-06-08,0,0,1
CPER,2026-06-12,15000,0,1
NTR,2026-06-03,704090,0,5
FRO,2026-06-03,10500,0,1
XLU,2026-06-05,1127981,257404,8
CRCL,2026-06-12,99459,155991,25
NTR,2026-05-29,0,13685,2
HPQ,2026-06-02,311776,584500,38
BITO,2026-06-02,0,0,3
URA,2026-06-03,36720,57950,8
JOBY,2026-06-05,62762,0,16
OLLI,2026-06-03,380521,50090,16
ZS,2026-06-06,48056,243916,19
HIMX,2026-06-11,43985,0,2
UNG,2026-06-04,72423,0,4
EVER,2026-06-04,100000,0,3
SPOT,2026-06-06,0,0,2
A,2026-06-03,0,0,1
BWA,2026-06-01,17500,0,2
NIO,2026-06-06,164797,15864,9
DFTX,2026-06-04,0,0,1
AME,2026-06-05,0,0,1
BX,2026-06-03,0,50370,7
TSN,2026-06-11,0,0,1
CDNS,2026-06-12,0,0,1
LQD,2026-06-11,19175,0,2
XNDU,2026-05-30,0,0,1
KIE,2026-06-11,0,0,1
GDXJ,2026-06-11,13950,10795,3
UNG,2026-06-06,0,0,1
CF,2026-05-29,0,102800,10
QSR,2026-06-06,0,0,1
RSP,2026-06-05,0,223627,3
V,2026-06-08,208712,0,2
SERV,2026-06-11,308522,73055,21
PUMP,2026-06-03,24310,0,3
CGON,2026-06-04,0,0,1
INSM,2026-06-09,41760,12500,8
MSOS,2026-06-03,12782,0,1
ABNB,2026-05-30,0,65650,1
GDXJ,2026-06-04,30846,0,1
SOLS,2026-05-30,0,0,2
EGO,2026-06-09,0,0,1
CRSR,2026-06-08,14740,0,1
TRGP,2026-06-02,132000,0,1
XME,2026-06-04,34000,0,2
MTSI,2026-06-10,0,0,1
ONTO,2026-06-08,483176,0,2
MOS,2026-06-03,1854657,13096,9
RBLX,2026-06-12,28938,809880,13
CRS,2026-05-19,235009,0,3
XNDU,2026-06-05,0,25007,1
ELV,2026-06-09,0,278131,1
AAP,2026-06-03,0,0,1
ECL,2026-06-08,0,0,2
APPS,2026-06-08,138400,0,2
AVAV,2026-06-10,0,11800,3
A,2026-05-30,12750,31050,3
ORCL,2026-06-08,2475611,976385,35
ARMG,2026-06-01,0,31800,1
RDDT,2026-06-02,1399251,12654,37
BAC,2026-06-02,69825,54627,2
BAC,2026-06-11,1832597,326186,18
MCY,2026-06-05,48470,0,3
LRCX,2026-06-01,495165,181465,19
DG,2026-06-09,201174,0,7
MSFT,2026-06-10,1106652,2249295,39
ESLT,2026-06-06,0,140000,1
MSTR,2026-06-08,2155758,2139674,132
ELV,2026-06-12,244077,0,1
ACHR,2026-05-30,15215,0,4
NRG,2026-06-08,0,13200,1
SKM,2026-06-11,0,67800,8
ESTC,2026-06-08,14750,0,1
ITT,2026-06-03,0,11900,1
SNDU,2026-06-12,28680,0,4
ETSY,2026-06-12,141165,57095,13
SAIC,2026-06-09,0,0,1
SNBR,2026-06-03,0,0,1
ABT,2026-06-12,0,0,1
BNO,2026-05-30,1574251,0,12
KORU,2026-06-10,1091178,954154,28
XLP,2026-06-09,0,461256,2
DE,2026-06-10,0,252390,4
SNDX,2026-06-02,0,0,1
TSEM,2026-05-29,567867,0,4
IAU,2026-06-02,100600,0,1
NTRS,2026-06-03,24894,0,2
DXCM,2026-06-03,0,10080,2
PRCT,2026-06-01,64604,0,3
MBLY,2026-06-11,0,17340,2
CL,2026-06-12,0,76405,1
TER,2026-06-09,78400,0,6
BTBT,2026-06-03,207575,0,8
CMG,2026-06-03,44835,13916,11
UVXY,2026-06-11,400018,13000,9
COST,2026-06-01,267930,0,3
SHLS,2026-06-08,61200,0,2
NKTR,2026-06-05,0,0,2
IOT,2026-06-08,0,0,1
HPP,2026-06-05,0,0,1
RIG,2026-06-03,0,0,1
GLL,2026-06-05,0,0,1
GDS,2026-05-29,0,0,1
KGC,2026-06-08,0,0,1
ETN,2026-06-05,50408,0,3
FLY,2026-06-02,224034,34680,12
FBIN,2026-06-01,88560,0,3
EXPE,2026-06-06,0,30600,3
ELV,2026-06-05,179740,0,3
AMZN,2026-06-09,2939511,1294021,52
FLEX,2026-06-10,0,0,3
WIX,2026-06-11,0,0,2
CBRL,2026-06-09,0,0,1
ETN,2026-06-06,348500,0,1
DIA,2026-06-04,467231,282655,34
ISRG,2026-06-05,201617,0,4
SPCE,2026-05-30,1128782,56605,80
HAL,2026-06-06,529710,54260,3
RMBS,2026-06-12,249480,0,1
ALB,2026-05-29,0,31780,3
RDW,2026-06-09,192943,64280,19
BW,2026-05-19,17250,0,1
LIN,2026-06-05,146680,0,6
MOS,2026-06-05,14100,0,3
ODD,2026-06-03,18642,0,3
IBIT,2026-06-04,6140624,2393318,64
GDXJ,2026-06-02,0,0,1
ETN,2026-06-01,54000,0,2
BKNG,2026-06-10,0,0,3
AMDL,2026-06-09,0,0,2
XMTR,2026-06-03,0,58824,2
OILK,2026-06-03,0,0,1
EC,2026-06-11,0,0,2
SYK,2026-05-30,64799,0,2
DGX,2026-06-11,0,0,2
APLD,2026-05-30,148034,0,14
IBB,2026-06-12,0,0,1
ESTC,2026-06-10,0,99360,1
DY,2026-06-02,0,0,3
PCVX,2026-06-05,20750,0,1
CLF,2026-06-08,48500,0,9
EL,2026-06-08,0,0,1
NCLH,2026-06-09,0,255789,1
EWZ,2026-06-03,102660,58361,10
RCAT,2026-06-11,26163,0,2
FTV,2026-06-02,21120,0,2
NVDA,2026-06-12,11024593,4930733,119
ALLY,2026-06-12,56110,0,4
OTLK,2026-06-11,60950,0,3
GPN,2026-06-06,0,59125,1
WGMI,2026-06-06,0,248660,5
MP,2026-06-10,36075,293450,10
FIVN,2026-06-08,16132,0,1
AMPX,2026-06-09,35000,10000,3
AVTR,2026-06-12,12225,0,1
TER,2026-05-30,0,0,1
ABVX,2026-06-02,596977,26250,29
LNG,2026-06-05,112860,0,2
TME,2026-06-10,0,0,1
V,2026-06-02,1017780,558530,8
KR,2026-05-30,190555,0,3
AXON,2026-06-01,55455,0,4
MXL,2026-06-09,0,45760,6
AMTM,2026-06-02,0,0,1
IEF,2026-06-12,81696,446287,9
SBSW,2026-06-11,0,0,1
SKM,2026-06-10,248940,29192,10
SYM,2026-05-30,0,0,5
IBRX,2026-06-02,32919,0,2
IMVT,2026-06-02,19180,24570,2
CELH,2026-06-04,53053,36647,6
PFE,2026-06-11,263378,217118,7
NUVL,2026-06-09,0,0,5
APP,2026-06-10,307492,1188220,19
OKTA,2026-06-05,193700,0,12
XOMA,2026-06-05,23329,0,1
MTSI,2026-06-06,0,269640,3
ADM,2026-06-10,96310,0,1
CHWY,2026-05-30,15600,12001,5
SJM,2026-06-02,12400,0,2
RVLV,2026-06-11,85050,0,6
PANW,2026-06-10,72810,350502,15
ADM,2026-05-29,51600,0,2
ONTO,2026-06-11,126630,0,2
BITO,2026-06-03,0,0,2
TXG,2026-06-01,0,0,1
INSM,2026-06-05,0,63900,2
BRUN,2026-05-29,20400,0,4
ICHR,2026-05-30,53760,0,2
AG,2026-06-04,0,56320,5
AMSC,2026-06-06,0,0,2
ZTS,2026-06-05,52255,13263,11
SNPS,2026-06-03,0,204140,2
LXU,2026-05-19,0,0,1
KLAR,2026-06-09,0,0,2
CONL,2026-06-04,17413,0,1
CRMD,2026-05-19,0,0,1
NVTS,2026-06-04,1233032,179926,41
SOXX,2026-06-12,500352,2234963,44
QLD,2026-06-04,0,0,1
RUT,2026-06-03,0,232560,3
NVAX,2026-06-03,0,0,1
GAP,2026-06-10,0,0,2
CHTR,2026-06-10,47607,620948,8
PWR,2026-06-04,851360,0,2
DY,2026-06-06,0,0,1
ECL,2026-05-30,0,0,1
LMT,2026-06-03,0,166530,1
GE,2026-06-09,0,0,1
CMCSA,2026-06-01,0,102830,1
EXK,2026-06-09,22000,0,1
ONON,2026-06-04,26917,10440,6
MAA,2026-06-06,44000,0,1
CAKE,2026-06-11,15810,0,1
SM,2026-06-02,0,0,1
CVNA,2026-06-02,1025566,130667,13
MRNA,2026-06-02,26105,60567,5
TSSI,2026-06-01,60000,0,1
SOC,2026-06-06,62180,0,5
APH,2026-06-05,0,129005,7
LEVI,2026-05-30,0,258397,1
RUT,2026-05-29,122500,612280,6
PURR,2026-05-30,722237,0,8
DXYZ,2026-06-08,13500,0,4
EQPT,2026-06-02,0,0,1
ABAT,2026-05-19,0,31501,2
ASML,2026-06-03,947152,606120,8
MDB,2026-06-05,827535,76184,22
PPL,2026-06-03,48800,0,2
FRMI,2026-06-04,26250,173655,13
TQQQ,2026-06-11,1026239,1439847,83
ONDS,2026-06-02,847390,26975,64
VKTX,2026-06-09,0,13609,4
SHLS,2026-06-10,0,0,4
CIB,2026-06-11,34099,0,1
EWZ,2026-05-30,129148,0,5
SHLS,2026-06-05,0,21780,5
MELI,2026-06-11,0,610171,12
BYND,2026-06-01,27000,0,1
MDT,2026-06-06,179728,0,1
AG,2026-06-12,321461,42360,12
AIG,2026-06-11,0,0,1
TNL,2026-06-03,13650,0,1
MX,2026-06-12,16489,0,1
COST,2026-06-04,2379495,1008305,24
ASTS,2026-06-09,1436340,472882,99
AGX,2026-06-11,0,27600,2
GDDY,2026-06-02,69639,0,2
GOOGL,2026-06-09,6024144,2748759,76
WULF,2026-06-02,524758,88238,36
BSX,2026-06-12,0,55396,3
PL,2026-06-01,39550,44800,8
ADTN,2026-06-03,35004,0,1
EXE,2026-06-03,16922,0,3
TMDX,2026-05-30,0,60000,1
EXPE,2026-05-30,0,358255,2
SOXL,2026-06-12,4353334,5136437,181
ZS,2026-06-08,56774,324832,11
ASST,2026-06-11,0,15360,1
TDG,2026-06-06,0,161700,1
AOSL,2026-05-30,196930,0,6
METC,2026-06-11,16575,0,2
GDX,2026-06-11,103057,161555,30
PRMB,2026-06-04,0,0,1
SIRI,2026-05-30,0,0,1
CSGP,2026-06-02,36680,27250,4
SGHC,2026-06-01,14000,0,1
NASA,2026-06-03,64466,0,12
ETHA,2026-06-09,246252,146910,40
PENG,2026-05-30,0,0,1
NIO,2026-06-09,0,0,1
DNOW,2026-06-08,420955,0,3
KRE,2026-05-30,0,171094,5
TOL,2026-06-12,10355,0,2
ALLT,2026-05-19,55000,0,1
MSGS,2026-06-04,140400,0,1
POWI,2026-06-12,0,0,1
QURE,2026-06-06,25200,0,2
RBLX,2026-06-09,207638,17100,17
FLUT,2026-06-10,101200,0,7
CYRX,2026-06-03,0,0,1
MCD,2026-05-29,0,0,1
HUMA,2026-06-06,0,52030,3
CHWY,2026-06-02,51874,0,4
ARRY,2026-05-29,21420,0,4
GOOG,2026-06-01,390560,0,9
LHX,2026-06-08,0,0,1
BELFB,2026-06-12,127400,0,1
UAL,2026-05-30,0,135374,8
PANW,2026-06-05,253370,378896,9
LAC,2026-05-19,0,0,2
OSS,2026-06-08,0,0,1
LYFT,2026-06-01,137894,0,7
FSLY,2026-06-05,70078,0,4
TBCH,2026-06-02,0,0,3
AAL,2026-06-10,0,74894,12
BIRK,2026-06-08,0,47000,2
RGLD,2026-06-04,0,0,2
SPIR,2026-06-02,10080,0,1
URI,2026-06-08,0,0,1
DELL,2026-06-06,1250020,373420,20
DXC,2026-06-12,40018,0,3
NASA,2026-06-05,205824,0,12
OMER,2026-06-12,0,30780,3
AXP,2026-05-19,53105,706758,3
UEC,2026-06-10,12240,0,4
TIC,2026-06-11,0,0,1
ODFL,2026-06-11,0,0,1
WOLF,2026-06-01,516314,131480,9
HLT,2026-06-05,188050,0,3
CSX,2026-06-10,74462,0,2
CRM,2026-06-12,110544,204300,8
SCHG,2026-06-11,0,0,1
CVNA,2026-06-05,880041,239067,24
FLR,2026-06-06,271530,0,2
WGS,2026-06-09,0,0,1
DEI,2026-06-06,0,0,2
CNS,2026-06-03,0,0,1
NUKZ,2026-06-12,17800,0,1
ABCL,2026-06-01,44308,11000,3
ON,2026-06-08,152620,0,8
ORBS,2026-06-05,0,47960,4
WDAY,2026-06-04,34488,0,3
SOXX,2026-06-02,171017,1469627,27
SRAD,2026-06-10,16050,0,8
CROX,2026-06-09,1060722,0,8
CVX,2026-06-11,491069,755063,12
SNOW,2026-06-06,0,110965,11
SHLS,2026-05-29,0,0,2
MVLL,2026-06-03,53770,0,1
FIVN,2026-06-11,160851,0,10
TER,2026-06-02,0,72752,1
SIMO,2026-06-08,0,0,1
AMAT,2026-06-10,1719420,1300655,28
GFS,2026-06-10,0,25610,8
LITE,2026-06-11,612860,70600,11
COST,2026-06-12,702864,838140,7
MRLN,2026-06-09,0,0,3
SMH,2026-06-10,3486599,7695514,127
PH,2026-06-05,0,79892,2
PAAS,2026-06-12,39621,70560,3
ZIM,2026-06-08,0,0,1
ON,2026-06-02,718864,0,14
NAK,2026-06-06,15000,0,1
CROX,2026-06-08,179630,0,3
SATS,2026-06-02,66978,121074,16
ABVX,2026-06-10,12600,0,5
OSCR,2026-06-11,0,0,3
CSCO,2026-06-08,0,0,5
TXN,2026-06-03,580904,2236323,16
LSCC,2026-05-30,0,0,1
MSGS,2026-06-06,0,0,1
CORZ,2026-06-06,392995,45565,10
IHI,2026-05-30,0,0,4
CDNS,2026-05-30,0,246161,2
XRT,2026-06-09,201430,0,7
EWY,2026-06-03,963342,1341352,53
ALAB,2026-06-11,60001,69370,5
CHKP,2026-06-04,33989,0,2
ASND,2026-06-11,0,29180,5
VIPS,2026-05-29,21000,0,1
CMCSA,2026-06-06,0,196688,2
MTN,2026-06-09,18700,0,2
GOOGL,2026-06-05,11645154,879959,38
RIO,2026-06-11,175790,0,1
FCX,2026-06-03,1060498,352104,19
SATS,2026-06-08,367307,58670,16
SIG,2026-06-09,106270,0,5
ETSY,2026-06-04,32670,0,4
EWZ,2026-06-06,0,0,3
HNGE,2026-06-05,203433,1126913,19
SA,2026-06-02,0,0,1
KO,2026-06-12,138060,57028,5
TTWO,2026-06-10,97820,361392,14
SPCE,2026-06-08,0,0,1
SIRI,2026-06-05,99190,0,5
PAAS,2026-05-30,14400,25800,2
FLNC,2026-06-11,0,0,3
XYZ,2026-06-11,11387,589405,9
SATS,2026-06-04,3155998,426580,67
STLD,2026-06-04,24420,0,1
ARKG,2026-06-06,312895,25800,12
MNDY,2026-06-08,228310,0,1
APD,2026-05-29,0,83720,2
TWST,2026-06-11,0,0,1
HIMS,2026-06-04,1028745,109457,56
AVGO,2026-05-30,3758798,3171941,28
TWLO,2026-05-30,80403,93093,9
DHR,2026-05-30,0,0,1
MA,2026-05-30,0,78855,2
VTR,2026-06-02,129620,0,2
CPB,2026-06-02,0,0,2
HUN,2026-06-12,31000,0,1
RIG,2026-05-30,31350,0,2
RGLD,2026-06-05,0,0,1
JBHT,2026-06-03,0,0,1
WMT,2026-06-05,226026,0,3
CEVA,2026-06-06,0,0,1
FLY,2026-06-10,0,0,2
SPXS,2026-06-02,0,0,1
SAP,2026-06-03,0,61070,1
VSH,2026-06-10,52546,0,11
TER,2026-06-11,76010,0,4
SPXU,2026-06-06,50840,0,1
XOP,2026-06-01,37221,0,2
SEZL,2026-05-29,35425,0,2
ALK,2026-06-11,182520,83230,6
OKE,2026-06-03,0,0,1
KOPN,2026-05-30,0,0,1
GNRC,2026-05-29,62790,0,2
JPM,2026-06-11,0,2474629,5
PFSI,2026-06-09,46350,0,2
FXI,2026-06-02,110145,107840,10
CLSK,2026-06-12,65900,60050,8
CSIQ,2026-06-12,0,0,1
SWKS,2026-06-04,56000,0,5
HAWK,2026-05-30,0,0,1
DPST,2026-06-05,52000,0,1
BHC,2026-05-29,10750,0,1
ECH,2026-06-03,608170,0,2
VFC,2026-06-04,0,0,1
APPS,2026-05-29,13500,0,8
AAOX,2026-06-05,54965,116300,4
EUFN,2026-06-03,0,0,1
BNO,2026-06-04,253842,0,16
MULL,2026-06-11,68000,0,1
PANW,2026-05-29,2712130,0,18
SEI,2026-06-08,22000,0,2
WHR,2026-06-12,133345,0,5
IBM,2026-06-12,332395,239773,13
CSX,2026-05-19,3780000,0,1
ON,2026-06-01,40850,0,5
GILD,2026-06-11,0,0,1
TDG,2026-06-12,1300000,0,1
OII,2026-06-03,18800,0,2
USB,2026-06-01,57984,0,1
TOYO,2026-06-03,0,78800,4
FLYW,2026-05-29,0,0,1
ES,2026-06-10,0,0,1
DUOL,2026-06-03,0,39680,3
BEP,2026-06-03,14595,0,1
SMTC,2026-06-02,179068,0,7
SPCE,2026-06-01,1309655,130158,87
TECL,2026-05-30,0,50000,3
BILI,2026-05-29,12850,59674,8
BIDU,2026-06-09,152742,787180,34
ZM,2026-06-04,79930,64670,6
DKNG,2026-06-03,75573,0,6
OKLL,2026-06-02,54550,0,2
LEGN,2026-06-02,22499,0,5
IBM,2026-06-11,567740,1307767,12
NTNX,2026-06-12,0,10200,2
LASE,2026-06-08,0,0,3
MRK,2026-06-06,0,92150,3
ENPH,2026-06-06,302249,411871,21
OLED,2026-06-08,0,10890,1
CXDO,2026-06-10,0,0,1
JCI,2026-06-10,0,196950,1
OIH,2026-06-01,0,0,1
CELH,2026-06-05,268920,710375,18
ICLR,2026-06-12,13500,0,3
BLDR,2026-06-05,13750,0,5
MCHP,2026-06-03,60046,750150,10
ENPH,2026-06-11,0,248120,8
BSX,2026-05-29,2128162,0,28
GOOGL,2026-06-10,16030436,1078025,32
KLAR,2026-06-12,0,741200,1
DIN,2026-06-03,0,0,1
TD,2026-06-09,0,0,1
AI,2026-06-09,0,0,1
AMZN,2026-06-10,4358688,4403064,51
VERU,2026-06-09,13770,0,1
SPOT,2026-05-30,0,54960,3
BTQ,2026-06-05,78000,0,3
ASO,2026-06-10,0,0,1
MCD,2026-06-10,394830,0,5
JOBY,2026-05-30,151355,24390,6
BIRK,2026-06-02,0,17325,5
NTR,2026-06-12,0,0,2
NUE,2026-05-30,73370,149615,3
IBRX,2026-06-10,0,0,1
SIMO,2026-06-01,0,0,1
HAL,2026-05-30,59535,0,2
AMBA,2026-06-08,0,0,1
BYD,2026-06-01,163100,0,1
HD,2026-06-10,60620,200499,4
NTAP,2026-06-02,208414,291440,11
GGLL,2026-06-02,211019,105000,2
DD,2026-06-02,122960,0,3
KGC,2026-06-01,79200,0,2
NVDA,2026-06-01,1618609,2645052,47
BX,2026-06-10,144480,79985,3
GNRC,2026-06-11,530518,0,8
HSY,2026-06-03,37760,0,3
SEZL,2026-06-08,58140,0,3
TYL,2026-06-01,25300,0,1
GRPN,2026-06-06,0,0,1
PNC,2026-06-09,71545,0,1
SJM,2026-06-11,298040,0,4
ASML,2026-06-02,670500,4963224,17
MPT,2026-06-10,0,0,1
VGK,2026-06-02,0,0,1
SMCI,2026-06-12,3485541,452462,175
CLOV,2026-05-30,0,15000,2
ACHV,2026-06-05,10890,0,1
CGON,2026-05-19,33547,0,1
EXE,2026-06-08,110120,200685,5
LOW,2026-06-05,113340,0,3
RXRX,2026-06-04,12000,0,2
QUBT,2026-05-29,125511,14592,10
BULL,2026-06-01,47386,0,1
INOD,2026-06-09,62340,21040,3
ICLR,2026-05-30,190327,0,2
MAT,2026-05-29,11250,0,1
ANET,2026-06-01,0,0,4
COST,2026-06-06,3307140,272153,16
LULU,2026-06-05,2314225,1827423,98
CRVS,2026-06-10,39900,0,2
XMTR,2026-06-01,0,13300,2
ILMN,2026-06-04,0,0,1
BE,2026-06-10,598249,1677415,35
ZETA,2026-06-05,273531,185820,4
PANW,2026-06-11,1270253,1798474,19
NOG,2026-06-11,0,35480,2
GSIT,2026-06-02,13000,0,1
IMSR,2026-06-08,0,0,6
ORA,2026-06-06,0,47578,2
FCX,2026-06-09,0,170840,7
AMD,2026-06-09,18395216,8419388,86
CLFD,2026-05-29,0,0,1
ARE,2026-05-29,0,0,1
METC,2026-05-29,453962,0,22
ZIM,2026-06-04,0,0,1
COP,2026-05-30,0,124320,1
KORU,2026-06-11,196560,311906,5
UWMC,2026-06-12,39196,0,1
CRM,2026-06-08,210572,0,12
SPOT,2026-06-02,510946,0,4
AOSL,2026-06-01,0,0,1
AKAM,2026-06-10,97100,12040,7
DXCM,2026-06-02,0,0,2
XBI,2026-06-06,11232,268005,15
SEI,2026-06-06,0,86100,1
XLV,2026-05-30,12740,49429,4
HYMC,2026-06-10,65754,0,5
KHC,2026-06-04,94616,0,4
XLI,2026-06-11,173031,113675,26
MELI,2026-05-30,487020,374800,6
UNP,2026-06-06,0,0,1
OWL,2026-06-12,0,0,1
TER,2026-06-03,1623398,0,7
WSM,2026-06-12,84512,0,3
IT,2026-06-03,0,0,1
LQD,2026-06-01,26595,0,1
TAP,2026-05-30,0,10640,1
NE,2026-06-12,330000,0,2
METU,2026-06-02,23600,37400,4
SBSW,2026-06-09,28000,0,3
PAYC,2026-06-05,0,0,1
BULL,2026-06-02,11979,0,2
P,2026-06-02,100679,0,9
SOLS,2026-05-29,502534,0,3
COHR,2026-06-04,0,677343,6
NUE,2026-06-06,0,0,1
SQQQ,2026-06-02,202378,12710,13
SPCE,2026-06-05,125500,23976,9
EWY,2026-06-02,1914804,6384499,71
LOGI,2026-06-01,0,0,2
PALL,2026-06-11,0,0,1
MTN,2026-05-30,0,0,1
CLSK,2026-05-30,43639,16549,13
AMGN,2026-06-03,0,126485,2
MRAM,2026-06-12,0,0,2
RHI,2026-06-11,12600,0,1
EMN,2026-05-30,10080,0,1
CTSH,2026-06-02,0,12260,3
TNA,2026-06-01,0,86865,4
BANC,2026-06-01,10000,0,1
GRPN,2026-05-30,0,90675,3
VEEV,2026-06-09,86800,34280,14
VKTX,2026-05-30,0,0,1
AVBP,2026-06-10,13915,0,1
FLUT,2026-06-02,204450,32300,5
COIN,2026-06-06,731113,1284770,78
CPER,2026-06-04,13975,0,4
TPL,2026-06-03,0,0,1
PL,2026-06-06,72250,0,7
UUUU,2026-06-10,77203,0,3
DINO,2026-06-12,0,0,1
AGX,2026-06-06,0,0,1
DLTR,2026-06-03,0,35631,5
FJET,2026-06-01,36270,0,1
AMZN,2026-06-05,785239,1429528,17
ABT,2026-06-09,0,0,1
TSEM,2026-06-05,0,82000,5
RRR,2026-06-03,0,0,1
WM,2026-06-02,124156,0,1
FROG,2026-05-29,56880,0,2
GAP,2026-06-08,64241,0,3
MNDY,2026-06-03,0,20721,4
MSTR,2026-05-30,1833017,1715420,31
TTWO,2026-06-03,122939,0,4
GD,2026-06-12,193356,293048,4
SQNS,2026-06-11,0,25008,1
TSM,2026-05-30,967525,364140,19
LMT,2026-06-04,159600,0,2
LUV,2026-05-30,20364,11000,3
FIG,2026-06-12,259145,2134086,13
SMTC,2026-06-06,0,0,2
VSAT,2026-06-10,0,25081,1
ADSK,2026-05-29,68015,155589,3
PSX,2026-06-03,522876,220621,5
CTSH,2026-06-03,11540,21750,4
MARA,2026-06-02,162816,79713,24
ROOT,2026-06-02,88783,0,1
ASX,2026-06-05,193346,0,2
ETHD,2026-06-04,0,0,1
SNBR,2026-06-05,0,0,1
NXT,2026-06-12,20376,665970,6
AOSL,2026-06-04,29500,0,4
GPN,2026-06-09,0,18190,1
DGXX,2026-06-12,149025,0,2
RXRX,2026-06-03,29440,0,2
RSP,2026-06-12,0,73940,2
AAL,2026-06-11,0,23347,4
INOD,2026-06-05,149466,0,8
V,2026-06-06,0,0,1
NEE,2026-06-12,58000,51060,2
VISN,2026-06-12,12995,0,2
CPER,2026-06-09,0,0,2
BB,2026-06-08,59585,0,4
HSY,2026-06-02,0,40210,6
NASA,2026-06-10,84867,0,6
SOXL,2026-06-06,808234,8272190,231
CACI,2026-06-04,217209,0,1
MOD,2026-06-11,26250,258263,7
NTNX,2026-06-09,0,0,1
AGL,2026-06-04,115229,0,5
NICE,2026-06-01,20500,0,1
LABU,2026-06-06,0,63000,5
NNE,2026-06-10,0,0,1
NVDA,2026-05-30,37242048,3468918,156
MMM,2026-06-10,0,0,2
SITM,2026-06-02,0,256720,7
SPXL,2026-06-05,0,0,2
WU,2026-06-02,49999,0,2
RIOT,2026-06-02,126550,65436,29
PTON,2026-06-09,12000,0,2
IBM,2026-06-08,0,189935,8
SOC,2026-06-01,164936,0,5
BILL,2026-05-30,15383,10000,3
INFQ,2026-06-03,371068,40972,36
VIAV,2026-06-02,1098598,0,10
TSLA,2026-06-10,15435309,15295098,235
FSLR,2026-06-11,125335,32305,16
GPRE,2026-06-10,0,0,1
SGI,2026-06-12,0,243062,2
AEE,2026-05-19,0,0,1
FMC,2026-06-08,13500,0,1
VOOV,2026-06-02,52800,0,1
TMC,2026-06-01,23040,0,1
FIVE,2026-06-05,385740,29110,7
BOX,2026-06-02,21998,0,2
JCI,2026-06-02,319179,0,2
CMG,2026-05-30,0,91224,3
XYZ,2026-06-08,54041,0,11
COIN,2026-06-11,376954,654552,52
ICLR,2026-05-19,0,0,1
APH,2026-06-09,492707,0,6
PWR,2026-05-19,0,0,3
KLAC,2026-06-05,718420,0,3
CPB,2026-06-05,0,118930,2
MRK,2026-06-02,0,0,1
MCK,2026-06-09,0,0,1
AXON,2026-06-11,0,464220,3
MDB,2026-05-30,692475,396182,32
APLD,2026-06-01,80267,132421,13
TOST,2026-05-30,0,0,2
ASYS,2026-06-12,0,0,1
LUV,2026-06-11,29625,0,3
URNM,2026-06-12,117000,0,1
BTBT,2026-06-02,35226,0,1
FSLY,2026-06-09,0,220720,3
MDLZ,2026-06-01,79950,75525,2
FERG,2026-06-06,0,0,1
MGTX,2026-06-05,0,0,1
FUTU,2026-06-01,328664,0,8
JPM,2026-06-10,232920,435147,10
PRU,2026-06-04,20100,0,2
EQPT,2026-05-29,0,0,2
BLSH,2026-06-03,0,0,1
DCTH,2026-06-10,21640,0,1
CORT,2026-06-10,0,162750,3
KDP,2026-06-11,0,15510,5
CRH,2026-06-11,0,676800,2
LCID,2026-06-06,11193,0,2
DKS,2026-06-08,0,0,1
CLS,2026-06-11,946320,11704,7
INOD,2026-06-10,21830,0,3
PGEN,2026-06-04,171600,0,2
PURR,2026-06-04,266456,144842,17
KOPN,2026-06-09,0,0,1
GLNG,2026-06-08,0,30445,1
SNDU,2026-06-03,52024,0,1
ADM,2026-06-11,0,0,1
SHLS,2026-06-12,0,0,1
AGQ,2026-05-19,57476,0,3
ATI,2026-06-02,23100,0,1
LWLG,2026-06-12,54576,0,2
COO,2026-06-04,62999,0,1
BE,2026-06-02,2838991,139733,24
PHM,2026-06-03,0,0,1
SOXX,2026-06-04,54760,1223163,52
DHI,2026-06-12,153240,0,5
CSIQ,2026-06-06,0,0,1
EVC,2026-06-08,185520,0,1
RUM,2026-06-04,31675,0,4
MXL,2026-06-06,37200,0,6
ULS,2026-06-02,0,0,1
AMDD,2026-06-06,14525,0,1
TTWO,2026-06-01,335368,44950,7
DECK,2026-06-11,0,0,3
TTD,2026-06-11,88342,211980,15
RKLX,2026-06-05,14000,0,2
CRL,2026-05-30,0,0,2
XLY,2026-06-11,44550,195790,9
MLCO,2026-06-12,15335,0,1
ZSL,2026-06-01,0,0,1
HTZ,2026-06-09,14560,0,1
BMNR,2026-06-11,388826,0,14
CTAS,2026-06-09,0,0,1
TE,2026-06-02,2600370,21750,60
WTI,2026-06-11,0,0,1
TPB,2026-06-02,106300,0,4
NU,2026-06-02,3854638,11414,68
INTU,2026-06-03,76320,292601,9
FEZ,2026-06-10,189842,0,10
DIA,2026-06-08,0,56142,8
DPST,2026-06-12,10174,0,2
KR,2026-06-10,0,10320,1
IBM,2026-06-10,237285,418176,17
SWK,2026-06-12,281200,0,1
EWG,2026-05-19,0,0,1
FN,2026-06-09,0,0,1
RRC,2026-06-11,124760,0,1
BTBT,2026-06-01,66296,0,2
TRIP,2026-05-30,35770,0,1
SG,2026-06-10,400875,0,7
NNE,2026-06-06,0,0,3
SPG,2026-06-09,144100,0,1
Z,2026-06-12,13750,0,1
ICLR,2026-06-06,0,18860,3
CLOV,2026-06-10,59986,0,6
AUR,2026-06-08,50600,0,1
MKSI,2026-06-10,0,0,1
GGAL,2026-06-09,0,1194000,4
SATS,2026-06-01,562470,797530,31
IWM,2026-06-08,1590047,3732669,37
FWONK,2026-06-04,0,0,5
SLB,2026-06-05,72000,0,4
PGR,2026-06-11,0,67680,1
SNAP,2026-06-08,147103,30000,8
CELC,2026-06-02,373552,93720,18
AA,2026-06-02,0,277544,8
IYW,2026-06-02,0,0,1
W,2026-06-11,101297,122130,12
LII,2026-06-10,0,0,1
GDX,2026-06-04,63380,508219,22
CYTK,2026-06-02,31860,0,2
CRGY,2026-06-09,175000,0,6
ADEA,2026-06-09,0,0,2
ALLY,2026-06-02,63181,0,2
RARE,2026-05-19,0,44821,1
JEF,2026-06-02,0,0,1
CAVA,2026-06-09,44030,0,10
MAA,2026-06-02,0,0,1
BBAI,2026-06-01,68632,0,6
BLK,2026-05-30,0,57400,1
XLC,2026-06-04,0,0,1